[22-Mar-2025 05:23:01 Europe/Berlin] PHP Warning:  require_once(C:/xampp/htdocs/config/config.php): Failed to open stream: No such file or directory in C:\xampp\htdocs\ds_min\pg\deeplearning\main_header.php on line 15
[22-Mar-2025 05:23:01 Europe/Berlin] PHP Fatal error:  Uncaught Error: Failed opening required 'C:/xampp/htdocs/config/config.php' (include_path='C:\xampp\php\PEAR') in C:\xampp\htdocs\ds_min\pg\deeplearning\main_header.php:15
Stack trace:
#0 C:\xampp\htdocs\ds_min\pg\deeplearning\index.php(21): include_once()
#1 {main}
  thrown in C:\xampp\htdocs\ds_min\pg\deeplearning\main_header.php on line 15
[22-Mar-2025 05:23:03 Europe/Berlin] PHP Warning:  require_once(C:/xampp/htdocs/config/config.php): Failed to open stream: No such file or directory in C:\xampp\htdocs\ds_min\pg\deeplearning\main_header.php on line 15
[22-Mar-2025 05:23:03 Europe/Berlin] PHP Fatal error:  Uncaught Error: Failed opening required 'C:/xampp/htdocs/config/config.php' (include_path='C:\xampp\php\PEAR') in C:\xampp\htdocs\ds_min\pg\deeplearning\main_header.php:15
Stack trace:
#0 C:\xampp\htdocs\ds_min\pg\deeplearning\index.php(21): include_once()
#1 {main}
  thrown in C:\xampp\htdocs\ds_min\pg\deeplearning\main_header.php on line 15
[22-Mar-2025 05:24:32 Europe/Berlin] PHP Warning:  Undefined variable $connection in C:\xampp\htdocs\ds_min\pg\deeplearning\main_header.php on line 133
[22-Mar-2025 05:24:32 Europe/Berlin] PHP Fatal error:  Uncaught Error: Call to a member function query() on null in C:\xampp\htdocs\ds_min\pg\deeplearning\main_header.php:105
Stack trace:
#0 C:\xampp\htdocs\ds_min\pg\deeplearning\main_header.php(133): getGrowthInformation(NULL)
#1 C:\xampp\htdocs\ds_min\pg\deeplearning\index.php(21): include_once('C:\\xampp\\htdocs...')
#2 {main}
  thrown in C:\xampp\htdocs\ds_min\pg\deeplearning\main_header.php on line 105
[22-Mar-2025 05:24:33 Europe/Berlin] PHP Warning:  Undefined variable $connection in C:\xampp\htdocs\ds_min\pg\deeplearning\main_header.php on line 133
[22-Mar-2025 05:24:33 Europe/Berlin] PHP Fatal error:  Uncaught Error: Call to a member function query() on null in C:\xampp\htdocs\ds_min\pg\deeplearning\main_header.php:105
Stack trace:
#0 C:\xampp\htdocs\ds_min\pg\deeplearning\main_header.php(133): getGrowthInformation(NULL)
#1 C:\xampp\htdocs\ds_min\pg\deeplearning\index.php(21): include_once('C:\\xampp\\htdocs...')
#2 {main}
  thrown in C:\xampp\htdocs\ds_min\pg\deeplearning\main_header.php on line 105
[22-Mar-2025 05:24:34 Europe/Berlin] PHP Warning:  Undefined variable $connection in C:\xampp\htdocs\ds_min\pg\deeplearning\main_header.php on line 133
[22-Mar-2025 05:24:34 Europe/Berlin] PHP Fatal error:  Uncaught Error: Call to a member function query() on null in C:\xampp\htdocs\ds_min\pg\deeplearning\main_header.php:105
Stack trace:
#0 C:\xampp\htdocs\ds_min\pg\deeplearning\main_header.php(133): getGrowthInformation(NULL)
#1 C:\xampp\htdocs\ds_min\pg\deeplearning\index.php(21): include_once('C:\\xampp\\htdocs...')
#2 {main}
  thrown in C:\xampp\htdocs\ds_min\pg\deeplearning\main_header.php on line 105
[22-Mar-2025 05:24:35 Europe/Berlin] PHP Warning:  Undefined variable $connection in C:\xampp\htdocs\ds_min\pg\deeplearning\main_header.php on line 133
[22-Mar-2025 05:24:35 Europe/Berlin] PHP Fatal error:  Uncaught Error: Call to a member function query() on null in C:\xampp\htdocs\ds_min\pg\deeplearning\main_header.php:105
Stack trace:
#0 C:\xampp\htdocs\ds_min\pg\deeplearning\main_header.php(133): getGrowthInformation(NULL)
#1 C:\xampp\htdocs\ds_min\pg\deeplearning\index.php(21): include_once('C:\\xampp\\htdocs...')
#2 {main}
  thrown in C:\xampp\htdocs\ds_min\pg\deeplearning\main_header.php on line 105
[22-Mar-2025 05:25:49 Europe/Berlin] PHP Fatal error:  Uncaught mysqli_sql_exception: Table 'persemaian_cabai.growth_information' doesn't exist in C:\xampp\htdocs\ds_min\pg\deeplearning\main_header.php:105
Stack trace:
#0 C:\xampp\htdocs\ds_min\pg\deeplearning\main_header.php(105): mysqli->query('SELECT gi.growt...')
#1 C:\xampp\htdocs\ds_min\pg\deeplearning\main_header.php(133): getGrowthInformation(Object(mysqli))
#2 C:\xampp\htdocs\ds_min\pg\deeplearning\index.php(21): include_once('C:\\xampp\\htdocs...')
#3 {main}
  thrown in C:\xampp\htdocs\ds_min\pg\deeplearning\main_header.php on line 105
[22-Mar-2025 05:25:49 Europe/Berlin] PHP Fatal error:  Uncaught mysqli_sql_exception: Table 'persemaian_cabai.growth_information' doesn't exist in C:\xampp\htdocs\ds_min\pg\deeplearning\main_header.php:105
Stack trace:
#0 C:\xampp\htdocs\ds_min\pg\deeplearning\main_header.php(105): mysqli->query('SELECT gi.growt...')
#1 C:\xampp\htdocs\ds_min\pg\deeplearning\main_header.php(133): getGrowthInformation(Object(mysqli))
#2 C:\xampp\htdocs\ds_min\pg\deeplearning\index.php(21): include_once('C:\\xampp\\htdocs...')
#3 {main}
  thrown in C:\xampp\htdocs\ds_min\pg\deeplearning\main_header.php on line 105
[22-Mar-2025 05:25:50 Europe/Berlin] PHP Fatal error:  Uncaught mysqli_sql_exception: Table 'persemaian_cabai.growth_information' doesn't exist in C:\xampp\htdocs\ds_min\pg\deeplearning\main_header.php:105
Stack trace:
#0 C:\xampp\htdocs\ds_min\pg\deeplearning\main_header.php(105): mysqli->query('SELECT gi.growt...')
#1 C:\xampp\htdocs\ds_min\pg\deeplearning\main_header.php(133): getGrowthInformation(Object(mysqli))
#2 C:\xampp\htdocs\ds_min\pg\deeplearning\index.php(21): include_once('C:\\xampp\\htdocs...')
#3 {main}
  thrown in C:\xampp\htdocs\ds_min\pg\deeplearning\main_header.php on line 105
[22-Mar-2025 05:29:05 Europe/Berlin] PHP Warning:  Undefined array key "jenis_tanaman" in C:\xampp\htdocs\ds_min\pg\deeplearning\main_header.php on line 924
[22-Mar-2025 05:29:05 Europe/Berlin] PHP Warning:  Undefined array key "jenis_tanaman" in C:\xampp\htdocs\ds_min\pg\deeplearning\main_header.php on line 924
[22-Mar-2025 05:33:30 Europe/Berlin] PHP Warning:  require_once(C:/xampp/htdocs/config/config.php): Failed to open stream: No such file or directory in C:\xampp\htdocs\ds_min\pg\deeplearning\main_header.php on line 15
[22-Mar-2025 05:33:30 Europe/Berlin] PHP Fatal error:  Uncaught Error: Failed opening required 'C:/xampp/htdocs/config/config.php' (include_path='C:\xampp\php\PEAR') in C:\xampp\htdocs\ds_min\pg\deeplearning\main_header.php:15
Stack trace:
#0 C:\xampp\htdocs\ds_min\pg\deeplearning\index.php(21): include_once()
#1 {main}
  thrown in C:\xampp\htdocs\ds_min\pg\deeplearning\main_header.php on line 15
[22-Mar-2025 05:35:29 Europe/Berlin] PHP Warning:  require_once(C:/xampp/htdocs/ds_min/pg/login/config.php`): Failed to open stream: No such file or directory in C:\xampp\htdocs\ds_min\pg\deeplearning\main_header.php on line 15
[22-Mar-2025 05:35:29 Europe/Berlin] PHP Fatal error:  Uncaught Error: Failed opening required 'C:/xampp/htdocs/ds_min/pg/login/config.php`' (include_path='C:\xampp\php\PEAR') in C:\xampp\htdocs\ds_min\pg\deeplearning\main_header.php:15
Stack trace:
#0 C:\xampp\htdocs\ds_min\pg\deeplearning\index.php(21): include_once()
#1 {main}
  thrown in C:\xampp\htdocs\ds_min\pg\deeplearning\main_header.php on line 15
[22-Mar-2025 05:40:00 Europe/Berlin] PHP Warning:  require_once(C:/xampp/htdocs/ds_min/pg/login/config.php`): Failed to open stream: No such file or directory in C:\xampp\htdocs\ds_min\pg\deeplearning\main_header.php on line 15
[22-Mar-2025 05:40:00 Europe/Berlin] PHP Fatal error:  Uncaught Error: Failed opening required 'C:/xampp/htdocs/ds_min/pg/login/config.php`' (include_path='C:\xampp\php\PEAR') in C:\xampp\htdocs\ds_min\pg\deeplearning\main_header.php:15
Stack trace:
#0 C:\xampp\htdocs\ds_min\pg\deeplearning\index.php(21): include_once()
#1 {main}
  thrown in C:\xampp\htdocs\ds_min\pg\deeplearning\main_header.php on line 15
[22-Mar-2025 05:40:01 Europe/Berlin] PHP Warning:  require_once(C:/xampp/htdocs/ds_min/pg/login/config.php`): Failed to open stream: No such file or directory in C:\xampp\htdocs\ds_min\pg\deeplearning\main_header.php on line 15
[22-Mar-2025 05:40:01 Europe/Berlin] PHP Fatal error:  Uncaught Error: Failed opening required 'C:/xampp/htdocs/ds_min/pg/login/config.php`' (include_path='C:\xampp\php\PEAR') in C:\xampp\htdocs\ds_min\pg\deeplearning\main_header.php:15
Stack trace:
#0 C:\xampp\htdocs\ds_min\pg\deeplearning\index.php(21): include_once()
#1 {main}
  thrown in C:\xampp\htdocs\ds_min\pg\deeplearning\main_header.php on line 15
[22-Mar-2025 05:40:03 Europe/Berlin] PHP Warning:  require_once(C:/xampp/htdocs/ds_min/pg/login/config.php`): Failed to open stream: No such file or directory in C:\xampp\htdocs\ds_min\pg\deeplearning\main_header.php on line 15
[22-Mar-2025 05:40:03 Europe/Berlin] PHP Fatal error:  Uncaught Error: Failed opening required 'C:/xampp/htdocs/ds_min/pg/login/config.php`' (include_path='C:\xampp\php\PEAR') in C:\xampp\htdocs\ds_min\pg\deeplearning\main_header.php:15
Stack trace:
#0 C:\xampp\htdocs\ds_min\pg\deeplearning\index.php(21): include_once()
#1 {main}
  thrown in C:\xampp\htdocs\ds_min\pg\deeplearning\main_header.php on line 15
[22-Mar-2025 05:41:13 Europe/Berlin] PHP Warning:  require_once(C:/xampp/htdocs/ds_min/pg/login/config.php`): Failed to open stream: No such file or directory in C:\xampp\htdocs\ds_min\pg\deeplearning\main_header.php on line 15
[22-Mar-2025 05:41:13 Europe/Berlin] PHP Fatal error:  Uncaught Error: Failed opening required 'C:/xampp/htdocs/ds_min/pg/login/config.php`' (include_path='C:\xampp\php\PEAR') in C:\xampp\htdocs\ds_min\pg\deeplearning\main_header.php:15
Stack trace:
#0 C:\xampp\htdocs\ds_min\pg\deeplearning\index.php(21): include_once()
#1 {main}
  thrown in C:\xampp\htdocs\ds_min\pg\deeplearning\main_header.php on line 15
[22-Mar-2025 05:41:13 Europe/Berlin] PHP Warning:  require_once(C:/xampp/htdocs/ds_min/pg/login/config.php`): Failed to open stream: No such file or directory in C:\xampp\htdocs\ds_min\pg\deeplearning\main_header.php on line 15
[22-Mar-2025 05:41:13 Europe/Berlin] PHP Fatal error:  Uncaught Error: Failed opening required 'C:/xampp/htdocs/ds_min/pg/login/config.php`' (include_path='C:\xampp\php\PEAR') in C:\xampp\htdocs\ds_min\pg\deeplearning\main_header.php:15
Stack trace:
#0 C:\xampp\htdocs\ds_min\pg\deeplearning\index.php(21): include_once()
#1 {main}
  thrown in C:\xampp\htdocs\ds_min\pg\deeplearning\main_header.php on line 15
[22-Mar-2025 05:41:14 Europe/Berlin] PHP Warning:  require_once(C:/xampp/htdocs/ds_min/pg/login/config.php`): Failed to open stream: No such file or directory in C:\xampp\htdocs\ds_min\pg\deeplearning\main_header.php on line 15
[22-Mar-2025 05:41:14 Europe/Berlin] PHP Fatal error:  Uncaught Error: Failed opening required 'C:/xampp/htdocs/ds_min/pg/login/config.php`' (include_path='C:\xampp\php\PEAR') in C:\xampp\htdocs\ds_min\pg\deeplearning\main_header.php:15
Stack trace:
#0 C:\xampp\htdocs\ds_min\pg\deeplearning\index.php(21): include_once()
#1 {main}
  thrown in C:\xampp\htdocs\ds_min\pg\deeplearning\main_header.php on line 15
[22-Mar-2025 05:41:14 Europe/Berlin] PHP Warning:  require_once(C:/xampp/htdocs/ds_min/pg/login/config.php`): Failed to open stream: No such file or directory in C:\xampp\htdocs\ds_min\pg\deeplearning\main_header.php on line 15
[22-Mar-2025 05:41:14 Europe/Berlin] PHP Fatal error:  Uncaught Error: Failed opening required 'C:/xampp/htdocs/ds_min/pg/login/config.php`' (include_path='C:\xampp\php\PEAR') in C:\xampp\htdocs\ds_min\pg\deeplearning\main_header.php:15
Stack trace:
#0 C:\xampp\htdocs\ds_min\pg\deeplearning\index.php(21): include_once()
#1 {main}
  thrown in C:\xampp\htdocs\ds_min\pg\deeplearning\main_header.php on line 15
[22-Mar-2025 05:42:25 Europe/Berlin] PHP Warning:  Undefined variable $connection in C:\xampp\htdocs\ds_min\pg\deeplearning\main_header.php on line 133
[22-Mar-2025 05:42:25 Europe/Berlin] PHP Fatal error:  Uncaught Error: Call to a member function query() on null in C:\xampp\htdocs\ds_min\pg\deeplearning\main_header.php:105
Stack trace:
#0 C:\xampp\htdocs\ds_min\pg\deeplearning\main_header.php(133): getGrowthInformation(NULL)
#1 C:\xampp\htdocs\ds_min\pg\deeplearning\index.php(21): include_once('C:\\xampp\\htdocs...')
#2 {main}
  thrown in C:\xampp\htdocs\ds_min\pg\deeplearning\main_header.php on line 105
[22-Mar-2025 05:44:30 Europe/Berlin] PHP Fatal error:  Uncaught mysqli_sql_exception: Table 'persemaian_cabai.growth_information' doesn't exist in C:\xampp\htdocs\ds_min\pg\deeplearning\main_header.php:108
Stack trace:
#0 C:\xampp\htdocs\ds_min\pg\deeplearning\main_header.php(108): mysqli->query('SELECT gi.growt...')
#1 C:\xampp\htdocs\ds_min\pg\deeplearning\main_header.php(136): getGrowthInformation(Object(mysqli))
#2 C:\xampp\htdocs\ds_min\pg\deeplearning\index.php(21): include_once('C:\\xampp\\htdocs...')
#3 {main}
  thrown in C:\xampp\htdocs\ds_min\pg\deeplearning\main_header.php on line 108
[22-Mar-2025 05:47:22 Europe/Berlin] PHP Warning:  Undefined variable $growthInfoArray in C:\xampp\htdocs\ds_min\pg\deeplearning\main_header.php on line 1009
[22-Mar-2025 05:47:23 Europe/Berlin] PHP Warning:  Undefined variable $growthInfoArray in C:\xampp\htdocs\ds_min\pg\deeplearning\main_header.php on line 1009
[22-Mar-2025 05:47:24 Europe/Berlin] PHP Warning:  Undefined variable $growthInfoArray in C:\xampp\htdocs\ds_min\pg\deeplearning\main_header.php on line 1009
[22-Mar-2025 05:48:49 Europe/Berlin] PHP Warning:  Undefined variable $growthInfoArray in C:\xampp\htdocs\ds_min\pg\deeplearning\main_header.php on line 1085
[22-Mar-2025 05:48:50 Europe/Berlin] PHP Warning:  Undefined variable $growthInfoArray in C:\xampp\htdocs\ds_min\pg\deeplearning\main_header.php on line 1085
[22-Mar-2025 05:48:51 Europe/Berlin] PHP Warning:  Undefined variable $growthInfoArray in C:\xampp\htdocs\ds_min\pg\deeplearning\main_header.php on line 1085
[22-Mar-2025 05:50:38 Europe/Berlin] PHP Warning:  Undefined variable $growthInfoArray in C:\xampp\htdocs\ds_min\pg\deeplearning\main_header.php on line 986
[22-Mar-2025 05:51:13 Europe/Berlin] PHP Warning:  Undefined variable $growthInfoArray in C:\xampp\htdocs\ds_min\pg\deeplearning\main_header.php on line 1009
[22-Mar-2025 05:53:11 Europe/Berlin] PHP Warning:  Undefined variable $growthInfoArray in C:\xampp\htdocs\ds_min\pg\deeplearning\main_header.php on line 1123
[22-Mar-2025 05:53:22 Europe/Berlin] PHP Warning:  Undefined variable $growthInfoArray in C:\xampp\htdocs\ds_min\pg\deeplearning\main_header.php on line 1145
[22-Mar-2025 05:53:30 Europe/Berlin] PHP Warning:  Undefined variable $growthInfoArray in C:\xampp\htdocs\ds_min\pg\deeplearning\main_header.php on line 1145
[22-Mar-2025 05:54:28 Europe/Berlin] PHP Warning:  Undefined variable $growthInfoArray in C:\xampp\htdocs\ds_min\pg\deeplearning\main_header.php on line 1009
[22-Mar-2025 05:54:29 Europe/Berlin] PHP Warning:  Undefined variable $growthInfoArray in C:\xampp\htdocs\ds_min\pg\deeplearning\main_header.php on line 1009
[22-Mar-2025 05:56:56 Europe/Berlin] PHP Warning:  Undefined variable $growthInfoArray in C:\xampp\htdocs\ds_min\pg\deeplearning\main_header.php on line 1015
[22-Mar-2025 05:59:11 Europe/Berlin] PHP Warning:  Undefined variable $growthInfoArray in C:\xampp\htdocs\ds_min\pg\deeplearning\main_header.php on line 1022
[22-Mar-2025 05:59:13 Europe/Berlin] PHP Warning:  Undefined variable $growthInfoArray in C:\xampp\htdocs\ds_min\pg\deeplearning\main_header.php on line 1022
[22-Mar-2025 05:59:23 Europe/Berlin] PHP Warning:  Undefined variable $growthInfoArray in C:\xampp\htdocs\ds_min\pg\deeplearning\main_header.php on line 1022
[22-Mar-2025 05:59:32 Europe/Berlin] PHP Warning:  Undefined variable $growthInfoArray in C:\xampp\htdocs\ds_min\pg\deeplearning\main_header.php on line 1022
[22-Mar-2025 06:01:05 Europe/Berlin] File uploaded successfully to: C:\xampp/output/detect_1/raw_WhatsApp Image 2025-03-22 at 12.00.48 PM.jpeg
[22-Mar-2025 06:01:05 Europe/Berlin] Selected model: combined
[22-Mar-2025 06:01:05 Europe/Berlin] Model path: C:\xampp/app/content/Melon/deeplearning/combined.pt (exists: no)
[22-Mar-2025 06:01:05 Europe/Berlin] Upload path: C:\xampp/output/detect_1/raw_WhatsApp Image 2025-03-22 at 12.00.48 PM.jpeg (exists: yes)
[22-Mar-2025 06:01:05 Europe/Berlin] Results dir: C:\xampp/results (exists: yes)
[22-Mar-2025 06:01:05 Europe/Berlin] Starting detection process...
[22-Mar-2025 06:01:05 Europe/Berlin] Executing command: cd "C:\xampp" && "/Users/syauqiarham/opt/anaconda3/bin/python3" "C:\Users\syauqiarham\AppData\Local\Temp\det8AE7.tmp.py" 2>&1
[22-Mar-2025 06:01:05 Europe/Berlin] Command output:
The system cannot find the path specified.
[22-Mar-2025 06:01:05 Europe/Berlin] Return code: 1
[22-Mar-2025 06:01:05 Europe/Berlin] Error processing image. Return code: 1
[22-Mar-2025 06:01:05 Europe/Berlin] PHP Warning:  Undefined variable $growthInfoArray in C:\xampp\htdocs\ds_min\pg\deeplearning\main_header.php on line 1022
[22-Mar-2025 06:01:19 Europe/Berlin] File uploaded successfully to: C:\xampp/output/detect_2/raw_WhatsApp Image 2025-03-22 at 12.00.48 PM.jpeg
[22-Mar-2025 06:01:19 Europe/Berlin] Selected model: combined
[22-Mar-2025 06:01:19 Europe/Berlin] Model path: C:\xampp/app/content/Melon/deeplearning/combined.pt (exists: no)
[22-Mar-2025 06:01:19 Europe/Berlin] Upload path: C:\xampp/output/detect_2/raw_WhatsApp Image 2025-03-22 at 12.00.48 PM.jpeg (exists: yes)
[22-Mar-2025 06:01:19 Europe/Berlin] Results dir: C:\xampp/results (exists: yes)
[22-Mar-2025 06:01:19 Europe/Berlin] Starting detection process...
[22-Mar-2025 06:01:19 Europe/Berlin] Executing command: cd "C:\xampp" && "/Users/syauqiarham/opt/anaconda3/bin/python3" "C:\Users\syauqiarham\AppData\Local\Temp\detC0CE.tmp.py" 2>&1
[22-Mar-2025 06:01:19 Europe/Berlin] Command output:
The system cannot find the path specified.
[22-Mar-2025 06:01:19 Europe/Berlin] Return code: 1
[22-Mar-2025 06:01:19 Europe/Berlin] Error processing image. Return code: 1
[22-Mar-2025 06:01:19 Europe/Berlin] PHP Warning:  Undefined variable $growthInfoArray in C:\xampp\htdocs\ds_min\pg\deeplearning\main_header.php on line 1022
[22-Mar-2025 06:05:22 Europe/Berlin] File uploaded successfully to: C:\xampp/output/detect_3/raw_WhatsApp Image 2025-03-22 at 12.00.48 PM.jpeg
[22-Mar-2025 06:05:22 Europe/Berlin] Selected model: combined
[22-Mar-2025 06:05:22 Europe/Berlin] Model path: C:\xampp/app/content/Melon/deeplearning/combined.pt (exists: no)
[22-Mar-2025 06:05:22 Europe/Berlin] Upload path: C:\xampp/output/detect_3/raw_WhatsApp Image 2025-03-22 at 12.00.48 PM.jpeg (exists: yes)
[22-Mar-2025 06:05:22 Europe/Berlin] Results dir: C:\xampp/results (exists: yes)
[22-Mar-2025 06:05:22 Europe/Berlin] Starting detection process...
[22-Mar-2025 06:05:22 Europe/Berlin] Executing command: cd "C:\xampp" && "C:\Users\syauqiarham\anaconda3\python.exe" "C:\Users\syauqiarham\AppData\Local\Temp\det7944.tmp.py" 2>&1
[22-Mar-2025 06:05:23 Europe/Berlin] Command output:
  File "C:\Users\syauqiarham\AppData\Local\Temp\det7944.tmp.py", line 61
    model_path = os.path.abspath('C:\xampp/app/content/Melon/deeplearning/combined.pt')
                                 ^^^^^^^^^^^^^^^^^^^^^^^^^^^^^^^^^^^^^^^^^^^^^^^^^^^^^
SyntaxError: (unicode error) 'unicodeescape' codec can't decode bytes in position 2-4: truncated \xXX escape
[22-Mar-2025 06:05:23 Europe/Berlin] Return code: 1
[22-Mar-2025 06:05:23 Europe/Berlin] Error processing image. Return code: 1
[22-Mar-2025 06:05:23 Europe/Berlin] PHP Warning:  Undefined variable $growthInfoArray in C:\xampp\htdocs\ds_min\pg\deeplearning\main_header.php on line 1022
[22-Mar-2025 06:06:15 Europe/Berlin] File uploaded successfully to: C:\xampp/output/detect_4/raw_WhatsApp Image 2025-03-22 at 12.00.48 PM.jpeg
[22-Mar-2025 06:06:15 Europe/Berlin] Selected model: combined
[22-Mar-2025 06:06:15 Europe/Berlin] Model path: C:\xampppg\deeplearning\combined.pt (exists: no)
[22-Mar-2025 06:06:15 Europe/Berlin] Upload path: C:\xampp/output/detect_4/raw_WhatsApp Image 2025-03-22 at 12.00.48 PM.jpeg (exists: yes)
[22-Mar-2025 06:06:15 Europe/Berlin] Results dir: C:\xampp/results (exists: yes)
[22-Mar-2025 06:06:15 Europe/Berlin] Starting detection process...
[22-Mar-2025 06:06:15 Europe/Berlin] Executing command: cd "C:\xampp" && "C:\Users\syauqiarham\anaconda3\python.exe" "C:\Users\syauqiarham\AppData\Local\Temp\det45FC.tmp.py" 2>&1
[22-Mar-2025 06:06:15 Europe/Berlin] Command output:
  File "C:\Users\syauqiarham\AppData\Local\Temp\det45FC.tmp.py", line 61
    model_path = os.path.abspath('C:\xampppg\deeplearning\combined.pt')
                                 ^^^^^^^^^^^^^^^^^^^^^^^^^^^^^^^^^^^^^
SyntaxError: (unicode error) 'unicodeescape' codec can't decode bytes in position 2-4: truncated \xXX escape
[22-Mar-2025 06:06:15 Europe/Berlin] Return code: 1
[22-Mar-2025 06:06:15 Europe/Berlin] Error processing image. Return code: 1
[22-Mar-2025 06:06:15 Europe/Berlin] PHP Warning:  Undefined variable $growthInfoArray in C:\xampp\htdocs\ds_min\pg\deeplearning\main_header.php on line 1022
[22-Mar-2025 06:06:19 Europe/Berlin] File uploaded successfully to: C:\xampp/output/detect_5/raw_WhatsApp Image 2025-03-22 at 12.00.48 PM.jpeg
[22-Mar-2025 06:06:19 Europe/Berlin] Selected model: combined
[22-Mar-2025 06:06:19 Europe/Berlin] Model path: C:\xampppg\deeplearning\combined.pt (exists: no)
[22-Mar-2025 06:06:19 Europe/Berlin] Upload path: C:\xampp/output/detect_5/raw_WhatsApp Image 2025-03-22 at 12.00.48 PM.jpeg (exists: yes)
[22-Mar-2025 06:06:19 Europe/Berlin] Results dir: C:\xampp/results (exists: yes)
[22-Mar-2025 06:06:19 Europe/Berlin] Starting detection process...
[22-Mar-2025 06:06:19 Europe/Berlin] Executing command: cd "C:\xampp" && "C:\Users\syauqiarham\anaconda3\python.exe" "C:\Users\syauqiarham\AppData\Local\Temp\det54E3.tmp.py" 2>&1
[22-Mar-2025 06:06:19 Europe/Berlin] Command output:
  File "C:\Users\syauqiarham\AppData\Local\Temp\det54E3.tmp.py", line 61
    model_path = os.path.abspath('C:\xampppg\deeplearning\combined.pt')
                                 ^^^^^^^^^^^^^^^^^^^^^^^^^^^^^^^^^^^^^
SyntaxError: (unicode error) 'unicodeescape' codec can't decode bytes in position 2-4: truncated \xXX escape
[22-Mar-2025 06:06:19 Europe/Berlin] Return code: 1
[22-Mar-2025 06:06:19 Europe/Berlin] Error processing image. Return code: 1
[22-Mar-2025 06:06:19 Europe/Berlin] PHP Warning:  Undefined variable $growthInfoArray in C:\xampp\htdocs\ds_min\pg\deeplearning\main_header.php on line 1022
[22-Mar-2025 06:12:31 Europe/Berlin] File uploaded successfully to: C:\xampp/output/detect_6/raw_WhatsApp Image 2025-03-22 at 12.00.48 PM.jpeg
[22-Mar-2025 06:12:31 Europe/Berlin] Selected model: combined
[22-Mar-2025 06:12:31 Europe/Berlin] Model path: C:/xampp/pg/deeplearning/combined.pt (exists: no)
[22-Mar-2025 06:12:31 Europe/Berlin] Upload path: C:/xampp/output/detect_6/raw_WhatsApp Image 2025-03-22 at 12.00.48 PM.jpeg (exists: yes)
[22-Mar-2025 06:12:31 Europe/Berlin] Results dir: C:/xampp/results (exists: yes)
[22-Mar-2025 06:12:31 Europe/Berlin] Starting detection process...
[22-Mar-2025 06:12:31 Europe/Berlin] Executing command: cd "C:\xampp" && "C:\Users\syauqiarham\anaconda3\python.exe" "C:\Users\syauqiarham\AppData\Local\Temp\det2E0.tmp.py" 2>&1
[22-Mar-2025 06:12:31 Europe/Berlin] Command output:
Traceback (most recent call last):
  File "C:\Users\syauqiarham\AppData\Local\Temp\det2E0.tmp.py", line 6, in <module>
    from ultralytics import YOLO
ModuleNotFoundError: No module named 'ultralytics'
[22-Mar-2025 06:12:31 Europe/Berlin] Return code: 1
[22-Mar-2025 06:12:31 Europe/Berlin] Error processing image. Return code: 1
[22-Mar-2025 06:12:31 Europe/Berlin] PHP Warning:  Undefined variable $growthInfoArray in C:\xampp\htdocs\ds_min\pg\deeplearning\main_header.php on line 1027
[22-Mar-2025 06:12:35 Europe/Berlin] File uploaded successfully to: C:\xampp/output/detect_7/raw_WhatsApp Image 2025-03-22 at 12.00.48 PM.jpeg
[22-Mar-2025 06:12:35 Europe/Berlin] Selected model: combined
[22-Mar-2025 06:12:35 Europe/Berlin] Model path: C:/xampp/pg/deeplearning/combined.pt (exists: no)
[22-Mar-2025 06:12:35 Europe/Berlin] Upload path: C:/xampp/output/detect_7/raw_WhatsApp Image 2025-03-22 at 12.00.48 PM.jpeg (exists: yes)
[22-Mar-2025 06:12:35 Europe/Berlin] Results dir: C:/xampp/results (exists: yes)
[22-Mar-2025 06:12:35 Europe/Berlin] Starting detection process...
[22-Mar-2025 06:12:35 Europe/Berlin] Executing command: cd "C:\xampp" && "C:\Users\syauqiarham\anaconda3\python.exe" "C:\Users\syauqiarham\AppData\Local\Temp\det136C.tmp.py" 2>&1
[22-Mar-2025 06:12:35 Europe/Berlin] Command output:
Traceback (most recent call last):
  File "C:\Users\syauqiarham\AppData\Local\Temp\det136C.tmp.py", line 6, in <module>
    from ultralytics import YOLO
ModuleNotFoundError: No module named 'ultralytics'
[22-Mar-2025 06:12:35 Europe/Berlin] Return code: 1
[22-Mar-2025 06:12:35 Europe/Berlin] Error processing image. Return code: 1
[22-Mar-2025 06:12:35 Europe/Berlin] PHP Warning:  Undefined variable $growthInfoArray in C:\xampp\htdocs\ds_min\pg\deeplearning\main_header.php on line 1027
[22-Mar-2025 06:35:17 Europe/Berlin] File uploaded successfully to: C:\xampp/output/detect_8/raw_WhatsApp Image 2025-03-22 at 12.00.48 PM.jpeg
[22-Mar-2025 06:35:17 Europe/Berlin] Selected model: combined
[22-Mar-2025 06:35:17 Europe/Berlin] Model path: C:/xampp/pg/deeplearning/combined.pt (exists: no)
[22-Mar-2025 06:35:17 Europe/Berlin] Upload path: C:/xampp/output/detect_8/raw_WhatsApp Image 2025-03-22 at 12.00.48 PM.jpeg (exists: yes)
[22-Mar-2025 06:35:17 Europe/Berlin] Results dir: C:/xampp/results (exists: yes)
[22-Mar-2025 06:35:17 Europe/Berlin] Starting detection process...
[22-Mar-2025 06:35:17 Europe/Berlin] Executing command: cd "C:\xampp" && "C:\Users\syauqiarham\anaconda3\python.exe" "C:\Users\syauqiarham\AppData\Local\Temp\detDCE7.tmp.py" 2>&1
[22-Mar-2025 06:36:10 Europe/Berlin] Command output:
Creating new Ultralytics Settings v0.0.6 file ✅
View Ultralytics Settings with 'yolo settings' or at 'C:\Users\syauqiarham\AppData\Roaming\Ultralytics\settings.json'
Update Settings with 'yolo settings key=value', i.e. 'yolo settings runs_dir=path/to/dir'. For help see https://docs.ultralytics.com/quickstart/#ultralytics-settings.
Current working directory: C:\xampp
Model path (absolute): C:/xampp/pg/deeplearning/combined.pt
Upload path (absolute): C:/xampp/output/detect_8/raw_WhatsApp Image 2025-03-22 at 12.00.48 PM.jpeg
Results directory (absolute): C:/xampp/output/detect_8
Error: Model file not found at: C:/xampp/pg/deeplearning/combined.pt
Traceback (most recent call last):
  File "C:\Users\syauqiarham\AppData\Local\Temp\detDCE7.tmp.py", line 72, in <module>
    raise Exception(f'Model file not found at: {model_path}')
Exception: Model file not found at: C:/xampp/pg/deeplearning/combined.pt
[22-Mar-2025 06:36:10 Europe/Berlin] Return code: 1
[22-Mar-2025 06:36:10 Europe/Berlin] Error processing image. Return code: 1
[22-Mar-2025 06:36:24 Europe/Berlin] PHP Warning:  Undefined variable $growthInfoArray in C:\xampp\htdocs\ds_min\pg\deeplearning\main_header.php on line 1027
[22-Mar-2025 06:36:29 Europe/Berlin] File uploaded successfully to: C:\xampp/output/detect_9/raw_WhatsApp Image 2025-03-22 at 12.00.48 PM.jpeg
[22-Mar-2025 06:36:29 Europe/Berlin] Selected model: combined
[22-Mar-2025 06:36:29 Europe/Berlin] Model path: C:/xampp/pg/deeplearning/combined.pt (exists: no)
[22-Mar-2025 06:36:29 Europe/Berlin] Upload path: C:/xampp/output/detect_9/raw_WhatsApp Image 2025-03-22 at 12.00.48 PM.jpeg (exists: yes)
[22-Mar-2025 06:36:29 Europe/Berlin] Results dir: C:/xampp/results (exists: yes)
[22-Mar-2025 06:36:29 Europe/Berlin] Starting detection process...
[22-Mar-2025 06:36:29 Europe/Berlin] Executing command: cd "C:\xampp" && "C:\Users\syauqiarham\anaconda3\python.exe" "C:\Users\syauqiarham\AppData\Local\Temp\detF2ED.tmp.py" 2>&1
[22-Mar-2025 06:36:33 Europe/Berlin] Command output:
Current working directory: C:\xampp
Model path (absolute): C:/xampp/pg/deeplearning/combined.pt
Upload path (absolute): C:/xampp/output/detect_9/raw_WhatsApp Image 2025-03-22 at 12.00.48 PM.jpeg
Results directory (absolute): C:/xampp/output/detect_9
Error: Model file not found at: C:/xampp/pg/deeplearning/combined.pt
Traceback (most recent call last):
  File "C:\Users\syauqiarham\AppData\Local\Temp\detF2ED.tmp.py", line 72, in <module>
    raise Exception(f'Model file not found at: {model_path}')
Exception: Model file not found at: C:/xampp/pg/deeplearning/combined.pt
[22-Mar-2025 06:36:33 Europe/Berlin] Return code: 1
[22-Mar-2025 06:36:33 Europe/Berlin] Error processing image. Return code: 1
[22-Mar-2025 06:36:33 Europe/Berlin] PHP Warning:  Undefined variable $growthInfoArray in C:\xampp\htdocs\ds_min\pg\deeplearning\main_header.php on line 1027
[22-Mar-2025 06:43:55 Europe/Berlin] PHP Fatal error:  Uncaught mysqli_sql_exception: Table 'persemaian_cabai.tanaman' doesn't exist in C:\xampp\htdocs\ds_min\pg\deeplearning\main_header.php:37
Stack trace:
#0 C:\xampp\htdocs\ds_min\pg\deeplearning\main_header.php(37): mysqli->query('SELECT t.*, l.i...')
#1 C:\xampp\htdocs\ds_min\pg\deeplearning\index.php(21): include_once('C:\\xampp\\htdocs...')
#2 {main}
  thrown in C:\xampp\htdocs\ds_min\pg\deeplearning\main_header.php on line 37
[22-Mar-2025 06:45:51 Europe/Berlin] File uploaded successfully to: C:\xampp\htdocs\ds_min/output/detect_1/raw_WhatsApp Image 2025-03-22 at 12.00.48 PM.jpeg
[22-Mar-2025 06:45:51 Europe/Berlin] Selected model: combined
[22-Mar-2025 06:45:51 Europe/Berlin] Model path: C:/xampp/htdocs/ds_min/pg/deeplearning/combined.pt (exists: yes)
[22-Mar-2025 06:45:51 Europe/Berlin] Upload path: C:/xampp/htdocs/ds_min/output/detect_1/raw_WhatsApp Image 2025-03-22 at 12.00.48 PM.jpeg (exists: yes)
[22-Mar-2025 06:45:51 Europe/Berlin] Results dir: C:/xampp/htdocs/ds_min/results (exists: yes)
[22-Mar-2025 06:45:51 Europe/Berlin] Starting detection process...
[22-Mar-2025 06:45:51 Europe/Berlin] Executing command: cd "C:\xampp\htdocs\ds_min" && "C:\Users\syauqiarham\anaconda3\python.exe" "C:\Users\syauqiarham\AppData\Local\Temp\det892E.tmp.py" 2>&1
[22-Mar-2025 06:46:00 Europe/Berlin] Command output:
Current working directory: C:\xampp\htdocs\ds_min
Model path (absolute): C:/xampp/htdocs/ds_min/pg/deeplearning/combined.pt
Upload path (absolute): C:/xampp/htdocs/ds_min/output/detect_1/raw_WhatsApp Image 2025-03-22 at 12.00.48 PM.jpeg
Results directory (absolute): C:/xampp/htdocs/ds_min/output/detect_1
Using HSV ranges:
Range 1: H=[155-255], S=[160-240], V=[160-255]
Range 2: H=[0-30], S=[160-240], V=[160-255]
Loading model...
Model loaded successfully
Reading image...
Image read successfully, shape: (1600, 1200, 3)
Running detection...

0: 1280x960 4 melon-ripes, 1 melon-unripe, 262.1ms
Speed: 10.0ms preprocess, 262.1ms inference, 1.8ms postprocess per image at shape (1, 3, 1280, 960)
Detection completed successfully
Found 5 objects
Processing detection 1: melon-ripe (89.21%)
Successfully saved cropped melon-ripe to: C:/xampp/htdocs/ds_min/output/detect_1\melon-ripe_1_89pct_1742622351.jpg
Processing melon-ripe image for color analysis...
Successfully saved processed melon to: C:/xampp/htdocs/ds_min/output/detect_1\melon-ripe_1_processed_1742622351.jpg
Successfully saved mask to: C:/xampp/htdocs/ds_min/output/detect_1\melon-ripe_1_mask_1742622351.jpg
Processing detection 2: melon-ripe (87.98%)
Successfully saved cropped melon-ripe to: C:/xampp/htdocs/ds_min/output/detect_1\melon-ripe_2_87pct_1742622351.jpg
Processing melon-ripe image for color analysis...
Successfully saved processed melon to: C:/xampp/htdocs/ds_min/output/detect_1\melon-ripe_2_processed_1742622351.jpg
Successfully saved mask to: C:/xampp/htdocs/ds_min/output/detect_1\melon-ripe_2_mask_1742622351.jpg
Processing detection 3: melon-ripe (84.83%)
Successfully saved cropped melon-ripe to: C:/xampp/htdocs/ds_min/output/detect_1\melon-ripe_3_84pct_1742622351.jpg
Processing melon-ripe image for color analysis...
Successfully saved processed melon to: C:/xampp/htdocs/ds_min/output/detect_1\melon-ripe_3_processed_1742622351.jpg
Successfully saved mask to: C:/xampp/htdocs/ds_min/output/detect_1\melon-ripe_3_mask_1742622351.jpg
Processing detection 4: melon-ripe (81.46%)
Successfully saved cropped melon-ripe to: C:/xampp/htdocs/ds_min/output/detect_1\melon-ripe_4_81pct_1742622351.jpg
Processing melon-ripe image for color analysis...
Successfully saved processed melon to: C:/xampp/htdocs/ds_min/output/detect_1\melon-ripe_4_processed_1742622351.jpg
Successfully saved mask to: C:/xampp/htdocs/ds_min/output/detect_1\melon-ripe_4_mask_1742622351.jpg
Processing detection 5: melon-unripe (52.02%)
Successfully saved cropped melon-unripe to: C:/xampp/htdocs/ds_min/output/detect_1\melon-unripe_5_52pct_1742622351.jpg
Saved color analysis to: C:/xampp/htdocs/ds_min/output/detect_1\color_analysis_1742622351.csv
Saved detection results to: C:/xampp/htdocs/ds_min/output/detect_1\1742622351_detections.json
Successfully saved result visualization to: C:/xampp/htdocs/ds_min/output/detect_1\1742622351_result.jpg
DETECTION_RESULTS_START
{"image_size": {"width": 1200, "height": 1600}, "detections": [{"class": "melon-ripe", "confidence": 89.21, "bbox": {"x1": 200, "y1": 1137, "x2": 359, "y2": 1309, "width": 159, "height": 172}, "cropped_image": "melon-ripe_1_89pct_1742622351.jpg", "processed_image": "melon-ripe_1_processed_1742622351.jpg", "mask_image": "melon-ripe_1_mask_1742622351.jpg", "color_analysis": {"avg_r": 220.99, "avg_g": 182.0, "avg_b": 28.39}}, {"class": "melon-ripe", "confidence": 87.98, "bbox": {"x1": 598, "y1": 1115, "x2": 782, "y2": 1305, "width": 184, "height": 190}, "cropped_image": "melon-ripe_2_87pct_1742622351.jpg", "processed_image": "melon-ripe_2_processed_1742622351.jpg", "mask_image": "melon-ripe_2_mask_1742622351.jpg", "color_analysis": {"avg_r": 232.72, "avg_g": 204.87, "avg_b": 27.24}}, {"class": "melon-ripe", "confidence": 84.83, "bbox": {"x1": 1093, "y1": 939, "x2": 1200, "y2": 1129, "width": 107, "height": 190}, "cropped_image": "melon-ripe_3_84pct_1742622351.jpg", "processed_image": "melon-ripe_3_processed_1742622351.jpg", "mask_image": "melon-ripe_3_mask_1742622351.jpg", "color_analysis": {"avg_r": 218.54, "avg_g": 191.87, "avg_b": 33.14}}, {"class": "melon-ripe", "confidence": 81.46, "bbox": {"x1": 894, "y1": 840, "x2": 957, "y2": 902, "width": 63, "height": 62}, "cropped_image": "melon-ripe_4_81pct_1742622351.jpg", "processed_image": "melon-ripe_4_processed_1742622351.jpg", "mask_image": "melon-ripe_4_mask_1742622351.jpg", "color_analysis": {"avg_r": 224.56, "avg_g": 193.87, "avg_b": 40.76}}, {"class": "melon-unripe", "confidence": 52.02, "bbox": {"x1": 927, "y1": 628, "x2": 986, "y2": 678, "width": 59, "height": 50}, "cropped_image": "melon-unripe_5_52pct_1742622351.jpg", "processed_image": null, "mask_image": null, "color_analysis": null}]}
DETECTION_RESULTS_END
[22-Mar-2025 06:46:00 Europe/Berlin] Return code: 0
[22-Mar-2025 06:46:00 Europe/Berlin] Processing line: Current working directory: C:\xampp\htdocs\ds_min
[22-Mar-2025 06:46:00 Europe/Berlin] Processing line: Model path (absolute): C:/xampp/htdocs/ds_min/pg/deeplearning/combined.pt
[22-Mar-2025 06:46:00 Europe/Berlin] Processing line: Upload path (absolute): C:/xampp/htdocs/ds_min/output/detect_1/raw_WhatsApp Image 2025-03-22 at 12.00.48 PM.jpeg
[22-Mar-2025 06:46:00 Europe/Berlin] Processing line: Results directory (absolute): C:/xampp/htdocs/ds_min/output/detect_1
[22-Mar-2025 06:46:00 Europe/Berlin] Processing line: Using HSV ranges:
[22-Mar-2025 06:46:00 Europe/Berlin] Processing line: Range 1: H=[155-255], S=[160-240], V=[160-255]
[22-Mar-2025 06:46:00 Europe/Berlin] Processing line: Range 2: H=[0-30], S=[160-240], V=[160-255]
[22-Mar-2025 06:46:00 Europe/Berlin] Processing line: Loading model...
[22-Mar-2025 06:46:00 Europe/Berlin] Processing line: Model loaded successfully
[22-Mar-2025 06:46:00 Europe/Berlin] Processing line: Reading image...
[22-Mar-2025 06:46:00 Europe/Berlin] Processing line: Image read successfully, shape: (1600, 1200, 3)
[22-Mar-2025 06:46:00 Europe/Berlin] Processing line: Running detection...
[22-Mar-2025 06:46:00 Europe/Berlin] Processing line: 
[22-Mar-2025 06:46:00 Europe/Berlin] Processing line: 0: 1280x960 4 melon-ripes, 1 melon-unripe, 262.1ms
[22-Mar-2025 06:46:00 Europe/Berlin] Processing line: Speed: 10.0ms preprocess, 262.1ms inference, 1.8ms postprocess per image at shape (1, 3, 1280, 960)
[22-Mar-2025 06:46:00 Europe/Berlin] Processing line: Detection completed successfully
[22-Mar-2025 06:46:00 Europe/Berlin] Processing line: Found 5 objects
[22-Mar-2025 06:46:00 Europe/Berlin] Processing line: Processing detection 1: melon-ripe (89.21%)
[22-Mar-2025 06:46:00 Europe/Berlin] Processing line: Successfully saved cropped melon-ripe to: C:/xampp/htdocs/ds_min/output/detect_1\melon-ripe_1_89pct_1742622351.jpg
[22-Mar-2025 06:46:00 Europe/Berlin] Processing line: Processing melon-ripe image for color analysis...
[22-Mar-2025 06:46:00 Europe/Berlin] Processing line: Successfully saved processed melon to: C:/xampp/htdocs/ds_min/output/detect_1\melon-ripe_1_processed_1742622351.jpg
[22-Mar-2025 06:46:00 Europe/Berlin] Processing line: Successfully saved mask to: C:/xampp/htdocs/ds_min/output/detect_1\melon-ripe_1_mask_1742622351.jpg
[22-Mar-2025 06:46:00 Europe/Berlin] Processing line: Processing detection 2: melon-ripe (87.98%)
[22-Mar-2025 06:46:00 Europe/Berlin] Processing line: Successfully saved cropped melon-ripe to: C:/xampp/htdocs/ds_min/output/detect_1\melon-ripe_2_87pct_1742622351.jpg
[22-Mar-2025 06:46:00 Europe/Berlin] Processing line: Processing melon-ripe image for color analysis...
[22-Mar-2025 06:46:00 Europe/Berlin] Processing line: Successfully saved processed melon to: C:/xampp/htdocs/ds_min/output/detect_1\melon-ripe_2_processed_1742622351.jpg
[22-Mar-2025 06:46:00 Europe/Berlin] Processing line: Successfully saved mask to: C:/xampp/htdocs/ds_min/output/detect_1\melon-ripe_2_mask_1742622351.jpg
[22-Mar-2025 06:46:00 Europe/Berlin] Processing line: Processing detection 3: melon-ripe (84.83%)
[22-Mar-2025 06:46:00 Europe/Berlin] Processing line: Successfully saved cropped melon-ripe to: C:/xampp/htdocs/ds_min/output/detect_1\melon-ripe_3_84pct_1742622351.jpg
[22-Mar-2025 06:46:00 Europe/Berlin] Processing line: Processing melon-ripe image for color analysis...
[22-Mar-2025 06:46:00 Europe/Berlin] Processing line: Successfully saved processed melon to: C:/xampp/htdocs/ds_min/output/detect_1\melon-ripe_3_processed_1742622351.jpg
[22-Mar-2025 06:46:00 Europe/Berlin] Processing line: Successfully saved mask to: C:/xampp/htdocs/ds_min/output/detect_1\melon-ripe_3_mask_1742622351.jpg
[22-Mar-2025 06:46:00 Europe/Berlin] Processing line: Processing detection 4: melon-ripe (81.46%)
[22-Mar-2025 06:46:00 Europe/Berlin] Processing line: Successfully saved cropped melon-ripe to: C:/xampp/htdocs/ds_min/output/detect_1\melon-ripe_4_81pct_1742622351.jpg
[22-Mar-2025 06:46:00 Europe/Berlin] Processing line: Processing melon-ripe image for color analysis...
[22-Mar-2025 06:46:00 Europe/Berlin] Processing line: Successfully saved processed melon to: C:/xampp/htdocs/ds_min/output/detect_1\melon-ripe_4_processed_1742622351.jpg
[22-Mar-2025 06:46:00 Europe/Berlin] Processing line: Successfully saved mask to: C:/xampp/htdocs/ds_min/output/detect_1\melon-ripe_4_mask_1742622351.jpg
[22-Mar-2025 06:46:00 Europe/Berlin] Processing line: Processing detection 5: melon-unripe (52.02%)
[22-Mar-2025 06:46:00 Europe/Berlin] Processing line: Successfully saved cropped melon-unripe to: C:/xampp/htdocs/ds_min/output/detect_1\melon-unripe_5_52pct_1742622351.jpg
[22-Mar-2025 06:46:00 Europe/Berlin] Processing line: Saved color analysis to: C:/xampp/htdocs/ds_min/output/detect_1\color_analysis_1742622351.csv
[22-Mar-2025 06:46:00 Europe/Berlin] Processing line: Saved detection results to: C:/xampp/htdocs/ds_min/output/detect_1\1742622351_detections.json
[22-Mar-2025 06:46:00 Europe/Berlin] Processing line: Successfully saved result visualization to: C:/xampp/htdocs/ds_min/output/detect_1\1742622351_result.jpg
[22-Mar-2025 06:46:00 Europe/Berlin] Processing line: DETECTION_RESULTS_START
[22-Mar-2025 06:46:00 Europe/Berlin] Processing line: {"image_size": {"width": 1200, "height": 1600}, "detections": [{"class": "melon-ripe", "confidence": 89.21, "bbox": {"x1": 200, "y1": 1137, "x2": 359, "y2": 1309, "width": 159, "height": 172}, "cropped_image": "melon-ripe_1_89pct_1742622351.jpg", "processed_image": "melon-ripe_1_processed_1742622351.jpg", "mask_image": "melon-ripe_1_mask_1742622351.jpg", "color_analysis": {"avg_r": 220.99, "avg_g": 182.0, "avg_b": 28.39}}, {"class": "melon-ripe", "confidence": 87.98, "bbox": {"x1": 598, "y1": 1115, "x2": 782, "y2": 1305, "width": 184, "height": 190}, "cropped_image": "melon-ripe_2_87pct_1742622351.jpg", "processed_image": "melon-ripe_2_processed_1742622351.jpg", "mask_image": "melon-ripe_2_mask_1742622351.jpg", "color_analysis": {"avg_r": 232.72, "avg_g": 204.87, "avg_b": 27.24}}, {"class": "melon-ripe", "confidence": 84.83, "bbox": {"x1": 1093, "y1": 939, "x2": 1200, "y2": 1129, "width": 107, "height": 190}, "cropped_image": "melon-ripe_3_84pct_1742622351.jpg", "processed_image": "melon-ripe_3_processed_1742622351.jpg", "mask_image": "melon-ripe_3_mask_1742622351.jpg", "color_analysis": {"avg_r": 218.54, "avg_g": 191.87, "avg_b": 33.14}}, {"class": "melon-ripe", "confidence": 81.46, "bbox": {"x1": 894, "y1": 840, "x2": 957, "y2": 902, "width": 63, "height": 62}, "cropped_image": "melon-ripe_4_81pct_1742622351.jpg", "processed_image": "melon-ripe_4_processed_1742622351.jpg", "mask_image": "melon-ripe_4_mask_1742622351.jpg", "color_analysis": {"avg_r": 224.56, "avg_g": 193.87, "avg_b": 40.76}}, {"class": "melon-unripe", "confidence": 52.02, "bbox": {"x1": 927, "y1": 628, "x2": 986, "y2": 678, "width": 59, "height": 50}, "cropped_image": "melon-unripe_5_52pct_1742622351.jpg", "processed_image": null, "mask_image": null, "color_analysis": null}]}
[22-Mar-2025 06:46:00 Europe/Berlin] Processing line: DETECTION_RESULTS_END
[22-Mar-2025 06:46:00 Europe/Berlin] Parsing JSON data: {"image_size": {"width": 1200, "height": 1600}, "detections": [{"class": "melon-ripe", "confidence": 89.21, "bbox": {"x1": 200, "y1": 1137, "x2": 359, "y2": 1309, "width": 159, "height": 172}, "cropped_image": "melon-ripe_1_89pct_1742622351.jpg", "processed_image": "melon-ripe_1_processed_1742622351.jpg", "mask_image": "melon-ripe_1_mask_1742622351.jpg", "color_analysis": {"avg_r": 220.99, "avg_g": 182.0, "avg_b": 28.39}}, {"class": "melon-ripe", "confidence": 87.98, "bbox": {"x1": 598, "y1": 1115, "x2": 782, "y2": 1305, "width": 184, "height": 190}, "cropped_image": "melon-ripe_2_87pct_1742622351.jpg", "processed_image": "melon-ripe_2_processed_1742622351.jpg", "mask_image": "melon-ripe_2_mask_1742622351.jpg", "color_analysis": {"avg_r": 232.72, "avg_g": 204.87, "avg_b": 27.24}}, {"class": "melon-ripe", "confidence": 84.83, "bbox": {"x1": 1093, "y1": 939, "x2": 1200, "y2": 1129, "width": 107, "height": 190}, "cropped_image": "melon-ripe_3_84pct_1742622351.jpg", "processed_image": "melon-ripe_3_processed_1742622351.jpg", "mask_image": "melon-ripe_3_mask_1742622351.jpg", "color_analysis": {"avg_r": 218.54, "avg_g": 191.87, "avg_b": 33.14}}, {"class": "melon-ripe", "confidence": 81.46, "bbox": {"x1": 894, "y1": 840, "x2": 957, "y2": 902, "width": 63, "height": 62}, "cropped_image": "melon-ripe_4_81pct_1742622351.jpg", "processed_image": "melon-ripe_4_processed_1742622351.jpg", "mask_image": "melon-ripe_4_mask_1742622351.jpg", "color_analysis": {"avg_r": 224.56, "avg_g": 193.87, "avg_b": 40.76}}, {"class": "melon-unripe", "confidence": 52.02, "bbox": {"x1": 927, "y1": 628, "x2": 986, "y2": 678, "width": 59, "height": 50}, "cropped_image": "melon-unripe_5_52pct_1742622351.jpg", "processed_image": null, "mask_image": null, "color_analysis": null}]}
[22-Mar-2025 06:46:00 Europe/Berlin] Successfully parsed detection data
[22-Mar-2025 06:48:57 Europe/Berlin] File uploaded successfully to: C:\xampp\htdocs\ds_min/output/detect_2/raw_WhatsApp Image 2025-03-22 at 12.00.48 PM.jpeg
[22-Mar-2025 06:48:57 Europe/Berlin] Selected model: combined
[22-Mar-2025 06:48:57 Europe/Berlin] Model path: C:/xampp/htdocs/ds_min/pg/deeplearning/combined.pt (exists: yes)
[22-Mar-2025 06:48:57 Europe/Berlin] Upload path: C:/xampp/htdocs/ds_min/output/detect_2/raw_WhatsApp Image 2025-03-22 at 12.00.48 PM.jpeg (exists: yes)
[22-Mar-2025 06:48:57 Europe/Berlin] Results dir: C:/xampp/htdocs/ds_min/results (exists: yes)
[22-Mar-2025 06:48:57 Europe/Berlin] Starting detection process...
[22-Mar-2025 06:48:57 Europe/Berlin] Executing command: cd "C:\xampp\htdocs\ds_min" && "C:\Users\syauqiarham\anaconda3\python.exe" "C:\Users\syauqiarham\AppData\Local\Temp\det5F52.tmp.py" 2>&1
[22-Mar-2025 06:49:03 Europe/Berlin] Command output:
Current working directory: C:\xampp\htdocs\ds_min
Model path (absolute): C:/xampp/htdocs/ds_min/pg/deeplearning/combined.pt
Upload path (absolute): C:/xampp/htdocs/ds_min/output/detect_2/raw_WhatsApp Image 2025-03-22 at 12.00.48 PM.jpeg
Results directory (absolute): C:/xampp/htdocs/ds_min/output/detect_2
Using HSV ranges:
Range 1: H=[155-255], S=[160-240], V=[160-255]
Range 2: H=[0-30], S=[160-240], V=[160-255]
Loading model...
Model loaded successfully
Reading image...
Image read successfully, shape: (1600, 1200, 3)
Running detection...

0: 1280x960 4 melon-ripes, 1 melon-unripe, 278.4ms
Speed: 23.3ms preprocess, 278.4ms inference, 1.5ms postprocess per image at shape (1, 3, 1280, 960)
Detection completed successfully
Found 5 objects
Processing detection 1: melon-ripe (89.21%)
Successfully saved cropped melon-ripe to: C:/xampp/htdocs/ds_min/output/detect_2\melon-ripe_1_89pct_1742622537.jpg
Processing melon-ripe image for color analysis...
Successfully saved processed melon to: C:/xampp/htdocs/ds_min/output/detect_2\melon-ripe_1_processed_1742622537.jpg
Successfully saved mask to: C:/xampp/htdocs/ds_min/output/detect_2\melon-ripe_1_mask_1742622537.jpg
Processing detection 2: melon-ripe (87.98%)
Successfully saved cropped melon-ripe to: C:/xampp/htdocs/ds_min/output/detect_2\melon-ripe_2_87pct_1742622537.jpg
Processing melon-ripe image for color analysis...
Successfully saved processed melon to: C:/xampp/htdocs/ds_min/output/detect_2\melon-ripe_2_processed_1742622537.jpg
Successfully saved mask to: C:/xampp/htdocs/ds_min/output/detect_2\melon-ripe_2_mask_1742622537.jpg
Processing detection 3: melon-ripe (84.83%)
Successfully saved cropped melon-ripe to: C:/xampp/htdocs/ds_min/output/detect_2\melon-ripe_3_84pct_1742622537.jpg
Processing melon-ripe image for color analysis...
Successfully saved processed melon to: C:/xampp/htdocs/ds_min/output/detect_2\melon-ripe_3_processed_1742622537.jpg
Successfully saved mask to: C:/xampp/htdocs/ds_min/output/detect_2\melon-ripe_3_mask_1742622537.jpg
Processing detection 4: melon-ripe (81.46%)
Successfully saved cropped melon-ripe to: C:/xampp/htdocs/ds_min/output/detect_2\melon-ripe_4_81pct_1742622537.jpg
Processing melon-ripe image for color analysis...
Successfully saved processed melon to: C:/xampp/htdocs/ds_min/output/detect_2\melon-ripe_4_processed_1742622537.jpg
Successfully saved mask to: C:/xampp/htdocs/ds_min/output/detect_2\melon-ripe_4_mask_1742622537.jpg
Processing detection 5: melon-unripe (52.02%)
Successfully saved cropped melon-unripe to: C:/xampp/htdocs/ds_min/output/detect_2\melon-unripe_5_52pct_1742622537.jpg
Saved color analysis to: C:/xampp/htdocs/ds_min/output/detect_2\color_analysis_1742622537.csv
Saved detection results to: C:/xampp/htdocs/ds_min/output/detect_2\1742622537_detections.json
Successfully saved result visualization to: C:/xampp/htdocs/ds_min/output/detect_2\1742622537_result.jpg
DETECTION_RESULTS_START
{"image_size": {"width": 1200, "height": 1600}, "detections": [{"class": "melon-ripe", "confidence": 89.21, "bbox": {"x1": 200, "y1": 1137, "x2": 359, "y2": 1309, "width": 159, "height": 172}, "cropped_image": "melon-ripe_1_89pct_1742622537.jpg", "processed_image": "melon-ripe_1_processed_1742622537.jpg", "mask_image": "melon-ripe_1_mask_1742622537.jpg", "color_analysis": {"avg_r": 220.99, "avg_g": 182.0, "avg_b": 28.39}}, {"class": "melon-ripe", "confidence": 87.98, "bbox": {"x1": 598, "y1": 1115, "x2": 782, "y2": 1305, "width": 184, "height": 190}, "cropped_image": "melon-ripe_2_87pct_1742622537.jpg", "processed_image": "melon-ripe_2_processed_1742622537.jpg", "mask_image": "melon-ripe_2_mask_1742622537.jpg", "color_analysis": {"avg_r": 232.72, "avg_g": 204.87, "avg_b": 27.24}}, {"class": "melon-ripe", "confidence": 84.83, "bbox": {"x1": 1093, "y1": 939, "x2": 1200, "y2": 1129, "width": 107, "height": 190}, "cropped_image": "melon-ripe_3_84pct_1742622537.jpg", "processed_image": "melon-ripe_3_processed_1742622537.jpg", "mask_image": "melon-ripe_3_mask_1742622537.jpg", "color_analysis": {"avg_r": 218.54, "avg_g": 191.87, "avg_b": 33.14}}, {"class": "melon-ripe", "confidence": 81.46, "bbox": {"x1": 894, "y1": 840, "x2": 957, "y2": 902, "width": 63, "height": 62}, "cropped_image": "melon-ripe_4_81pct_1742622537.jpg", "processed_image": "melon-ripe_4_processed_1742622537.jpg", "mask_image": "melon-ripe_4_mask_1742622537.jpg", "color_analysis": {"avg_r": 224.56, "avg_g": 193.87, "avg_b": 40.76}}, {"class": "melon-unripe", "confidence": 52.02, "bbox": {"x1": 927, "y1": 628, "x2": 986, "y2": 678, "width": 59, "height": 50}, "cropped_image": "melon-unripe_5_52pct_1742622537.jpg", "processed_image": null, "mask_image": null, "color_analysis": null}]}
DETECTION_RESULTS_END
[22-Mar-2025 06:49:03 Europe/Berlin] Return code: 0
[22-Mar-2025 06:49:03 Europe/Berlin] Processing line: Current working directory: C:\xampp\htdocs\ds_min
[22-Mar-2025 06:49:03 Europe/Berlin] Processing line: Model path (absolute): C:/xampp/htdocs/ds_min/pg/deeplearning/combined.pt
[22-Mar-2025 06:49:03 Europe/Berlin] Processing line: Upload path (absolute): C:/xampp/htdocs/ds_min/output/detect_2/raw_WhatsApp Image 2025-03-22 at 12.00.48 PM.jpeg
[22-Mar-2025 06:49:03 Europe/Berlin] Processing line: Results directory (absolute): C:/xampp/htdocs/ds_min/output/detect_2
[22-Mar-2025 06:49:03 Europe/Berlin] Processing line: Using HSV ranges:
[22-Mar-2025 06:49:03 Europe/Berlin] Processing line: Range 1: H=[155-255], S=[160-240], V=[160-255]
[22-Mar-2025 06:49:03 Europe/Berlin] Processing line: Range 2: H=[0-30], S=[160-240], V=[160-255]
[22-Mar-2025 06:49:03 Europe/Berlin] Processing line: Loading model...
[22-Mar-2025 06:49:03 Europe/Berlin] Processing line: Model loaded successfully
[22-Mar-2025 06:49:03 Europe/Berlin] Processing line: Reading image...
[22-Mar-2025 06:49:03 Europe/Berlin] Processing line: Image read successfully, shape: (1600, 1200, 3)
[22-Mar-2025 06:49:03 Europe/Berlin] Processing line: Running detection...
[22-Mar-2025 06:49:03 Europe/Berlin] Processing line: 
[22-Mar-2025 06:49:03 Europe/Berlin] Processing line: 0: 1280x960 4 melon-ripes, 1 melon-unripe, 278.4ms
[22-Mar-2025 06:49:03 Europe/Berlin] Processing line: Speed: 23.3ms preprocess, 278.4ms inference, 1.5ms postprocess per image at shape (1, 3, 1280, 960)
[22-Mar-2025 06:49:03 Europe/Berlin] Processing line: Detection completed successfully
[22-Mar-2025 06:49:03 Europe/Berlin] Processing line: Found 5 objects
[22-Mar-2025 06:49:03 Europe/Berlin] Processing line: Processing detection 1: melon-ripe (89.21%)
[22-Mar-2025 06:49:03 Europe/Berlin] Processing line: Successfully saved cropped melon-ripe to: C:/xampp/htdocs/ds_min/output/detect_2\melon-ripe_1_89pct_1742622537.jpg
[22-Mar-2025 06:49:03 Europe/Berlin] Processing line: Processing melon-ripe image for color analysis...
[22-Mar-2025 06:49:03 Europe/Berlin] Processing line: Successfully saved processed melon to: C:/xampp/htdocs/ds_min/output/detect_2\melon-ripe_1_processed_1742622537.jpg
[22-Mar-2025 06:49:03 Europe/Berlin] Processing line: Successfully saved mask to: C:/xampp/htdocs/ds_min/output/detect_2\melon-ripe_1_mask_1742622537.jpg
[22-Mar-2025 06:49:03 Europe/Berlin] Processing line: Processing detection 2: melon-ripe (87.98%)
[22-Mar-2025 06:49:03 Europe/Berlin] Processing line: Successfully saved cropped melon-ripe to: C:/xampp/htdocs/ds_min/output/detect_2\melon-ripe_2_87pct_1742622537.jpg
[22-Mar-2025 06:49:03 Europe/Berlin] Processing line: Processing melon-ripe image for color analysis...
[22-Mar-2025 06:49:03 Europe/Berlin] Processing line: Successfully saved processed melon to: C:/xampp/htdocs/ds_min/output/detect_2\melon-ripe_2_processed_1742622537.jpg
[22-Mar-2025 06:49:03 Europe/Berlin] Processing line: Successfully saved mask to: C:/xampp/htdocs/ds_min/output/detect_2\melon-ripe_2_mask_1742622537.jpg
[22-Mar-2025 06:49:03 Europe/Berlin] Processing line: Processing detection 3: melon-ripe (84.83%)
[22-Mar-2025 06:49:03 Europe/Berlin] Processing line: Successfully saved cropped melon-ripe to: C:/xampp/htdocs/ds_min/output/detect_2\melon-ripe_3_84pct_1742622537.jpg
[22-Mar-2025 06:49:03 Europe/Berlin] Processing line: Processing melon-ripe image for color analysis...
[22-Mar-2025 06:49:03 Europe/Berlin] Processing line: Successfully saved processed melon to: C:/xampp/htdocs/ds_min/output/detect_2\melon-ripe_3_processed_1742622537.jpg
[22-Mar-2025 06:49:03 Europe/Berlin] Processing line: Successfully saved mask to: C:/xampp/htdocs/ds_min/output/detect_2\melon-ripe_3_mask_1742622537.jpg
[22-Mar-2025 06:49:03 Europe/Berlin] Processing line: Processing detection 4: melon-ripe (81.46%)
[22-Mar-2025 06:49:03 Europe/Berlin] Processing line: Successfully saved cropped melon-ripe to: C:/xampp/htdocs/ds_min/output/detect_2\melon-ripe_4_81pct_1742622537.jpg
[22-Mar-2025 06:49:03 Europe/Berlin] Processing line: Processing melon-ripe image for color analysis...
[22-Mar-2025 06:49:03 Europe/Berlin] Processing line: Successfully saved processed melon to: C:/xampp/htdocs/ds_min/output/detect_2\melon-ripe_4_processed_1742622537.jpg
[22-Mar-2025 06:49:03 Europe/Berlin] Processing line: Successfully saved mask to: C:/xampp/htdocs/ds_min/output/detect_2\melon-ripe_4_mask_1742622537.jpg
[22-Mar-2025 06:49:03 Europe/Berlin] Processing line: Processing detection 5: melon-unripe (52.02%)
[22-Mar-2025 06:49:03 Europe/Berlin] Processing line: Successfully saved cropped melon-unripe to: C:/xampp/htdocs/ds_min/output/detect_2\melon-unripe_5_52pct_1742622537.jpg
[22-Mar-2025 06:49:03 Europe/Berlin] Processing line: Saved color analysis to: C:/xampp/htdocs/ds_min/output/detect_2\color_analysis_1742622537.csv
[22-Mar-2025 06:49:03 Europe/Berlin] Processing line: Saved detection results to: C:/xampp/htdocs/ds_min/output/detect_2\1742622537_detections.json
[22-Mar-2025 06:49:03 Europe/Berlin] Processing line: Successfully saved result visualization to: C:/xampp/htdocs/ds_min/output/detect_2\1742622537_result.jpg
[22-Mar-2025 06:49:03 Europe/Berlin] Processing line: DETECTION_RESULTS_START
[22-Mar-2025 06:49:03 Europe/Berlin] Processing line: {"image_size": {"width": 1200, "height": 1600}, "detections": [{"class": "melon-ripe", "confidence": 89.21, "bbox": {"x1": 200, "y1": 1137, "x2": 359, "y2": 1309, "width": 159, "height": 172}, "cropped_image": "melon-ripe_1_89pct_1742622537.jpg", "processed_image": "melon-ripe_1_processed_1742622537.jpg", "mask_image": "melon-ripe_1_mask_1742622537.jpg", "color_analysis": {"avg_r": 220.99, "avg_g": 182.0, "avg_b": 28.39}}, {"class": "melon-ripe", "confidence": 87.98, "bbox": {"x1": 598, "y1": 1115, "x2": 782, "y2": 1305, "width": 184, "height": 190}, "cropped_image": "melon-ripe_2_87pct_1742622537.jpg", "processed_image": "melon-ripe_2_processed_1742622537.jpg", "mask_image": "melon-ripe_2_mask_1742622537.jpg", "color_analysis": {"avg_r": 232.72, "avg_g": 204.87, "avg_b": 27.24}}, {"class": "melon-ripe", "confidence": 84.83, "bbox": {"x1": 1093, "y1": 939, "x2": 1200, "y2": 1129, "width": 107, "height": 190}, "cropped_image": "melon-ripe_3_84pct_1742622537.jpg", "processed_image": "melon-ripe_3_processed_1742622537.jpg", "mask_image": "melon-ripe_3_mask_1742622537.jpg", "color_analysis": {"avg_r": 218.54, "avg_g": 191.87, "avg_b": 33.14}}, {"class": "melon-ripe", "confidence": 81.46, "bbox": {"x1": 894, "y1": 840, "x2": 957, "y2": 902, "width": 63, "height": 62}, "cropped_image": "melon-ripe_4_81pct_1742622537.jpg", "processed_image": "melon-ripe_4_processed_1742622537.jpg", "mask_image": "melon-ripe_4_mask_1742622537.jpg", "color_analysis": {"avg_r": 224.56, "avg_g": 193.87, "avg_b": 40.76}}, {"class": "melon-unripe", "confidence": 52.02, "bbox": {"x1": 927, "y1": 628, "x2": 986, "y2": 678, "width": 59, "height": 50}, "cropped_image": "melon-unripe_5_52pct_1742622537.jpg", "processed_image": null, "mask_image": null, "color_analysis": null}]}
[22-Mar-2025 06:49:03 Europe/Berlin] Processing line: DETECTION_RESULTS_END
[22-Mar-2025 06:49:03 Europe/Berlin] Parsing JSON data: {"image_size": {"width": 1200, "height": 1600}, "detections": [{"class": "melon-ripe", "confidence": 89.21, "bbox": {"x1": 200, "y1": 1137, "x2": 359, "y2": 1309, "width": 159, "height": 172}, "cropped_image": "melon-ripe_1_89pct_1742622537.jpg", "processed_image": "melon-ripe_1_processed_1742622537.jpg", "mask_image": "melon-ripe_1_mask_1742622537.jpg", "color_analysis": {"avg_r": 220.99, "avg_g": 182.0, "avg_b": 28.39}}, {"class": "melon-ripe", "confidence": 87.98, "bbox": {"x1": 598, "y1": 1115, "x2": 782, "y2": 1305, "width": 184, "height": 190}, "cropped_image": "melon-ripe_2_87pct_1742622537.jpg", "processed_image": "melon-ripe_2_processed_1742622537.jpg", "mask_image": "melon-ripe_2_mask_1742622537.jpg", "color_analysis": {"avg_r": 232.72, "avg_g": 204.87, "avg_b": 27.24}}, {"class": "melon-ripe", "confidence": 84.83, "bbox": {"x1": 1093, "y1": 939, "x2": 1200, "y2": 1129, "width": 107, "height": 190}, "cropped_image": "melon-ripe_3_84pct_1742622537.jpg", "processed_image": "melon-ripe_3_processed_1742622537.jpg", "mask_image": "melon-ripe_3_mask_1742622537.jpg", "color_analysis": {"avg_r": 218.54, "avg_g": 191.87, "avg_b": 33.14}}, {"class": "melon-ripe", "confidence": 81.46, "bbox": {"x1": 894, "y1": 840, "x2": 957, "y2": 902, "width": 63, "height": 62}, "cropped_image": "melon-ripe_4_81pct_1742622537.jpg", "processed_image": "melon-ripe_4_processed_1742622537.jpg", "mask_image": "melon-ripe_4_mask_1742622537.jpg", "color_analysis": {"avg_r": 224.56, "avg_g": 193.87, "avg_b": 40.76}}, {"class": "melon-unripe", "confidence": 52.02, "bbox": {"x1": 927, "y1": 628, "x2": 986, "y2": 678, "width": 59, "height": 50}, "cropped_image": "melon-unripe_5_52pct_1742622537.jpg", "processed_image": null, "mask_image": null, "color_analysis": null}]}
[22-Mar-2025 06:49:03 Europe/Berlin] Successfully parsed detection data
[22-Mar-2025 06:52:26 Europe/Berlin] File uploaded successfully to: C:\xampp\htdocs\ds_min/output/detect_3/raw_WhatsApp Image 2025-03-22 at 12.00.48 PM.jpeg
[22-Mar-2025 06:52:26 Europe/Berlin] Selected model: combined
[22-Mar-2025 06:52:26 Europe/Berlin] Model path: C:/xampp/htdocs/ds_min/pg/deeplearning/combined.pt (exists: yes)
[22-Mar-2025 06:52:26 Europe/Berlin] Upload path: C:/xampp/htdocs/ds_min/output/detect_3/raw_WhatsApp Image 2025-03-22 at 12.00.48 PM.jpeg (exists: yes)
[22-Mar-2025 06:52:26 Europe/Berlin] Results dir: C:/xampp/htdocs/ds_min/results (exists: yes)
[22-Mar-2025 06:52:26 Europe/Berlin] Starting detection process...
[22-Mar-2025 06:52:26 Europe/Berlin] Executing command: cd "C:\xampp\htdocs\ds_min" && "C:\Users\syauqiarham\anaconda3\python.exe" "C:\Users\syauqiarham\AppData\Local\Temp\det8DA9.tmp.py" 2>&1
[22-Mar-2025 06:52:31 Europe/Berlin] Command output:
Current working directory: C:\xampp\htdocs\ds_min
Model path (absolute): C:/xampp/htdocs/ds_min/pg/deeplearning/combined.pt
Upload path (absolute): C:/xampp/htdocs/ds_min/output/detect_3/raw_WhatsApp Image 2025-03-22 at 12.00.48 PM.jpeg
Results directory (absolute): C:/xampp/htdocs/ds_min/output/detect_3
Using HSV ranges:
Range 1: H=[155-255], S=[160-240], V=[160-255]
Range 2: H=[0-30], S=[160-240], V=[160-255]
Loading model...
Model loaded successfully
Reading image...
Image read successfully, shape: (1600, 1200, 3)
Running detection...

0: 1280x960 4 melon-ripes, 1 melon-unripe, 263.2ms
Speed: 18.7ms preprocess, 263.2ms inference, 2.1ms postprocess per image at shape (1, 3, 1280, 960)
Detection completed successfully
Found 5 objects
Processing detection 1: melon-ripe (89.21%)
Successfully saved cropped melon-ripe to: C:/xampp/htdocs/ds_min/output/detect_3\melon-ripe_1_89pct_1742622746.jpg
Processing melon-ripe image for color analysis...
Successfully saved processed melon to: C:/xampp/htdocs/ds_min/output/detect_3\melon-ripe_1_processed_1742622746.jpg
Successfully saved mask to: C:/xampp/htdocs/ds_min/output/detect_3\melon-ripe_1_mask_1742622746.jpg
Processing detection 2: melon-ripe (87.98%)
Successfully saved cropped melon-ripe to: C:/xampp/htdocs/ds_min/output/detect_3\melon-ripe_2_87pct_1742622746.jpg
Processing melon-ripe image for color analysis...
Successfully saved processed melon to: C:/xampp/htdocs/ds_min/output/detect_3\melon-ripe_2_processed_1742622746.jpg
Successfully saved mask to: C:/xampp/htdocs/ds_min/output/detect_3\melon-ripe_2_mask_1742622746.jpg
Processing detection 3: melon-ripe (84.83%)
Successfully saved cropped melon-ripe to: C:/xampp/htdocs/ds_min/output/detect_3\melon-ripe_3_84pct_1742622746.jpg
Processing melon-ripe image for color analysis...
Successfully saved processed melon to: C:/xampp/htdocs/ds_min/output/detect_3\melon-ripe_3_processed_1742622746.jpg
Successfully saved mask to: C:/xampp/htdocs/ds_min/output/detect_3\melon-ripe_3_mask_1742622746.jpg
Processing detection 4: melon-ripe (81.46%)
Successfully saved cropped melon-ripe to: C:/xampp/htdocs/ds_min/output/detect_3\melon-ripe_4_81pct_1742622746.jpg
Processing melon-ripe image for color analysis...
Successfully saved processed melon to: C:/xampp/htdocs/ds_min/output/detect_3\melon-ripe_4_processed_1742622746.jpg
Successfully saved mask to: C:/xampp/htdocs/ds_min/output/detect_3\melon-ripe_4_mask_1742622746.jpg
Processing detection 5: melon-unripe (52.02%)
Successfully saved cropped melon-unripe to: C:/xampp/htdocs/ds_min/output/detect_3\melon-unripe_5_52pct_1742622746.jpg
Saved color analysis to: C:/xampp/htdocs/ds_min/output/detect_3\color_analysis_1742622746.csv
Saved detection results to: C:/xampp/htdocs/ds_min/output/detect_3\1742622746_detections.json
Successfully saved result visualization to: C:/xampp/htdocs/ds_min/output/detect_3\1742622746_result.jpg
DETECTION_RESULTS_START
{"image_size": {"width": 1200, "height": 1600}, "detections": [{"class": "melon-ripe", "confidence": 89.21, "bbox": {"x1": 200, "y1": 1137, "x2": 359, "y2": 1309, "width": 159, "height": 172}, "cropped_image": "melon-ripe_1_89pct_1742622746.jpg", "processed_image": "melon-ripe_1_processed_1742622746.jpg", "mask_image": "melon-ripe_1_mask_1742622746.jpg", "color_analysis": {"avg_r": 220.99, "avg_g": 182.0, "avg_b": 28.39}}, {"class": "melon-ripe", "confidence": 87.98, "bbox": {"x1": 598, "y1": 1115, "x2": 782, "y2": 1305, "width": 184, "height": 190}, "cropped_image": "melon-ripe_2_87pct_1742622746.jpg", "processed_image": "melon-ripe_2_processed_1742622746.jpg", "mask_image": "melon-ripe_2_mask_1742622746.jpg", "color_analysis": {"avg_r": 232.72, "avg_g": 204.87, "avg_b": 27.24}}, {"class": "melon-ripe", "confidence": 84.83, "bbox": {"x1": 1093, "y1": 939, "x2": 1200, "y2": 1129, "width": 107, "height": 190}, "cropped_image": "melon-ripe_3_84pct_1742622746.jpg", "processed_image": "melon-ripe_3_processed_1742622746.jpg", "mask_image": "melon-ripe_3_mask_1742622746.jpg", "color_analysis": {"avg_r": 218.54, "avg_g": 191.87, "avg_b": 33.14}}, {"class": "melon-ripe", "confidence": 81.46, "bbox": {"x1": 894, "y1": 840, "x2": 957, "y2": 902, "width": 63, "height": 62}, "cropped_image": "melon-ripe_4_81pct_1742622746.jpg", "processed_image": "melon-ripe_4_processed_1742622746.jpg", "mask_image": "melon-ripe_4_mask_1742622746.jpg", "color_analysis": {"avg_r": 224.56, "avg_g": 193.87, "avg_b": 40.76}}, {"class": "melon-unripe", "confidence": 52.02, "bbox": {"x1": 927, "y1": 628, "x2": 986, "y2": 678, "width": 59, "height": 50}, "cropped_image": "melon-unripe_5_52pct_1742622746.jpg", "processed_image": null, "mask_image": null, "color_analysis": null}]}
DETECTION_RESULTS_END
[22-Mar-2025 06:52:31 Europe/Berlin] Return code: 0
[22-Mar-2025 06:52:31 Europe/Berlin] Processing line: Current working directory: C:\xampp\htdocs\ds_min
[22-Mar-2025 06:52:31 Europe/Berlin] Processing line: Model path (absolute): C:/xampp/htdocs/ds_min/pg/deeplearning/combined.pt
[22-Mar-2025 06:52:31 Europe/Berlin] Processing line: Upload path (absolute): C:/xampp/htdocs/ds_min/output/detect_3/raw_WhatsApp Image 2025-03-22 at 12.00.48 PM.jpeg
[22-Mar-2025 06:52:31 Europe/Berlin] Processing line: Results directory (absolute): C:/xampp/htdocs/ds_min/output/detect_3
[22-Mar-2025 06:52:31 Europe/Berlin] Processing line: Using HSV ranges:
[22-Mar-2025 06:52:31 Europe/Berlin] Processing line: Range 1: H=[155-255], S=[160-240], V=[160-255]
[22-Mar-2025 06:52:31 Europe/Berlin] Processing line: Range 2: H=[0-30], S=[160-240], V=[160-255]
[22-Mar-2025 06:52:31 Europe/Berlin] Processing line: Loading model...
[22-Mar-2025 06:52:31 Europe/Berlin] Processing line: Model loaded successfully
[22-Mar-2025 06:52:31 Europe/Berlin] Processing line: Reading image...
[22-Mar-2025 06:52:31 Europe/Berlin] Processing line: Image read successfully, shape: (1600, 1200, 3)
[22-Mar-2025 06:52:31 Europe/Berlin] Processing line: Running detection...
[22-Mar-2025 06:52:31 Europe/Berlin] Processing line: 
[22-Mar-2025 06:52:31 Europe/Berlin] Processing line: 0: 1280x960 4 melon-ripes, 1 melon-unripe, 263.2ms
[22-Mar-2025 06:52:31 Europe/Berlin] Processing line: Speed: 18.7ms preprocess, 263.2ms inference, 2.1ms postprocess per image at shape (1, 3, 1280, 960)
[22-Mar-2025 06:52:31 Europe/Berlin] Processing line: Detection completed successfully
[22-Mar-2025 06:52:31 Europe/Berlin] Processing line: Found 5 objects
[22-Mar-2025 06:52:31 Europe/Berlin] Processing line: Processing detection 1: melon-ripe (89.21%)
[22-Mar-2025 06:52:31 Europe/Berlin] Processing line: Successfully saved cropped melon-ripe to: C:/xampp/htdocs/ds_min/output/detect_3\melon-ripe_1_89pct_1742622746.jpg
[22-Mar-2025 06:52:31 Europe/Berlin] Processing line: Processing melon-ripe image for color analysis...
[22-Mar-2025 06:52:31 Europe/Berlin] Processing line: Successfully saved processed melon to: C:/xampp/htdocs/ds_min/output/detect_3\melon-ripe_1_processed_1742622746.jpg
[22-Mar-2025 06:52:31 Europe/Berlin] Processing line: Successfully saved mask to: C:/xampp/htdocs/ds_min/output/detect_3\melon-ripe_1_mask_1742622746.jpg
[22-Mar-2025 06:52:31 Europe/Berlin] Processing line: Processing detection 2: melon-ripe (87.98%)
[22-Mar-2025 06:52:31 Europe/Berlin] Processing line: Successfully saved cropped melon-ripe to: C:/xampp/htdocs/ds_min/output/detect_3\melon-ripe_2_87pct_1742622746.jpg
[22-Mar-2025 06:52:31 Europe/Berlin] Processing line: Processing melon-ripe image for color analysis...
[22-Mar-2025 06:52:31 Europe/Berlin] Processing line: Successfully saved processed melon to: C:/xampp/htdocs/ds_min/output/detect_3\melon-ripe_2_processed_1742622746.jpg
[22-Mar-2025 06:52:31 Europe/Berlin] Processing line: Successfully saved mask to: C:/xampp/htdocs/ds_min/output/detect_3\melon-ripe_2_mask_1742622746.jpg
[22-Mar-2025 06:52:31 Europe/Berlin] Processing line: Processing detection 3: melon-ripe (84.83%)
[22-Mar-2025 06:52:31 Europe/Berlin] Processing line: Successfully saved cropped melon-ripe to: C:/xampp/htdocs/ds_min/output/detect_3\melon-ripe_3_84pct_1742622746.jpg
[22-Mar-2025 06:52:31 Europe/Berlin] Processing line: Processing melon-ripe image for color analysis...
[22-Mar-2025 06:52:31 Europe/Berlin] Processing line: Successfully saved processed melon to: C:/xampp/htdocs/ds_min/output/detect_3\melon-ripe_3_processed_1742622746.jpg
[22-Mar-2025 06:52:31 Europe/Berlin] Processing line: Successfully saved mask to: C:/xampp/htdocs/ds_min/output/detect_3\melon-ripe_3_mask_1742622746.jpg
[22-Mar-2025 06:52:31 Europe/Berlin] Processing line: Processing detection 4: melon-ripe (81.46%)
[22-Mar-2025 06:52:31 Europe/Berlin] Processing line: Successfully saved cropped melon-ripe to: C:/xampp/htdocs/ds_min/output/detect_3\melon-ripe_4_81pct_1742622746.jpg
[22-Mar-2025 06:52:31 Europe/Berlin] Processing line: Processing melon-ripe image for color analysis...
[22-Mar-2025 06:52:31 Europe/Berlin] Processing line: Successfully saved processed melon to: C:/xampp/htdocs/ds_min/output/detect_3\melon-ripe_4_processed_1742622746.jpg
[22-Mar-2025 06:52:31 Europe/Berlin] Processing line: Successfully saved mask to: C:/xampp/htdocs/ds_min/output/detect_3\melon-ripe_4_mask_1742622746.jpg
[22-Mar-2025 06:52:31 Europe/Berlin] Processing line: Processing detection 5: melon-unripe (52.02%)
[22-Mar-2025 06:52:31 Europe/Berlin] Processing line: Successfully saved cropped melon-unripe to: C:/xampp/htdocs/ds_min/output/detect_3\melon-unripe_5_52pct_1742622746.jpg
[22-Mar-2025 06:52:31 Europe/Berlin] Processing line: Saved color analysis to: C:/xampp/htdocs/ds_min/output/detect_3\color_analysis_1742622746.csv
[22-Mar-2025 06:52:31 Europe/Berlin] Processing line: Saved detection results to: C:/xampp/htdocs/ds_min/output/detect_3\1742622746_detections.json
[22-Mar-2025 06:52:31 Europe/Berlin] Processing line: Successfully saved result visualization to: C:/xampp/htdocs/ds_min/output/detect_3\1742622746_result.jpg
[22-Mar-2025 06:52:31 Europe/Berlin] Processing line: DETECTION_RESULTS_START
[22-Mar-2025 06:52:31 Europe/Berlin] Processing line: {"image_size": {"width": 1200, "height": 1600}, "detections": [{"class": "melon-ripe", "confidence": 89.21, "bbox": {"x1": 200, "y1": 1137, "x2": 359, "y2": 1309, "width": 159, "height": 172}, "cropped_image": "melon-ripe_1_89pct_1742622746.jpg", "processed_image": "melon-ripe_1_processed_1742622746.jpg", "mask_image": "melon-ripe_1_mask_1742622746.jpg", "color_analysis": {"avg_r": 220.99, "avg_g": 182.0, "avg_b": 28.39}}, {"class": "melon-ripe", "confidence": 87.98, "bbox": {"x1": 598, "y1": 1115, "x2": 782, "y2": 1305, "width": 184, "height": 190}, "cropped_image": "melon-ripe_2_87pct_1742622746.jpg", "processed_image": "melon-ripe_2_processed_1742622746.jpg", "mask_image": "melon-ripe_2_mask_1742622746.jpg", "color_analysis": {"avg_r": 232.72, "avg_g": 204.87, "avg_b": 27.24}}, {"class": "melon-ripe", "confidence": 84.83, "bbox": {"x1": 1093, "y1": 939, "x2": 1200, "y2": 1129, "width": 107, "height": 190}, "cropped_image": "melon-ripe_3_84pct_1742622746.jpg", "processed_image": "melon-ripe_3_processed_1742622746.jpg", "mask_image": "melon-ripe_3_mask_1742622746.jpg", "color_analysis": {"avg_r": 218.54, "avg_g": 191.87, "avg_b": 33.14}}, {"class": "melon-ripe", "confidence": 81.46, "bbox": {"x1": 894, "y1": 840, "x2": 957, "y2": 902, "width": 63, "height": 62}, "cropped_image": "melon-ripe_4_81pct_1742622746.jpg", "processed_image": "melon-ripe_4_processed_1742622746.jpg", "mask_image": "melon-ripe_4_mask_1742622746.jpg", "color_analysis": {"avg_r": 224.56, "avg_g": 193.87, "avg_b": 40.76}}, {"class": "melon-unripe", "confidence": 52.02, "bbox": {"x1": 927, "y1": 628, "x2": 986, "y2": 678, "width": 59, "height": 50}, "cropped_image": "melon-unripe_5_52pct_1742622746.jpg", "processed_image": null, "mask_image": null, "color_analysis": null}]}
[22-Mar-2025 06:52:31 Europe/Berlin] Processing line: DETECTION_RESULTS_END
[22-Mar-2025 06:52:31 Europe/Berlin] Parsing JSON data: {"image_size": {"width": 1200, "height": 1600}, "detections": [{"class": "melon-ripe", "confidence": 89.21, "bbox": {"x1": 200, "y1": 1137, "x2": 359, "y2": 1309, "width": 159, "height": 172}, "cropped_image": "melon-ripe_1_89pct_1742622746.jpg", "processed_image": "melon-ripe_1_processed_1742622746.jpg", "mask_image": "melon-ripe_1_mask_1742622746.jpg", "color_analysis": {"avg_r": 220.99, "avg_g": 182.0, "avg_b": 28.39}}, {"class": "melon-ripe", "confidence": 87.98, "bbox": {"x1": 598, "y1": 1115, "x2": 782, "y2": 1305, "width": 184, "height": 190}, "cropped_image": "melon-ripe_2_87pct_1742622746.jpg", "processed_image": "melon-ripe_2_processed_1742622746.jpg", "mask_image": "melon-ripe_2_mask_1742622746.jpg", "color_analysis": {"avg_r": 232.72, "avg_g": 204.87, "avg_b": 27.24}}, {"class": "melon-ripe", "confidence": 84.83, "bbox": {"x1": 1093, "y1": 939, "x2": 1200, "y2": 1129, "width": 107, "height": 190}, "cropped_image": "melon-ripe_3_84pct_1742622746.jpg", "processed_image": "melon-ripe_3_processed_1742622746.jpg", "mask_image": "melon-ripe_3_mask_1742622746.jpg", "color_analysis": {"avg_r": 218.54, "avg_g": 191.87, "avg_b": 33.14}}, {"class": "melon-ripe", "confidence": 81.46, "bbox": {"x1": 894, "y1": 840, "x2": 957, "y2": 902, "width": 63, "height": 62}, "cropped_image": "melon-ripe_4_81pct_1742622746.jpg", "processed_image": "melon-ripe_4_processed_1742622746.jpg", "mask_image": "melon-ripe_4_mask_1742622746.jpg", "color_analysis": {"avg_r": 224.56, "avg_g": 193.87, "avg_b": 40.76}}, {"class": "melon-unripe", "confidence": 52.02, "bbox": {"x1": 927, "y1": 628, "x2": 986, "y2": 678, "width": 59, "height": 50}, "cropped_image": "melon-unripe_5_52pct_1742622746.jpg", "processed_image": null, "mask_image": null, "color_analysis": null}]}
[22-Mar-2025 06:52:31 Europe/Berlin] Successfully parsed detection data
[22-Mar-2025 07:49:03 Europe/Berlin] File uploaded successfully to: C:\xampp\htdocs\ds_min/output/detect_4/raw_WhatsApp Image 2025-03-22 at 12.00.48 PM.jpeg
[22-Mar-2025 07:49:03 Europe/Berlin] Selected model: combined
[22-Mar-2025 07:49:03 Europe/Berlin] Model path: C:/xampp/htdocs/ds_min/pg/deeplearning/combined.pt (exists: yes)
[22-Mar-2025 07:49:03 Europe/Berlin] Upload path: C:/xampp/htdocs/ds_min/output/detect_4/raw_WhatsApp Image 2025-03-22 at 12.00.48 PM.jpeg (exists: yes)
[22-Mar-2025 07:49:03 Europe/Berlin] Results dir: C:/xampp/htdocs/ds_min/results (exists: yes)
[22-Mar-2025 07:49:03 Europe/Berlin] Starting detection process...
[22-Mar-2025 07:49:03 Europe/Berlin] Executing command: cd "C:\xampp\htdocs\ds_min" && "C:\Users\syauqiarham\anaconda3\python.exe" "C:\Users\syauqiarham\AppData\Local\Temp\det640E.tmp.py" 2>&1
[22-Mar-2025 07:49:08 Europe/Berlin] Command output:
Current working directory: C:\xampp\htdocs\ds_min
Model path (absolute): C:/xampp/htdocs/ds_min/pg/deeplearning/combined.pt
Upload path (absolute): C:/xampp/htdocs/ds_min/output/detect_4/raw_WhatsApp Image 2025-03-22 at 12.00.48 PM.jpeg
Results directory (absolute): C:/xampp/htdocs/ds_min/output/detect_4
Using HSV ranges:
Range 1: H=[155-255], S=[160-240], V=[160-255]
Range 2: H=[0-30], S=[160-240], V=[160-255]
Loading model...
Model loaded successfully
Reading image...
Image read successfully, shape: (1600, 1200, 3)
Running detection...

0: 1280x960 4 melon-ripes, 1 melon-unripe, 187.7ms
Speed: 9.4ms preprocess, 187.7ms inference, 1.4ms postprocess per image at shape (1, 3, 1280, 960)
Detection completed successfully
Found 5 objects
Processing detection 1: melon-ripe (89.21%)
Successfully saved cropped melon-ripe to: C:/xampp/htdocs/ds_min/output/detect_4\melon-ripe_1_89pct_1742626143.jpg
Processing melon-ripe image for color analysis...
Successfully saved processed melon to: C:/xampp/htdocs/ds_min/output/detect_4\melon-ripe_1_processed_1742626143.jpg
Successfully saved mask to: C:/xampp/htdocs/ds_min/output/detect_4\melon-ripe_1_mask_1742626143.jpg
Processing detection 2: melon-ripe (87.98%)
Successfully saved cropped melon-ripe to: C:/xampp/htdocs/ds_min/output/detect_4\melon-ripe_2_87pct_1742626143.jpg
Processing melon-ripe image for color analysis...
Successfully saved processed melon to: C:/xampp/htdocs/ds_min/output/detect_4\melon-ripe_2_processed_1742626143.jpg
Successfully saved mask to: C:/xampp/htdocs/ds_min/output/detect_4\melon-ripe_2_mask_1742626143.jpg
Processing detection 3: melon-ripe (84.83%)
Successfully saved cropped melon-ripe to: C:/xampp/htdocs/ds_min/output/detect_4\melon-ripe_3_84pct_1742626143.jpg
Processing melon-ripe image for color analysis...
Successfully saved processed melon to: C:/xampp/htdocs/ds_min/output/detect_4\melon-ripe_3_processed_1742626143.jpg
Successfully saved mask to: C:/xampp/htdocs/ds_min/output/detect_4\melon-ripe_3_mask_1742626143.jpg
Processing detection 4: melon-ripe (81.46%)
Successfully saved cropped melon-ripe to: C:/xampp/htdocs/ds_min/output/detect_4\melon-ripe_4_81pct_1742626143.jpg
Processing melon-ripe image for color analysis...
Successfully saved processed melon to: C:/xampp/htdocs/ds_min/output/detect_4\melon-ripe_4_processed_1742626143.jpg
Successfully saved mask to: C:/xampp/htdocs/ds_min/output/detect_4\melon-ripe_4_mask_1742626143.jpg
Processing detection 5: melon-unripe (52.02%)
Successfully saved cropped melon-unripe to: C:/xampp/htdocs/ds_min/output/detect_4\melon-unripe_5_52pct_1742626143.jpg
Saved color analysis to: C:/xampp/htdocs/ds_min/output/detect_4\color_analysis_1742626143.csv
Saved detection results to: C:/xampp/htdocs/ds_min/output/detect_4\1742626143_detections.json
Successfully saved result visualization to: C:/xampp/htdocs/ds_min/output/detect_4\1742626143_result.jpg
DETECTION_RESULTS_START
{"image_size": {"width": 1200, "height": 1600}, "detections": [{"class": "melon-ripe", "confidence": 89.21, "bbox": {"x1": 200, "y1": 1137, "x2": 359, "y2": 1309, "width": 159, "height": 172}, "cropped_image": "melon-ripe_1_89pct_1742626143.jpg", "processed_image": "melon-ripe_1_processed_1742626143.jpg", "mask_image": "melon-ripe_1_mask_1742626143.jpg", "color_analysis": {"avg_r": 220.99, "avg_g": 182.0, "avg_b": 28.39}}, {"class": "melon-ripe", "confidence": 87.98, "bbox": {"x1": 598, "y1": 1115, "x2": 782, "y2": 1305, "width": 184, "height": 190}, "cropped_image": "melon-ripe_2_87pct_1742626143.jpg", "processed_image": "melon-ripe_2_processed_1742626143.jpg", "mask_image": "melon-ripe_2_mask_1742626143.jpg", "color_analysis": {"avg_r": 232.72, "avg_g": 204.87, "avg_b": 27.24}}, {"class": "melon-ripe", "confidence": 84.83, "bbox": {"x1": 1093, "y1": 939, "x2": 1200, "y2": 1129, "width": 107, "height": 190}, "cropped_image": "melon-ripe_3_84pct_1742626143.jpg", "processed_image": "melon-ripe_3_processed_1742626143.jpg", "mask_image": "melon-ripe_3_mask_1742626143.jpg", "color_analysis": {"avg_r": 218.54, "avg_g": 191.87, "avg_b": 33.14}}, {"class": "melon-ripe", "confidence": 81.46, "bbox": {"x1": 894, "y1": 840, "x2": 957, "y2": 902, "width": 63, "height": 62}, "cropped_image": "melon-ripe_4_81pct_1742626143.jpg", "processed_image": "melon-ripe_4_processed_1742626143.jpg", "mask_image": "melon-ripe_4_mask_1742626143.jpg", "color_analysis": {"avg_r": 224.56, "avg_g": 193.87, "avg_b": 40.76}}, {"class": "melon-unripe", "confidence": 52.02, "bbox": {"x1": 927, "y1": 628, "x2": 986, "y2": 678, "width": 59, "height": 50}, "cropped_image": "melon-unripe_5_52pct_1742626143.jpg", "processed_image": null, "mask_image": null, "color_analysis": null}]}
DETECTION_RESULTS_END
[22-Mar-2025 07:49:08 Europe/Berlin] Return code: 0
[22-Mar-2025 07:49:08 Europe/Berlin] Processing line: Current working directory: C:\xampp\htdocs\ds_min
[22-Mar-2025 07:49:08 Europe/Berlin] Processing line: Model path (absolute): C:/xampp/htdocs/ds_min/pg/deeplearning/combined.pt
[22-Mar-2025 07:49:08 Europe/Berlin] Processing line: Upload path (absolute): C:/xampp/htdocs/ds_min/output/detect_4/raw_WhatsApp Image 2025-03-22 at 12.00.48 PM.jpeg
[22-Mar-2025 07:49:08 Europe/Berlin] Processing line: Results directory (absolute): C:/xampp/htdocs/ds_min/output/detect_4
[22-Mar-2025 07:49:08 Europe/Berlin] Processing line: Using HSV ranges:
[22-Mar-2025 07:49:08 Europe/Berlin] Processing line: Range 1: H=[155-255], S=[160-240], V=[160-255]
[22-Mar-2025 07:49:08 Europe/Berlin] Processing line: Range 2: H=[0-30], S=[160-240], V=[160-255]
[22-Mar-2025 07:49:08 Europe/Berlin] Processing line: Loading model...
[22-Mar-2025 07:49:08 Europe/Berlin] Processing line: Model loaded successfully
[22-Mar-2025 07:49:08 Europe/Berlin] Processing line: Reading image...
[22-Mar-2025 07:49:08 Europe/Berlin] Processing line: Image read successfully, shape: (1600, 1200, 3)
[22-Mar-2025 07:49:08 Europe/Berlin] Processing line: Running detection...
[22-Mar-2025 07:49:08 Europe/Berlin] Processing line: 
[22-Mar-2025 07:49:08 Europe/Berlin] Processing line: 0: 1280x960 4 melon-ripes, 1 melon-unripe, 187.7ms
[22-Mar-2025 07:49:08 Europe/Berlin] Processing line: Speed: 9.4ms preprocess, 187.7ms inference, 1.4ms postprocess per image at shape (1, 3, 1280, 960)
[22-Mar-2025 07:49:08 Europe/Berlin] Processing line: Detection completed successfully
[22-Mar-2025 07:49:08 Europe/Berlin] Processing line: Found 5 objects
[22-Mar-2025 07:49:08 Europe/Berlin] Processing line: Processing detection 1: melon-ripe (89.21%)
[22-Mar-2025 07:49:08 Europe/Berlin] Processing line: Successfully saved cropped melon-ripe to: C:/xampp/htdocs/ds_min/output/detect_4\melon-ripe_1_89pct_1742626143.jpg
[22-Mar-2025 07:49:08 Europe/Berlin] Processing line: Processing melon-ripe image for color analysis...
[22-Mar-2025 07:49:08 Europe/Berlin] Processing line: Successfully saved processed melon to: C:/xampp/htdocs/ds_min/output/detect_4\melon-ripe_1_processed_1742626143.jpg
[22-Mar-2025 07:49:08 Europe/Berlin] Processing line: Successfully saved mask to: C:/xampp/htdocs/ds_min/output/detect_4\melon-ripe_1_mask_1742626143.jpg
[22-Mar-2025 07:49:08 Europe/Berlin] Processing line: Processing detection 2: melon-ripe (87.98%)
[22-Mar-2025 07:49:08 Europe/Berlin] Processing line: Successfully saved cropped melon-ripe to: C:/xampp/htdocs/ds_min/output/detect_4\melon-ripe_2_87pct_1742626143.jpg
[22-Mar-2025 07:49:08 Europe/Berlin] Processing line: Processing melon-ripe image for color analysis...
[22-Mar-2025 07:49:08 Europe/Berlin] Processing line: Successfully saved processed melon to: C:/xampp/htdocs/ds_min/output/detect_4\melon-ripe_2_processed_1742626143.jpg
[22-Mar-2025 07:49:08 Europe/Berlin] Processing line: Successfully saved mask to: C:/xampp/htdocs/ds_min/output/detect_4\melon-ripe_2_mask_1742626143.jpg
[22-Mar-2025 07:49:08 Europe/Berlin] Processing line: Processing detection 3: melon-ripe (84.83%)
[22-Mar-2025 07:49:08 Europe/Berlin] Processing line: Successfully saved cropped melon-ripe to: C:/xampp/htdocs/ds_min/output/detect_4\melon-ripe_3_84pct_1742626143.jpg
[22-Mar-2025 07:49:08 Europe/Berlin] Processing line: Processing melon-ripe image for color analysis...
[22-Mar-2025 07:49:08 Europe/Berlin] Processing line: Successfully saved processed melon to: C:/xampp/htdocs/ds_min/output/detect_4\melon-ripe_3_processed_1742626143.jpg
[22-Mar-2025 07:49:08 Europe/Berlin] Processing line: Successfully saved mask to: C:/xampp/htdocs/ds_min/output/detect_4\melon-ripe_3_mask_1742626143.jpg
[22-Mar-2025 07:49:08 Europe/Berlin] Processing line: Processing detection 4: melon-ripe (81.46%)
[22-Mar-2025 07:49:08 Europe/Berlin] Processing line: Successfully saved cropped melon-ripe to: C:/xampp/htdocs/ds_min/output/detect_4\melon-ripe_4_81pct_1742626143.jpg
[22-Mar-2025 07:49:08 Europe/Berlin] Processing line: Processing melon-ripe image for color analysis...
[22-Mar-2025 07:49:08 Europe/Berlin] Processing line: Successfully saved processed melon to: C:/xampp/htdocs/ds_min/output/detect_4\melon-ripe_4_processed_1742626143.jpg
[22-Mar-2025 07:49:08 Europe/Berlin] Processing line: Successfully saved mask to: C:/xampp/htdocs/ds_min/output/detect_4\melon-ripe_4_mask_1742626143.jpg
[22-Mar-2025 07:49:08 Europe/Berlin] Processing line: Processing detection 5: melon-unripe (52.02%)
[22-Mar-2025 07:49:08 Europe/Berlin] Processing line: Successfully saved cropped melon-unripe to: C:/xampp/htdocs/ds_min/output/detect_4\melon-unripe_5_52pct_1742626143.jpg
[22-Mar-2025 07:49:08 Europe/Berlin] Processing line: Saved color analysis to: C:/xampp/htdocs/ds_min/output/detect_4\color_analysis_1742626143.csv
[22-Mar-2025 07:49:08 Europe/Berlin] Processing line: Saved detection results to: C:/xampp/htdocs/ds_min/output/detect_4\1742626143_detections.json
[22-Mar-2025 07:49:08 Europe/Berlin] Processing line: Successfully saved result visualization to: C:/xampp/htdocs/ds_min/output/detect_4\1742626143_result.jpg
[22-Mar-2025 07:49:08 Europe/Berlin] Processing line: DETECTION_RESULTS_START
[22-Mar-2025 07:49:08 Europe/Berlin] Processing line: {"image_size": {"width": 1200, "height": 1600}, "detections": [{"class": "melon-ripe", "confidence": 89.21, "bbox": {"x1": 200, "y1": 1137, "x2": 359, "y2": 1309, "width": 159, "height": 172}, "cropped_image": "melon-ripe_1_89pct_1742626143.jpg", "processed_image": "melon-ripe_1_processed_1742626143.jpg", "mask_image": "melon-ripe_1_mask_1742626143.jpg", "color_analysis": {"avg_r": 220.99, "avg_g": 182.0, "avg_b": 28.39}}, {"class": "melon-ripe", "confidence": 87.98, "bbox": {"x1": 598, "y1": 1115, "x2": 782, "y2": 1305, "width": 184, "height": 190}, "cropped_image": "melon-ripe_2_87pct_1742626143.jpg", "processed_image": "melon-ripe_2_processed_1742626143.jpg", "mask_image": "melon-ripe_2_mask_1742626143.jpg", "color_analysis": {"avg_r": 232.72, "avg_g": 204.87, "avg_b": 27.24}}, {"class": "melon-ripe", "confidence": 84.83, "bbox": {"x1": 1093, "y1": 939, "x2": 1200, "y2": 1129, "width": 107, "height": 190}, "cropped_image": "melon-ripe_3_84pct_1742626143.jpg", "processed_image": "melon-ripe_3_processed_1742626143.jpg", "mask_image": "melon-ripe_3_mask_1742626143.jpg", "color_analysis": {"avg_r": 218.54, "avg_g": 191.87, "avg_b": 33.14}}, {"class": "melon-ripe", "confidence": 81.46, "bbox": {"x1": 894, "y1": 840, "x2": 957, "y2": 902, "width": 63, "height": 62}, "cropped_image": "melon-ripe_4_81pct_1742626143.jpg", "processed_image": "melon-ripe_4_processed_1742626143.jpg", "mask_image": "melon-ripe_4_mask_1742626143.jpg", "color_analysis": {"avg_r": 224.56, "avg_g": 193.87, "avg_b": 40.76}}, {"class": "melon-unripe", "confidence": 52.02, "bbox": {"x1": 927, "y1": 628, "x2": 986, "y2": 678, "width": 59, "height": 50}, "cropped_image": "melon-unripe_5_52pct_1742626143.jpg", "processed_image": null, "mask_image": null, "color_analysis": null}]}
[22-Mar-2025 07:49:08 Europe/Berlin] Processing line: DETECTION_RESULTS_END
[22-Mar-2025 07:49:08 Europe/Berlin] Parsing JSON data: {"image_size": {"width": 1200, "height": 1600}, "detections": [{"class": "melon-ripe", "confidence": 89.21, "bbox": {"x1": 200, "y1": 1137, "x2": 359, "y2": 1309, "width": 159, "height": 172}, "cropped_image": "melon-ripe_1_89pct_1742626143.jpg", "processed_image": "melon-ripe_1_processed_1742626143.jpg", "mask_image": "melon-ripe_1_mask_1742626143.jpg", "color_analysis": {"avg_r": 220.99, "avg_g": 182.0, "avg_b": 28.39}}, {"class": "melon-ripe", "confidence": 87.98, "bbox": {"x1": 598, "y1": 1115, "x2": 782, "y2": 1305, "width": 184, "height": 190}, "cropped_image": "melon-ripe_2_87pct_1742626143.jpg", "processed_image": "melon-ripe_2_processed_1742626143.jpg", "mask_image": "melon-ripe_2_mask_1742626143.jpg", "color_analysis": {"avg_r": 232.72, "avg_g": 204.87, "avg_b": 27.24}}, {"class": "melon-ripe", "confidence": 84.83, "bbox": {"x1": 1093, "y1": 939, "x2": 1200, "y2": 1129, "width": 107, "height": 190}, "cropped_image": "melon-ripe_3_84pct_1742626143.jpg", "processed_image": "melon-ripe_3_processed_1742626143.jpg", "mask_image": "melon-ripe_3_mask_1742626143.jpg", "color_analysis": {"avg_r": 218.54, "avg_g": 191.87, "avg_b": 33.14}}, {"class": "melon-ripe", "confidence": 81.46, "bbox": {"x1": 894, "y1": 840, "x2": 957, "y2": 902, "width": 63, "height": 62}, "cropped_image": "melon-ripe_4_81pct_1742626143.jpg", "processed_image": "melon-ripe_4_processed_1742626143.jpg", "mask_image": "melon-ripe_4_mask_1742626143.jpg", "color_analysis": {"avg_r": 224.56, "avg_g": 193.87, "avg_b": 40.76}}, {"class": "melon-unripe", "confidence": 52.02, "bbox": {"x1": 927, "y1": 628, "x2": 986, "y2": 678, "width": 59, "height": 50}, "cropped_image": "melon-unripe_5_52pct_1742626143.jpg", "processed_image": null, "mask_image": null, "color_analysis": null}]}
[22-Mar-2025 07:49:08 Europe/Berlin] Successfully parsed detection data
[22-Mar-2025 08:41:19 Europe/Berlin] File uploaded successfully to: C:\xampp\htdocs\ds_min/output/detect_5/raw_WhatsApp Image 2025-03-22 at 12.00.48 PM.jpeg
[22-Mar-2025 08:41:19 Europe/Berlin] Selected model: combined
[22-Mar-2025 08:41:19 Europe/Berlin] Model path: C:/xampp/htdocs/ds_min/pg/deeplearning/combined.pt (exists: yes)
[22-Mar-2025 08:41:19 Europe/Berlin] Upload path: C:/xampp/htdocs/ds_min/output/detect_5/raw_WhatsApp Image 2025-03-22 at 12.00.48 PM.jpeg (exists: yes)
[22-Mar-2025 08:41:19 Europe/Berlin] Results dir: C:/xampp/htdocs/ds_min/results (exists: yes)
[22-Mar-2025 08:41:19 Europe/Berlin] Starting detection process...
[22-Mar-2025 08:41:19 Europe/Berlin] Executing command: cd "C:\xampp\htdocs\ds_min" && "C:\Users\syauqiarham\anaconda3\python.exe" "C:\Users\syauqiarham\AppData\Local\Temp\det3D41.tmp.py" 2>&1
[22-Mar-2025 08:41:26 Europe/Berlin] Command output:
Current working directory: C:\xampp\htdocs\ds_min
Model path (absolute): C:/xampp/htdocs/ds_min/pg/deeplearning/combined.pt
Upload path (absolute): C:/xampp/htdocs/ds_min/output/detect_5/raw_WhatsApp Image 2025-03-22 at 12.00.48 PM.jpeg
Results directory (absolute): C:/xampp/htdocs/ds_min/output/detect_5
Using HSV ranges:
Range 1: H=[155-255], S=[160-240], V=[160-255]
Range 2: H=[0-30], S=[160-240], V=[160-255]
Loading model...
Model loaded successfully
Reading image...
Image read successfully, shape: (1600, 1200, 3)
Running detection...

0: 1280x960 4 melon-ripes, 1 melon-unripe, 283.1ms
Speed: 10.9ms preprocess, 283.1ms inference, 9.8ms postprocess per image at shape (1, 3, 1280, 960)
Detection completed successfully
Found 5 objects
Processing detection 1: melon-ripe (89.21%)
Successfully saved cropped melon-ripe to: C:/xampp/htdocs/ds_min/output/detect_5\melon-ripe_1_89pct_1742629279.jpg
Processing melon-ripe image for color analysis...
Successfully saved processed melon to: C:/xampp/htdocs/ds_min/output/detect_5\melon-ripe_1_processed_1742629279.jpg
Successfully saved mask to: C:/xampp/htdocs/ds_min/output/detect_5\melon-ripe_1_mask_1742629279.jpg
Processing detection 2: melon-ripe (87.98%)
Successfully saved cropped melon-ripe to: C:/xampp/htdocs/ds_min/output/detect_5\melon-ripe_2_87pct_1742629279.jpg
Processing melon-ripe image for color analysis...
Successfully saved processed melon to: C:/xampp/htdocs/ds_min/output/detect_5\melon-ripe_2_processed_1742629279.jpg
Successfully saved mask to: C:/xampp/htdocs/ds_min/output/detect_5\melon-ripe_2_mask_1742629279.jpg
Processing detection 3: melon-ripe (84.83%)
Successfully saved cropped melon-ripe to: C:/xampp/htdocs/ds_min/output/detect_5\melon-ripe_3_84pct_1742629279.jpg
Processing melon-ripe image for color analysis...
Successfully saved processed melon to: C:/xampp/htdocs/ds_min/output/detect_5\melon-ripe_3_processed_1742629279.jpg
Successfully saved mask to: C:/xampp/htdocs/ds_min/output/detect_5\melon-ripe_3_mask_1742629279.jpg
Processing detection 4: melon-ripe (81.46%)
Successfully saved cropped melon-ripe to: C:/xampp/htdocs/ds_min/output/detect_5\melon-ripe_4_81pct_1742629279.jpg
Processing melon-ripe image for color analysis...
Successfully saved processed melon to: C:/xampp/htdocs/ds_min/output/detect_5\melon-ripe_4_processed_1742629279.jpg
Successfully saved mask to: C:/xampp/htdocs/ds_min/output/detect_5\melon-ripe_4_mask_1742629279.jpg
Processing detection 5: melon-unripe (52.02%)
Successfully saved cropped melon-unripe to: C:/xampp/htdocs/ds_min/output/detect_5\melon-unripe_5_52pct_1742629279.jpg
Saved color analysis to: C:/xampp/htdocs/ds_min/output/detect_5\color_analysis_1742629279.csv
Saved detection results to: C:/xampp/htdocs/ds_min/output/detect_5\1742629279_detections.json
Successfully saved result visualization to: C:/xampp/htdocs/ds_min/output/detect_5\1742629279_result.jpg
DETECTION_RESULTS_START
{"image_size": {"width": 1200, "height": 1600}, "detections": [{"class": "melon-ripe", "confidence": 89.21, "bbox": {"x1": 200, "y1": 1137, "x2": 359, "y2": 1309, "width": 159, "height": 172}, "cropped_image": "melon-ripe_1_89pct_1742629279.jpg", "processed_image": "melon-ripe_1_processed_1742629279.jpg", "mask_image": "melon-ripe_1_mask_1742629279.jpg", "color_analysis": {"avg_r": 220.99, "avg_g": 182.0, "avg_b": 28.39}}, {"class": "melon-ripe", "confidence": 87.98, "bbox": {"x1": 598, "y1": 1115, "x2": 782, "y2": 1305, "width": 184, "height": 190}, "cropped_image": "melon-ripe_2_87pct_1742629279.jpg", "processed_image": "melon-ripe_2_processed_1742629279.jpg", "mask_image": "melon-ripe_2_mask_1742629279.jpg", "color_analysis": {"avg_r": 232.72, "avg_g": 204.87, "avg_b": 27.24}}, {"class": "melon-ripe", "confidence": 84.83, "bbox": {"x1": 1093, "y1": 939, "x2": 1200, "y2": 1129, "width": 107, "height": 190}, "cropped_image": "melon-ripe_3_84pct_1742629279.jpg", "processed_image": "melon-ripe_3_processed_1742629279.jpg", "mask_image": "melon-ripe_3_mask_1742629279.jpg", "color_analysis": {"avg_r": 218.54, "avg_g": 191.87, "avg_b": 33.14}}, {"class": "melon-ripe", "confidence": 81.46, "bbox": {"x1": 894, "y1": 840, "x2": 957, "y2": 902, "width": 63, "height": 62}, "cropped_image": "melon-ripe_4_81pct_1742629279.jpg", "processed_image": "melon-ripe_4_processed_1742629279.jpg", "mask_image": "melon-ripe_4_mask_1742629279.jpg", "color_analysis": {"avg_r": 224.56, "avg_g": 193.87, "avg_b": 40.76}}, {"class": "melon-unripe", "confidence": 52.02, "bbox": {"x1": 927, "y1": 628, "x2": 986, "y2": 678, "width": 59, "height": 50}, "cropped_image": "melon-unripe_5_52pct_1742629279.jpg", "processed_image": null, "mask_image": null, "color_analysis": null}]}
DETECTION_RESULTS_END
[22-Mar-2025 08:41:26 Europe/Berlin] Return code: 0
[22-Mar-2025 08:41:26 Europe/Berlin] Processing line: Current working directory: C:\xampp\htdocs\ds_min
[22-Mar-2025 08:41:26 Europe/Berlin] Processing line: Model path (absolute): C:/xampp/htdocs/ds_min/pg/deeplearning/combined.pt
[22-Mar-2025 08:41:26 Europe/Berlin] Processing line: Upload path (absolute): C:/xampp/htdocs/ds_min/output/detect_5/raw_WhatsApp Image 2025-03-22 at 12.00.48 PM.jpeg
[22-Mar-2025 08:41:26 Europe/Berlin] Processing line: Results directory (absolute): C:/xampp/htdocs/ds_min/output/detect_5
[22-Mar-2025 08:41:26 Europe/Berlin] Processing line: Using HSV ranges:
[22-Mar-2025 08:41:26 Europe/Berlin] Processing line: Range 1: H=[155-255], S=[160-240], V=[160-255]
[22-Mar-2025 08:41:26 Europe/Berlin] Processing line: Range 2: H=[0-30], S=[160-240], V=[160-255]
[22-Mar-2025 08:41:26 Europe/Berlin] Processing line: Loading model...
[22-Mar-2025 08:41:26 Europe/Berlin] Processing line: Model loaded successfully
[22-Mar-2025 08:41:26 Europe/Berlin] Processing line: Reading image...
[22-Mar-2025 08:41:26 Europe/Berlin] Processing line: Image read successfully, shape: (1600, 1200, 3)
[22-Mar-2025 08:41:26 Europe/Berlin] Processing line: Running detection...
[22-Mar-2025 08:41:26 Europe/Berlin] Processing line: 
[22-Mar-2025 08:41:26 Europe/Berlin] Processing line: 0: 1280x960 4 melon-ripes, 1 melon-unripe, 283.1ms
[22-Mar-2025 08:41:26 Europe/Berlin] Processing line: Speed: 10.9ms preprocess, 283.1ms inference, 9.8ms postprocess per image at shape (1, 3, 1280, 960)
[22-Mar-2025 08:41:26 Europe/Berlin] Processing line: Detection completed successfully
[22-Mar-2025 08:41:26 Europe/Berlin] Processing line: Found 5 objects
[22-Mar-2025 08:41:26 Europe/Berlin] Processing line: Processing detection 1: melon-ripe (89.21%)
[22-Mar-2025 08:41:26 Europe/Berlin] Processing line: Successfully saved cropped melon-ripe to: C:/xampp/htdocs/ds_min/output/detect_5\melon-ripe_1_89pct_1742629279.jpg
[22-Mar-2025 08:41:26 Europe/Berlin] Processing line: Processing melon-ripe image for color analysis...
[22-Mar-2025 08:41:26 Europe/Berlin] Processing line: Successfully saved processed melon to: C:/xampp/htdocs/ds_min/output/detect_5\melon-ripe_1_processed_1742629279.jpg
[22-Mar-2025 08:41:26 Europe/Berlin] Processing line: Successfully saved mask to: C:/xampp/htdocs/ds_min/output/detect_5\melon-ripe_1_mask_1742629279.jpg
[22-Mar-2025 08:41:26 Europe/Berlin] Processing line: Processing detection 2: melon-ripe (87.98%)
[22-Mar-2025 08:41:26 Europe/Berlin] Processing line: Successfully saved cropped melon-ripe to: C:/xampp/htdocs/ds_min/output/detect_5\melon-ripe_2_87pct_1742629279.jpg
[22-Mar-2025 08:41:26 Europe/Berlin] Processing line: Processing melon-ripe image for color analysis...
[22-Mar-2025 08:41:26 Europe/Berlin] Processing line: Successfully saved processed melon to: C:/xampp/htdocs/ds_min/output/detect_5\melon-ripe_2_processed_1742629279.jpg
[22-Mar-2025 08:41:26 Europe/Berlin] Processing line: Successfully saved mask to: C:/xampp/htdocs/ds_min/output/detect_5\melon-ripe_2_mask_1742629279.jpg
[22-Mar-2025 08:41:26 Europe/Berlin] Processing line: Processing detection 3: melon-ripe (84.83%)
[22-Mar-2025 08:41:26 Europe/Berlin] Processing line: Successfully saved cropped melon-ripe to: C:/xampp/htdocs/ds_min/output/detect_5\melon-ripe_3_84pct_1742629279.jpg
[22-Mar-2025 08:41:26 Europe/Berlin] Processing line: Processing melon-ripe image for color analysis...
[22-Mar-2025 08:41:26 Europe/Berlin] Processing line: Successfully saved processed melon to: C:/xampp/htdocs/ds_min/output/detect_5\melon-ripe_3_processed_1742629279.jpg
[22-Mar-2025 08:41:26 Europe/Berlin] Processing line: Successfully saved mask to: C:/xampp/htdocs/ds_min/output/detect_5\melon-ripe_3_mask_1742629279.jpg
[22-Mar-2025 08:41:26 Europe/Berlin] Processing line: Processing detection 4: melon-ripe (81.46%)
[22-Mar-2025 08:41:26 Europe/Berlin] Processing line: Successfully saved cropped melon-ripe to: C:/xampp/htdocs/ds_min/output/detect_5\melon-ripe_4_81pct_1742629279.jpg
[22-Mar-2025 08:41:26 Europe/Berlin] Processing line: Processing melon-ripe image for color analysis...
[22-Mar-2025 08:41:26 Europe/Berlin] Processing line: Successfully saved processed melon to: C:/xampp/htdocs/ds_min/output/detect_5\melon-ripe_4_processed_1742629279.jpg
[22-Mar-2025 08:41:26 Europe/Berlin] Processing line: Successfully saved mask to: C:/xampp/htdocs/ds_min/output/detect_5\melon-ripe_4_mask_1742629279.jpg
[22-Mar-2025 08:41:26 Europe/Berlin] Processing line: Processing detection 5: melon-unripe (52.02%)
[22-Mar-2025 08:41:26 Europe/Berlin] Processing line: Successfully saved cropped melon-unripe to: C:/xampp/htdocs/ds_min/output/detect_5\melon-unripe_5_52pct_1742629279.jpg
[22-Mar-2025 08:41:26 Europe/Berlin] Processing line: Saved color analysis to: C:/xampp/htdocs/ds_min/output/detect_5\color_analysis_1742629279.csv
[22-Mar-2025 08:41:26 Europe/Berlin] Processing line: Saved detection results to: C:/xampp/htdocs/ds_min/output/detect_5\1742629279_detections.json
[22-Mar-2025 08:41:26 Europe/Berlin] Processing line: Successfully saved result visualization to: C:/xampp/htdocs/ds_min/output/detect_5\1742629279_result.jpg
[22-Mar-2025 08:41:26 Europe/Berlin] Processing line: DETECTION_RESULTS_START
[22-Mar-2025 08:41:26 Europe/Berlin] Processing line: {"image_size": {"width": 1200, "height": 1600}, "detections": [{"class": "melon-ripe", "confidence": 89.21, "bbox": {"x1": 200, "y1": 1137, "x2": 359, "y2": 1309, "width": 159, "height": 172}, "cropped_image": "melon-ripe_1_89pct_1742629279.jpg", "processed_image": "melon-ripe_1_processed_1742629279.jpg", "mask_image": "melon-ripe_1_mask_1742629279.jpg", "color_analysis": {"avg_r": 220.99, "avg_g": 182.0, "avg_b": 28.39}}, {"class": "melon-ripe", "confidence": 87.98, "bbox": {"x1": 598, "y1": 1115, "x2": 782, "y2": 1305, "width": 184, "height": 190}, "cropped_image": "melon-ripe_2_87pct_1742629279.jpg", "processed_image": "melon-ripe_2_processed_1742629279.jpg", "mask_image": "melon-ripe_2_mask_1742629279.jpg", "color_analysis": {"avg_r": 232.72, "avg_g": 204.87, "avg_b": 27.24}}, {"class": "melon-ripe", "confidence": 84.83, "bbox": {"x1": 1093, "y1": 939, "x2": 1200, "y2": 1129, "width": 107, "height": 190}, "cropped_image": "melon-ripe_3_84pct_1742629279.jpg", "processed_image": "melon-ripe_3_processed_1742629279.jpg", "mask_image": "melon-ripe_3_mask_1742629279.jpg", "color_analysis": {"avg_r": 218.54, "avg_g": 191.87, "avg_b": 33.14}}, {"class": "melon-ripe", "confidence": 81.46, "bbox": {"x1": 894, "y1": 840, "x2": 957, "y2": 902, "width": 63, "height": 62}, "cropped_image": "melon-ripe_4_81pct_1742629279.jpg", "processed_image": "melon-ripe_4_processed_1742629279.jpg", "mask_image": "melon-ripe_4_mask_1742629279.jpg", "color_analysis": {"avg_r": 224.56, "avg_g": 193.87, "avg_b": 40.76}}, {"class": "melon-unripe", "confidence": 52.02, "bbox": {"x1": 927, "y1": 628, "x2": 986, "y2": 678, "width": 59, "height": 50}, "cropped_image": "melon-unripe_5_52pct_1742629279.jpg", "processed_image": null, "mask_image": null, "color_analysis": null}]}
[22-Mar-2025 08:41:26 Europe/Berlin] Processing line: DETECTION_RESULTS_END
[22-Mar-2025 08:41:26 Europe/Berlin] Parsing JSON data: {"image_size": {"width": 1200, "height": 1600}, "detections": [{"class": "melon-ripe", "confidence": 89.21, "bbox": {"x1": 200, "y1": 1137, "x2": 359, "y2": 1309, "width": 159, "height": 172}, "cropped_image": "melon-ripe_1_89pct_1742629279.jpg", "processed_image": "melon-ripe_1_processed_1742629279.jpg", "mask_image": "melon-ripe_1_mask_1742629279.jpg", "color_analysis": {"avg_r": 220.99, "avg_g": 182.0, "avg_b": 28.39}}, {"class": "melon-ripe", "confidence": 87.98, "bbox": {"x1": 598, "y1": 1115, "x2": 782, "y2": 1305, "width": 184, "height": 190}, "cropped_image": "melon-ripe_2_87pct_1742629279.jpg", "processed_image": "melon-ripe_2_processed_1742629279.jpg", "mask_image": "melon-ripe_2_mask_1742629279.jpg", "color_analysis": {"avg_r": 232.72, "avg_g": 204.87, "avg_b": 27.24}}, {"class": "melon-ripe", "confidence": 84.83, "bbox": {"x1": 1093, "y1": 939, "x2": 1200, "y2": 1129, "width": 107, "height": 190}, "cropped_image": "melon-ripe_3_84pct_1742629279.jpg", "processed_image": "melon-ripe_3_processed_1742629279.jpg", "mask_image": "melon-ripe_3_mask_1742629279.jpg", "color_analysis": {"avg_r": 218.54, "avg_g": 191.87, "avg_b": 33.14}}, {"class": "melon-ripe", "confidence": 81.46, "bbox": {"x1": 894, "y1": 840, "x2": 957, "y2": 902, "width": 63, "height": 62}, "cropped_image": "melon-ripe_4_81pct_1742629279.jpg", "processed_image": "melon-ripe_4_processed_1742629279.jpg", "mask_image": "melon-ripe_4_mask_1742629279.jpg", "color_analysis": {"avg_r": 224.56, "avg_g": 193.87, "avg_b": 40.76}}, {"class": "melon-unripe", "confidence": 52.02, "bbox": {"x1": 927, "y1": 628, "x2": 986, "y2": 678, "width": 59, "height": 50}, "cropped_image": "melon-unripe_5_52pct_1742629279.jpg", "processed_image": null, "mask_image": null, "color_analysis": null}]}
[22-Mar-2025 08:41:26 Europe/Berlin] Successfully parsed detection data
[22-Mar-2025 08:53:08 Europe/Berlin] File uploaded successfully to: C:\xampp\htdocs\ds_min/output/detect_6/raw_WhatsApp Image 2025-03-22 at 12.00.48 PM.jpeg
[22-Mar-2025 08:53:08 Europe/Berlin] Selected model: combined
[22-Mar-2025 08:53:08 Europe/Berlin] Model path: C:/xampp/htdocs/ds_min/pg/deeplearning/combined.pt (exists: yes)
[22-Mar-2025 08:53:08 Europe/Berlin] Upload path: C:/xampp/htdocs/ds_min/output/detect_6/raw_WhatsApp Image 2025-03-22 at 12.00.48 PM.jpeg (exists: yes)
[22-Mar-2025 08:53:08 Europe/Berlin] Results dir: C:/xampp/htdocs/ds_min/results (exists: yes)
[22-Mar-2025 08:53:08 Europe/Berlin] Starting detection process...
[22-Mar-2025 08:53:08 Europe/Berlin] Executing command: cd "C:\xampp\htdocs\ds_min" && "C:\Users\syauqiarham\anaconda3\python.exe" "C:\Users\syauqiarham\AppData\Local\Temp\detECB.tmp.py" 2>&1
[22-Mar-2025 08:53:13 Europe/Berlin] Command output:
Current working directory: C:\xampp\htdocs\ds_min
Model path (absolute): C:/xampp/htdocs/ds_min/pg/deeplearning/combined.pt
Upload path (absolute): C:/xampp/htdocs/ds_min/output/detect_6/raw_WhatsApp Image 2025-03-22 at 12.00.48 PM.jpeg
Results directory (absolute): C:/xampp/htdocs/ds_min/output/detect_6
Using HSV ranges:
Range 1: H=[155-255], S=[160-240], V=[160-255]
Range 2: H=[0-30], S=[160-240], V=[160-255]
Loading model...
Model loaded successfully
Reading image...
Image read successfully, shape: (1600, 1200, 3)
Running detection...

0: 1280x960 4 melon-ripes, 1 melon-unripe, 207.6ms
Speed: 11.2ms preprocess, 207.6ms inference, 1.5ms postprocess per image at shape (1, 3, 1280, 960)
Detection completed successfully
Found 5 objects
Processing detection 1: melon-ripe (89.21%)
Successfully saved cropped melon-ripe to: C:/xampp/htdocs/ds_min/output/detect_6\melon-ripe_1_89pct_1742629988.jpg
Processing melon-ripe image for color analysis...
Successfully saved processed melon to: C:/xampp/htdocs/ds_min/output/detect_6\melon-ripe_1_processed_1742629988.jpg
Successfully saved mask to: C:/xampp/htdocs/ds_min/output/detect_6\melon-ripe_1_mask_1742629988.jpg
Processing detection 2: melon-ripe (87.98%)
Successfully saved cropped melon-ripe to: C:/xampp/htdocs/ds_min/output/detect_6\melon-ripe_2_87pct_1742629988.jpg
Processing melon-ripe image for color analysis...
Successfully saved processed melon to: C:/xampp/htdocs/ds_min/output/detect_6\melon-ripe_2_processed_1742629988.jpg
Successfully saved mask to: C:/xampp/htdocs/ds_min/output/detect_6\melon-ripe_2_mask_1742629988.jpg
Processing detection 3: melon-ripe (84.83%)
Successfully saved cropped melon-ripe to: C:/xampp/htdocs/ds_min/output/detect_6\melon-ripe_3_84pct_1742629988.jpg
Processing melon-ripe image for color analysis...
Successfully saved processed melon to: C:/xampp/htdocs/ds_min/output/detect_6\melon-ripe_3_processed_1742629988.jpg
Successfully saved mask to: C:/xampp/htdocs/ds_min/output/detect_6\melon-ripe_3_mask_1742629988.jpg
Processing detection 4: melon-ripe (81.46%)
Successfully saved cropped melon-ripe to: C:/xampp/htdocs/ds_min/output/detect_6\melon-ripe_4_81pct_1742629988.jpg
Processing melon-ripe image for color analysis...
Successfully saved processed melon to: C:/xampp/htdocs/ds_min/output/detect_6\melon-ripe_4_processed_1742629988.jpg
Successfully saved mask to: C:/xampp/htdocs/ds_min/output/detect_6\melon-ripe_4_mask_1742629988.jpg
Processing detection 5: melon-unripe (52.02%)
Successfully saved cropped melon-unripe to: C:/xampp/htdocs/ds_min/output/detect_6\melon-unripe_5_52pct_1742629988.jpg
Saved color analysis to: C:/xampp/htdocs/ds_min/output/detect_6\color_analysis_1742629988.csv
Saved detection results to: C:/xampp/htdocs/ds_min/output/detect_6\1742629988_detections.json
Successfully saved result visualization to: C:/xampp/htdocs/ds_min/output/detect_6\1742629988_result.jpg
DETECTION_RESULTS_START
{"image_size": {"width": 1200, "height": 1600}, "detections": [{"class": "melon-ripe", "confidence": 89.21, "bbox": {"x1": 200, "y1": 1137, "x2": 359, "y2": 1309, "width": 159, "height": 172}, "cropped_image": "melon-ripe_1_89pct_1742629988.jpg", "processed_image": "melon-ripe_1_processed_1742629988.jpg", "mask_image": "melon-ripe_1_mask_1742629988.jpg", "color_analysis": {"avg_r": 220.99, "avg_g": 182.0, "avg_b": 28.39}}, {"class": "melon-ripe", "confidence": 87.98, "bbox": {"x1": 598, "y1": 1115, "x2": 782, "y2": 1305, "width": 184, "height": 190}, "cropped_image": "melon-ripe_2_87pct_1742629988.jpg", "processed_image": "melon-ripe_2_processed_1742629988.jpg", "mask_image": "melon-ripe_2_mask_1742629988.jpg", "color_analysis": {"avg_r": 232.72, "avg_g": 204.87, "avg_b": 27.24}}, {"class": "melon-ripe", "confidence": 84.83, "bbox": {"x1": 1093, "y1": 939, "x2": 1200, "y2": 1129, "width": 107, "height": 190}, "cropped_image": "melon-ripe_3_84pct_1742629988.jpg", "processed_image": "melon-ripe_3_processed_1742629988.jpg", "mask_image": "melon-ripe_3_mask_1742629988.jpg", "color_analysis": {"avg_r": 218.54, "avg_g": 191.87, "avg_b": 33.14}}, {"class": "melon-ripe", "confidence": 81.46, "bbox": {"x1": 894, "y1": 840, "x2": 957, "y2": 902, "width": 63, "height": 62}, "cropped_image": "melon-ripe_4_81pct_1742629988.jpg", "processed_image": "melon-ripe_4_processed_1742629988.jpg", "mask_image": "melon-ripe_4_mask_1742629988.jpg", "color_analysis": {"avg_r": 224.56, "avg_g": 193.87, "avg_b": 40.76}}, {"class": "melon-unripe", "confidence": 52.02, "bbox": {"x1": 927, "y1": 628, "x2": 986, "y2": 678, "width": 59, "height": 50}, "cropped_image": "melon-unripe_5_52pct_1742629988.jpg", "processed_image": null, "mask_image": null, "color_analysis": null}]}
DETECTION_RESULTS_END
[22-Mar-2025 08:53:13 Europe/Berlin] Return code: 0
[22-Mar-2025 08:53:13 Europe/Berlin] Processing line: Current working directory: C:\xampp\htdocs\ds_min
[22-Mar-2025 08:53:13 Europe/Berlin] Processing line: Model path (absolute): C:/xampp/htdocs/ds_min/pg/deeplearning/combined.pt
[22-Mar-2025 08:53:13 Europe/Berlin] Processing line: Upload path (absolute): C:/xampp/htdocs/ds_min/output/detect_6/raw_WhatsApp Image 2025-03-22 at 12.00.48 PM.jpeg
[22-Mar-2025 08:53:13 Europe/Berlin] Processing line: Results directory (absolute): C:/xampp/htdocs/ds_min/output/detect_6
[22-Mar-2025 08:53:13 Europe/Berlin] Processing line: Using HSV ranges:
[22-Mar-2025 08:53:13 Europe/Berlin] Processing line: Range 1: H=[155-255], S=[160-240], V=[160-255]
[22-Mar-2025 08:53:13 Europe/Berlin] Processing line: Range 2: H=[0-30], S=[160-240], V=[160-255]
[22-Mar-2025 08:53:13 Europe/Berlin] Processing line: Loading model...
[22-Mar-2025 08:53:13 Europe/Berlin] Processing line: Model loaded successfully
[22-Mar-2025 08:53:13 Europe/Berlin] Processing line: Reading image...
[22-Mar-2025 08:53:13 Europe/Berlin] Processing line: Image read successfully, shape: (1600, 1200, 3)
[22-Mar-2025 08:53:13 Europe/Berlin] Processing line: Running detection...
[22-Mar-2025 08:53:13 Europe/Berlin] Processing line: 
[22-Mar-2025 08:53:13 Europe/Berlin] Processing line: 0: 1280x960 4 melon-ripes, 1 melon-unripe, 207.6ms
[22-Mar-2025 08:53:13 Europe/Berlin] Processing line: Speed: 11.2ms preprocess, 207.6ms inference, 1.5ms postprocess per image at shape (1, 3, 1280, 960)
[22-Mar-2025 08:53:13 Europe/Berlin] Processing line: Detection completed successfully
[22-Mar-2025 08:53:13 Europe/Berlin] Processing line: Found 5 objects
[22-Mar-2025 08:53:13 Europe/Berlin] Processing line: Processing detection 1: melon-ripe (89.21%)
[22-Mar-2025 08:53:13 Europe/Berlin] Processing line: Successfully saved cropped melon-ripe to: C:/xampp/htdocs/ds_min/output/detect_6\melon-ripe_1_89pct_1742629988.jpg
[22-Mar-2025 08:53:13 Europe/Berlin] Processing line: Processing melon-ripe image for color analysis...
[22-Mar-2025 08:53:13 Europe/Berlin] Processing line: Successfully saved processed melon to: C:/xampp/htdocs/ds_min/output/detect_6\melon-ripe_1_processed_1742629988.jpg
[22-Mar-2025 08:53:13 Europe/Berlin] Processing line: Successfully saved mask to: C:/xampp/htdocs/ds_min/output/detect_6\melon-ripe_1_mask_1742629988.jpg
[22-Mar-2025 08:53:13 Europe/Berlin] Processing line: Processing detection 2: melon-ripe (87.98%)
[22-Mar-2025 08:53:13 Europe/Berlin] Processing line: Successfully saved cropped melon-ripe to: C:/xampp/htdocs/ds_min/output/detect_6\melon-ripe_2_87pct_1742629988.jpg
[22-Mar-2025 08:53:13 Europe/Berlin] Processing line: Processing melon-ripe image for color analysis...
[22-Mar-2025 08:53:13 Europe/Berlin] Processing line: Successfully saved processed melon to: C:/xampp/htdocs/ds_min/output/detect_6\melon-ripe_2_processed_1742629988.jpg
[22-Mar-2025 08:53:13 Europe/Berlin] Processing line: Successfully saved mask to: C:/xampp/htdocs/ds_min/output/detect_6\melon-ripe_2_mask_1742629988.jpg
[22-Mar-2025 08:53:13 Europe/Berlin] Processing line: Processing detection 3: melon-ripe (84.83%)
[22-Mar-2025 08:53:13 Europe/Berlin] Processing line: Successfully saved cropped melon-ripe to: C:/xampp/htdocs/ds_min/output/detect_6\melon-ripe_3_84pct_1742629988.jpg
[22-Mar-2025 08:53:13 Europe/Berlin] Processing line: Processing melon-ripe image for color analysis...
[22-Mar-2025 08:53:13 Europe/Berlin] Processing line: Successfully saved processed melon to: C:/xampp/htdocs/ds_min/output/detect_6\melon-ripe_3_processed_1742629988.jpg
[22-Mar-2025 08:53:13 Europe/Berlin] Processing line: Successfully saved mask to: C:/xampp/htdocs/ds_min/output/detect_6\melon-ripe_3_mask_1742629988.jpg
[22-Mar-2025 08:53:13 Europe/Berlin] Processing line: Processing detection 4: melon-ripe (81.46%)
[22-Mar-2025 08:53:13 Europe/Berlin] Processing line: Successfully saved cropped melon-ripe to: C:/xampp/htdocs/ds_min/output/detect_6\melon-ripe_4_81pct_1742629988.jpg
[22-Mar-2025 08:53:13 Europe/Berlin] Processing line: Processing melon-ripe image for color analysis...
[22-Mar-2025 08:53:13 Europe/Berlin] Processing line: Successfully saved processed melon to: C:/xampp/htdocs/ds_min/output/detect_6\melon-ripe_4_processed_1742629988.jpg
[22-Mar-2025 08:53:13 Europe/Berlin] Processing line: Successfully saved mask to: C:/xampp/htdocs/ds_min/output/detect_6\melon-ripe_4_mask_1742629988.jpg
[22-Mar-2025 08:53:13 Europe/Berlin] Processing line: Processing detection 5: melon-unripe (52.02%)
[22-Mar-2025 08:53:13 Europe/Berlin] Processing line: Successfully saved cropped melon-unripe to: C:/xampp/htdocs/ds_min/output/detect_6\melon-unripe_5_52pct_1742629988.jpg
[22-Mar-2025 08:53:13 Europe/Berlin] Processing line: Saved color analysis to: C:/xampp/htdocs/ds_min/output/detect_6\color_analysis_1742629988.csv
[22-Mar-2025 08:53:13 Europe/Berlin] Processing line: Saved detection results to: C:/xampp/htdocs/ds_min/output/detect_6\1742629988_detections.json
[22-Mar-2025 08:53:13 Europe/Berlin] Processing line: Successfully saved result visualization to: C:/xampp/htdocs/ds_min/output/detect_6\1742629988_result.jpg
[22-Mar-2025 08:53:13 Europe/Berlin] Processing line: DETECTION_RESULTS_START
[22-Mar-2025 08:53:13 Europe/Berlin] Processing line: {"image_size": {"width": 1200, "height": 1600}, "detections": [{"class": "melon-ripe", "confidence": 89.21, "bbox": {"x1": 200, "y1": 1137, "x2": 359, "y2": 1309, "width": 159, "height": 172}, "cropped_image": "melon-ripe_1_89pct_1742629988.jpg", "processed_image": "melon-ripe_1_processed_1742629988.jpg", "mask_image": "melon-ripe_1_mask_1742629988.jpg", "color_analysis": {"avg_r": 220.99, "avg_g": 182.0, "avg_b": 28.39}}, {"class": "melon-ripe", "confidence": 87.98, "bbox": {"x1": 598, "y1": 1115, "x2": 782, "y2": 1305, "width": 184, "height": 190}, "cropped_image": "melon-ripe_2_87pct_1742629988.jpg", "processed_image": "melon-ripe_2_processed_1742629988.jpg", "mask_image": "melon-ripe_2_mask_1742629988.jpg", "color_analysis": {"avg_r": 232.72, "avg_g": 204.87, "avg_b": 27.24}}, {"class": "melon-ripe", "confidence": 84.83, "bbox": {"x1": 1093, "y1": 939, "x2": 1200, "y2": 1129, "width": 107, "height": 190}, "cropped_image": "melon-ripe_3_84pct_1742629988.jpg", "processed_image": "melon-ripe_3_processed_1742629988.jpg", "mask_image": "melon-ripe_3_mask_1742629988.jpg", "color_analysis": {"avg_r": 218.54, "avg_g": 191.87, "avg_b": 33.14}}, {"class": "melon-ripe", "confidence": 81.46, "bbox": {"x1": 894, "y1": 840, "x2": 957, "y2": 902, "width": 63, "height": 62}, "cropped_image": "melon-ripe_4_81pct_1742629988.jpg", "processed_image": "melon-ripe_4_processed_1742629988.jpg", "mask_image": "melon-ripe_4_mask_1742629988.jpg", "color_analysis": {"avg_r": 224.56, "avg_g": 193.87, "avg_b": 40.76}}, {"class": "melon-unripe", "confidence": 52.02, "bbox": {"x1": 927, "y1": 628, "x2": 986, "y2": 678, "width": 59, "height": 50}, "cropped_image": "melon-unripe_5_52pct_1742629988.jpg", "processed_image": null, "mask_image": null, "color_analysis": null}]}
[22-Mar-2025 08:53:13 Europe/Berlin] Processing line: DETECTION_RESULTS_END
[22-Mar-2025 08:53:13 Europe/Berlin] Parsing JSON data: {"image_size": {"width": 1200, "height": 1600}, "detections": [{"class": "melon-ripe", "confidence": 89.21, "bbox": {"x1": 200, "y1": 1137, "x2": 359, "y2": 1309, "width": 159, "height": 172}, "cropped_image": "melon-ripe_1_89pct_1742629988.jpg", "processed_image": "melon-ripe_1_processed_1742629988.jpg", "mask_image": "melon-ripe_1_mask_1742629988.jpg", "color_analysis": {"avg_r": 220.99, "avg_g": 182.0, "avg_b": 28.39}}, {"class": "melon-ripe", "confidence": 87.98, "bbox": {"x1": 598, "y1": 1115, "x2": 782, "y2": 1305, "width": 184, "height": 190}, "cropped_image": "melon-ripe_2_87pct_1742629988.jpg", "processed_image": "melon-ripe_2_processed_1742629988.jpg", "mask_image": "melon-ripe_2_mask_1742629988.jpg", "color_analysis": {"avg_r": 232.72, "avg_g": 204.87, "avg_b": 27.24}}, {"class": "melon-ripe", "confidence": 84.83, "bbox": {"x1": 1093, "y1": 939, "x2": 1200, "y2": 1129, "width": 107, "height": 190}, "cropped_image": "melon-ripe_3_84pct_1742629988.jpg", "processed_image": "melon-ripe_3_processed_1742629988.jpg", "mask_image": "melon-ripe_3_mask_1742629988.jpg", "color_analysis": {"avg_r": 218.54, "avg_g": 191.87, "avg_b": 33.14}}, {"class": "melon-ripe", "confidence": 81.46, "bbox": {"x1": 894, "y1": 840, "x2": 957, "y2": 902, "width": 63, "height": 62}, "cropped_image": "melon-ripe_4_81pct_1742629988.jpg", "processed_image": "melon-ripe_4_processed_1742629988.jpg", "mask_image": "melon-ripe_4_mask_1742629988.jpg", "color_analysis": {"avg_r": 224.56, "avg_g": 193.87, "avg_b": 40.76}}, {"class": "melon-unripe", "confidence": 52.02, "bbox": {"x1": 927, "y1": 628, "x2": 986, "y2": 678, "width": 59, "height": 50}, "cropped_image": "melon-unripe_5_52pct_1742629988.jpg", "processed_image": null, "mask_image": null, "color_analysis": null}]}
[22-Mar-2025 08:53:13 Europe/Berlin] Successfully parsed detection data
[22-Mar-2025 08:57:53 Europe/Berlin] File uploaded successfully to: C:\xampp\htdocs\ds_min/output/detect_7/raw_WhatsApp Image 2025-03-22 at 12.00.48 PM.jpeg
[22-Mar-2025 08:57:53 Europe/Berlin] Selected model: combined
[22-Mar-2025 08:57:53 Europe/Berlin] Model path: C:/xampp/htdocs/ds_min/pg/deeplearning/combined.pt (exists: yes)
[22-Mar-2025 08:57:53 Europe/Berlin] Upload path: C:/xampp/htdocs/ds_min/output/detect_7/raw_WhatsApp Image 2025-03-22 at 12.00.48 PM.jpeg (exists: yes)
[22-Mar-2025 08:57:53 Europe/Berlin] Results dir: C:/xampp/htdocs/ds_min/results (exists: yes)
[22-Mar-2025 08:57:53 Europe/Berlin] Starting detection process...
[22-Mar-2025 08:57:53 Europe/Berlin] Executing command: cd "C:\xampp\htdocs\ds_min" && "C:\Users\syauqiarham\anaconda3\python.exe" "C:\Users\syauqiarham\AppData\Local\Temp\det6769.tmp.py" 2>&1
[22-Mar-2025 08:58:00 Europe/Berlin] Command output:
Current working directory: C:\xampp\htdocs\ds_min
Model path (absolute): C:/xampp/htdocs/ds_min/pg/deeplearning/combined.pt
Upload path (absolute): C:/xampp/htdocs/ds_min/output/detect_7/raw_WhatsApp Image 2025-03-22 at 12.00.48 PM.jpeg
Results directory (absolute): C:/xampp/htdocs/ds_min/output/detect_7
Using HSV ranges:
Range 1: H=[155-255], S=[160-240], V=[160-255]
Range 2: H=[0-30], S=[160-240], V=[160-255]
Loading model...
Model loaded successfully
Reading image...
Image read successfully, shape: (1600, 1200, 3)
Running detection...

0: 1280x960 4 melon-ripes, 1 melon-unripe, 265.5ms
Speed: 14.9ms preprocess, 265.5ms inference, 6.6ms postprocess per image at shape (1, 3, 1280, 960)
Detection completed successfully
Found 5 objects
Processing detection 1: melon-ripe (89.21%)
Successfully saved cropped melon-ripe to: C:/xampp/htdocs/ds_min/output/detect_7\melon-ripe_1_89pct_1742630273.jpg
Processing melon-ripe image for color analysis...
Successfully saved processed melon to: C:/xampp/htdocs/ds_min/output/detect_7\melon-ripe_1_processed_1742630273.jpg
Successfully saved mask to: C:/xampp/htdocs/ds_min/output/detect_7\melon-ripe_1_mask_1742630273.jpg
Processing detection 2: melon-ripe (87.98%)
Successfully saved cropped melon-ripe to: C:/xampp/htdocs/ds_min/output/detect_7\melon-ripe_2_87pct_1742630273.jpg
Processing melon-ripe image for color analysis...
Successfully saved processed melon to: C:/xampp/htdocs/ds_min/output/detect_7\melon-ripe_2_processed_1742630273.jpg
Successfully saved mask to: C:/xampp/htdocs/ds_min/output/detect_7\melon-ripe_2_mask_1742630273.jpg
Processing detection 3: melon-ripe (84.83%)
Successfully saved cropped melon-ripe to: C:/xampp/htdocs/ds_min/output/detect_7\melon-ripe_3_84pct_1742630273.jpg
Processing melon-ripe image for color analysis...
Successfully saved processed melon to: C:/xampp/htdocs/ds_min/output/detect_7\melon-ripe_3_processed_1742630273.jpg
Successfully saved mask to: C:/xampp/htdocs/ds_min/output/detect_7\melon-ripe_3_mask_1742630273.jpg
Processing detection 4: melon-ripe (81.46%)
Successfully saved cropped melon-ripe to: C:/xampp/htdocs/ds_min/output/detect_7\melon-ripe_4_81pct_1742630273.jpg
Processing melon-ripe image for color analysis...
Successfully saved processed melon to: C:/xampp/htdocs/ds_min/output/detect_7\melon-ripe_4_processed_1742630273.jpg
Successfully saved mask to: C:/xampp/htdocs/ds_min/output/detect_7\melon-ripe_4_mask_1742630273.jpg
Processing detection 5: melon-unripe (52.02%)
Successfully saved cropped melon-unripe to: C:/xampp/htdocs/ds_min/output/detect_7\melon-unripe_5_52pct_1742630273.jpg
Saved color analysis to: C:/xampp/htdocs/ds_min/output/detect_7\color_analysis_1742630273.csv
Saved detection results to: C:/xampp/htdocs/ds_min/output/detect_7\1742630273_detections.json
Successfully saved result visualization to: C:/xampp/htdocs/ds_min/output/detect_7\1742630273_result.jpg
DETECTION_RESULTS_START
{"image_size": {"width": 1200, "height": 1600}, "detections": [{"class": "melon-ripe", "confidence": 89.21, "bbox": {"x1": 200, "y1": 1137, "x2": 359, "y2": 1309, "width": 159, "height": 172}, "cropped_image": "melon-ripe_1_89pct_1742630273.jpg", "processed_image": "melon-ripe_1_processed_1742630273.jpg", "mask_image": "melon-ripe_1_mask_1742630273.jpg", "color_analysis": {"avg_r": 220.99, "avg_g": 182.0, "avg_b": 28.39}}, {"class": "melon-ripe", "confidence": 87.98, "bbox": {"x1": 598, "y1": 1115, "x2": 782, "y2": 1305, "width": 184, "height": 190}, "cropped_image": "melon-ripe_2_87pct_1742630273.jpg", "processed_image": "melon-ripe_2_processed_1742630273.jpg", "mask_image": "melon-ripe_2_mask_1742630273.jpg", "color_analysis": {"avg_r": 232.72, "avg_g": 204.87, "avg_b": 27.24}}, {"class": "melon-ripe", "confidence": 84.83, "bbox": {"x1": 1093, "y1": 939, "x2": 1200, "y2": 1129, "width": 107, "height": 190}, "cropped_image": "melon-ripe_3_84pct_1742630273.jpg", "processed_image": "melon-ripe_3_processed_1742630273.jpg", "mask_image": "melon-ripe_3_mask_1742630273.jpg", "color_analysis": {"avg_r": 218.54, "avg_g": 191.87, "avg_b": 33.14}}, {"class": "melon-ripe", "confidence": 81.46, "bbox": {"x1": 894, "y1": 840, "x2": 957, "y2": 902, "width": 63, "height": 62}, "cropped_image": "melon-ripe_4_81pct_1742630273.jpg", "processed_image": "melon-ripe_4_processed_1742630273.jpg", "mask_image": "melon-ripe_4_mask_1742630273.jpg", "color_analysis": {"avg_r": 224.56, "avg_g": 193.87, "avg_b": 40.76}}, {"class": "melon-unripe", "confidence": 52.02, "bbox": {"x1": 927, "y1": 628, "x2": 986, "y2": 678, "width": 59, "height": 50}, "cropped_image": "melon-unripe_5_52pct_1742630273.jpg", "processed_image": null, "mask_image": null, "color_analysis": null}]}
DETECTION_RESULTS_END
[22-Mar-2025 08:58:00 Europe/Berlin] Return code: 0
[22-Mar-2025 08:58:00 Europe/Berlin] Processing line: Current working directory: C:\xampp\htdocs\ds_min
[22-Mar-2025 08:58:00 Europe/Berlin] Processing line: Model path (absolute): C:/xampp/htdocs/ds_min/pg/deeplearning/combined.pt
[22-Mar-2025 08:58:00 Europe/Berlin] Processing line: Upload path (absolute): C:/xampp/htdocs/ds_min/output/detect_7/raw_WhatsApp Image 2025-03-22 at 12.00.48 PM.jpeg
[22-Mar-2025 08:58:00 Europe/Berlin] Processing line: Results directory (absolute): C:/xampp/htdocs/ds_min/output/detect_7
[22-Mar-2025 08:58:00 Europe/Berlin] Processing line: Using HSV ranges:
[22-Mar-2025 08:58:00 Europe/Berlin] Processing line: Range 1: H=[155-255], S=[160-240], V=[160-255]
[22-Mar-2025 08:58:00 Europe/Berlin] Processing line: Range 2: H=[0-30], S=[160-240], V=[160-255]
[22-Mar-2025 08:58:00 Europe/Berlin] Processing line: Loading model...
[22-Mar-2025 08:58:00 Europe/Berlin] Processing line: Model loaded successfully
[22-Mar-2025 08:58:00 Europe/Berlin] Processing line: Reading image...
[22-Mar-2025 08:58:00 Europe/Berlin] Processing line: Image read successfully, shape: (1600, 1200, 3)
[22-Mar-2025 08:58:00 Europe/Berlin] Processing line: Running detection...
[22-Mar-2025 08:58:00 Europe/Berlin] Processing line: 
[22-Mar-2025 08:58:00 Europe/Berlin] Processing line: 0: 1280x960 4 melon-ripes, 1 melon-unripe, 265.5ms
[22-Mar-2025 08:58:00 Europe/Berlin] Processing line: Speed: 14.9ms preprocess, 265.5ms inference, 6.6ms postprocess per image at shape (1, 3, 1280, 960)
[22-Mar-2025 08:58:00 Europe/Berlin] Processing line: Detection completed successfully
[22-Mar-2025 08:58:00 Europe/Berlin] Processing line: Found 5 objects
[22-Mar-2025 08:58:00 Europe/Berlin] Processing line: Processing detection 1: melon-ripe (89.21%)
[22-Mar-2025 08:58:00 Europe/Berlin] Processing line: Successfully saved cropped melon-ripe to: C:/xampp/htdocs/ds_min/output/detect_7\melon-ripe_1_89pct_1742630273.jpg
[22-Mar-2025 08:58:00 Europe/Berlin] Processing line: Processing melon-ripe image for color analysis...
[22-Mar-2025 08:58:00 Europe/Berlin] Processing line: Successfully saved processed melon to: C:/xampp/htdocs/ds_min/output/detect_7\melon-ripe_1_processed_1742630273.jpg
[22-Mar-2025 08:58:00 Europe/Berlin] Processing line: Successfully saved mask to: C:/xampp/htdocs/ds_min/output/detect_7\melon-ripe_1_mask_1742630273.jpg
[22-Mar-2025 08:58:00 Europe/Berlin] Processing line: Processing detection 2: melon-ripe (87.98%)
[22-Mar-2025 08:58:00 Europe/Berlin] Processing line: Successfully saved cropped melon-ripe to: C:/xampp/htdocs/ds_min/output/detect_7\melon-ripe_2_87pct_1742630273.jpg
[22-Mar-2025 08:58:00 Europe/Berlin] Processing line: Processing melon-ripe image for color analysis...
[22-Mar-2025 08:58:00 Europe/Berlin] Processing line: Successfully saved processed melon to: C:/xampp/htdocs/ds_min/output/detect_7\melon-ripe_2_processed_1742630273.jpg
[22-Mar-2025 08:58:00 Europe/Berlin] Processing line: Successfully saved mask to: C:/xampp/htdocs/ds_min/output/detect_7\melon-ripe_2_mask_1742630273.jpg
[22-Mar-2025 08:58:00 Europe/Berlin] Processing line: Processing detection 3: melon-ripe (84.83%)
[22-Mar-2025 08:58:00 Europe/Berlin] Processing line: Successfully saved cropped melon-ripe to: C:/xampp/htdocs/ds_min/output/detect_7\melon-ripe_3_84pct_1742630273.jpg
[22-Mar-2025 08:58:00 Europe/Berlin] Processing line: Processing melon-ripe image for color analysis...
[22-Mar-2025 08:58:00 Europe/Berlin] Processing line: Successfully saved processed melon to: C:/xampp/htdocs/ds_min/output/detect_7\melon-ripe_3_processed_1742630273.jpg
[22-Mar-2025 08:58:00 Europe/Berlin] Processing line: Successfully saved mask to: C:/xampp/htdocs/ds_min/output/detect_7\melon-ripe_3_mask_1742630273.jpg
[22-Mar-2025 08:58:00 Europe/Berlin] Processing line: Processing detection 4: melon-ripe (81.46%)
[22-Mar-2025 08:58:00 Europe/Berlin] Processing line: Successfully saved cropped melon-ripe to: C:/xampp/htdocs/ds_min/output/detect_7\melon-ripe_4_81pct_1742630273.jpg
[22-Mar-2025 08:58:00 Europe/Berlin] Processing line: Processing melon-ripe image for color analysis...
[22-Mar-2025 08:58:00 Europe/Berlin] Processing line: Successfully saved processed melon to: C:/xampp/htdocs/ds_min/output/detect_7\melon-ripe_4_processed_1742630273.jpg
[22-Mar-2025 08:58:00 Europe/Berlin] Processing line: Successfully saved mask to: C:/xampp/htdocs/ds_min/output/detect_7\melon-ripe_4_mask_1742630273.jpg
[22-Mar-2025 08:58:00 Europe/Berlin] Processing line: Processing detection 5: melon-unripe (52.02%)
[22-Mar-2025 08:58:00 Europe/Berlin] Processing line: Successfully saved cropped melon-unripe to: C:/xampp/htdocs/ds_min/output/detect_7\melon-unripe_5_52pct_1742630273.jpg
[22-Mar-2025 08:58:00 Europe/Berlin] Processing line: Saved color analysis to: C:/xampp/htdocs/ds_min/output/detect_7\color_analysis_1742630273.csv
[22-Mar-2025 08:58:00 Europe/Berlin] Processing line: Saved detection results to: C:/xampp/htdocs/ds_min/output/detect_7\1742630273_detections.json
[22-Mar-2025 08:58:00 Europe/Berlin] Processing line: Successfully saved result visualization to: C:/xampp/htdocs/ds_min/output/detect_7\1742630273_result.jpg
[22-Mar-2025 08:58:00 Europe/Berlin] Processing line: DETECTION_RESULTS_START
[22-Mar-2025 08:58:00 Europe/Berlin] Processing line: {"image_size": {"width": 1200, "height": 1600}, "detections": [{"class": "melon-ripe", "confidence": 89.21, "bbox": {"x1": 200, "y1": 1137, "x2": 359, "y2": 1309, "width": 159, "height": 172}, "cropped_image": "melon-ripe_1_89pct_1742630273.jpg", "processed_image": "melon-ripe_1_processed_1742630273.jpg", "mask_image": "melon-ripe_1_mask_1742630273.jpg", "color_analysis": {"avg_r": 220.99, "avg_g": 182.0, "avg_b": 28.39}}, {"class": "melon-ripe", "confidence": 87.98, "bbox": {"x1": 598, "y1": 1115, "x2": 782, "y2": 1305, "width": 184, "height": 190}, "cropped_image": "melon-ripe_2_87pct_1742630273.jpg", "processed_image": "melon-ripe_2_processed_1742630273.jpg", "mask_image": "melon-ripe_2_mask_1742630273.jpg", "color_analysis": {"avg_r": 232.72, "avg_g": 204.87, "avg_b": 27.24}}, {"class": "melon-ripe", "confidence": 84.83, "bbox": {"x1": 1093, "y1": 939, "x2": 1200, "y2": 1129, "width": 107, "height": 190}, "cropped_image": "melon-ripe_3_84pct_1742630273.jpg", "processed_image": "melon-ripe_3_processed_1742630273.jpg", "mask_image": "melon-ripe_3_mask_1742630273.jpg", "color_analysis": {"avg_r": 218.54, "avg_g": 191.87, "avg_b": 33.14}}, {"class": "melon-ripe", "confidence": 81.46, "bbox": {"x1": 894, "y1": 840, "x2": 957, "y2": 902, "width": 63, "height": 62}, "cropped_image": "melon-ripe_4_81pct_1742630273.jpg", "processed_image": "melon-ripe_4_processed_1742630273.jpg", "mask_image": "melon-ripe_4_mask_1742630273.jpg", "color_analysis": {"avg_r": 224.56, "avg_g": 193.87, "avg_b": 40.76}}, {"class": "melon-unripe", "confidence": 52.02, "bbox": {"x1": 927, "y1": 628, "x2": 986, "y2": 678, "width": 59, "height": 50}, "cropped_image": "melon-unripe_5_52pct_1742630273.jpg", "processed_image": null, "mask_image": null, "color_analysis": null}]}
[22-Mar-2025 08:58:00 Europe/Berlin] Processing line: DETECTION_RESULTS_END
[22-Mar-2025 08:58:00 Europe/Berlin] Parsing JSON data: {"image_size": {"width": 1200, "height": 1600}, "detections": [{"class": "melon-ripe", "confidence": 89.21, "bbox": {"x1": 200, "y1": 1137, "x2": 359, "y2": 1309, "width": 159, "height": 172}, "cropped_image": "melon-ripe_1_89pct_1742630273.jpg", "processed_image": "melon-ripe_1_processed_1742630273.jpg", "mask_image": "melon-ripe_1_mask_1742630273.jpg", "color_analysis": {"avg_r": 220.99, "avg_g": 182.0, "avg_b": 28.39}}, {"class": "melon-ripe", "confidence": 87.98, "bbox": {"x1": 598, "y1": 1115, "x2": 782, "y2": 1305, "width": 184, "height": 190}, "cropped_image": "melon-ripe_2_87pct_1742630273.jpg", "processed_image": "melon-ripe_2_processed_1742630273.jpg", "mask_image": "melon-ripe_2_mask_1742630273.jpg", "color_analysis": {"avg_r": 232.72, "avg_g": 204.87, "avg_b": 27.24}}, {"class": "melon-ripe", "confidence": 84.83, "bbox": {"x1": 1093, "y1": 939, "x2": 1200, "y2": 1129, "width": 107, "height": 190}, "cropped_image": "melon-ripe_3_84pct_1742630273.jpg", "processed_image": "melon-ripe_3_processed_1742630273.jpg", "mask_image": "melon-ripe_3_mask_1742630273.jpg", "color_analysis": {"avg_r": 218.54, "avg_g": 191.87, "avg_b": 33.14}}, {"class": "melon-ripe", "confidence": 81.46, "bbox": {"x1": 894, "y1": 840, "x2": 957, "y2": 902, "width": 63, "height": 62}, "cropped_image": "melon-ripe_4_81pct_1742630273.jpg", "processed_image": "melon-ripe_4_processed_1742630273.jpg", "mask_image": "melon-ripe_4_mask_1742630273.jpg", "color_analysis": {"avg_r": 224.56, "avg_g": 193.87, "avg_b": 40.76}}, {"class": "melon-unripe", "confidence": 52.02, "bbox": {"x1": 927, "y1": 628, "x2": 986, "y2": 678, "width": 59, "height": 50}, "cropped_image": "melon-unripe_5_52pct_1742630273.jpg", "processed_image": null, "mask_image": null, "color_analysis": null}]}
[22-Mar-2025 08:58:00 Europe/Berlin] Successfully parsed detection data
[22-Mar-2025 08:58:28 Europe/Berlin] File uploaded successfully to: C:\xampp\htdocs\ds_min/output/detect_8/raw_WhatsApp Image 2025-03-22 at 12.00.48 PM.jpeg
[22-Mar-2025 08:58:28 Europe/Berlin] Selected model: combined
[22-Mar-2025 08:58:28 Europe/Berlin] Model path: C:/xampp/htdocs/ds_min/pg/deeplearning/combined.pt (exists: yes)
[22-Mar-2025 08:58:28 Europe/Berlin] Upload path: C:/xampp/htdocs/ds_min/output/detect_8/raw_WhatsApp Image 2025-03-22 at 12.00.48 PM.jpeg (exists: yes)
[22-Mar-2025 08:58:28 Europe/Berlin] Results dir: C:/xampp/htdocs/ds_min/results (exists: yes)
[22-Mar-2025 08:58:28 Europe/Berlin] Starting detection process...
[22-Mar-2025 08:58:28 Europe/Berlin] Executing command: cd "C:\xampp\htdocs\ds_min" && "C:\Users\syauqiarham\anaconda3\python.exe" "C:\Users\syauqiarham\AppData\Local\Temp\detF1D8.tmp.py" 2>&1
[22-Mar-2025 08:58:34 Europe/Berlin] Command output:
Current working directory: C:\xampp\htdocs\ds_min
Model path (absolute): C:/xampp/htdocs/ds_min/pg/deeplearning/combined.pt
Upload path (absolute): C:/xampp/htdocs/ds_min/output/detect_8/raw_WhatsApp Image 2025-03-22 at 12.00.48 PM.jpeg
Results directory (absolute): C:/xampp/htdocs/ds_min/output/detect_8
Using HSV ranges:
Range 1: H=[155-255], S=[160-240], V=[160-255]
Range 2: H=[0-30], S=[160-240], V=[160-255]
Loading model...
Model loaded successfully
Reading image...
Image read successfully, shape: (1600, 1200, 3)
Running detection...

0: 1280x960 4 melon-ripes, 1 melon-unripe, 266.1ms
Speed: 9.9ms preprocess, 266.1ms inference, 2.5ms postprocess per image at shape (1, 3, 1280, 960)
Detection completed successfully
Found 5 objects
Processing detection 1: melon-ripe (89.21%)
Successfully saved cropped melon-ripe to: C:/xampp/htdocs/ds_min/output/detect_8\melon-ripe_1_89pct_1742630308.jpg
Processing melon-ripe image for color analysis...
Successfully saved processed melon to: C:/xampp/htdocs/ds_min/output/detect_8\melon-ripe_1_processed_1742630308.jpg
Successfully saved mask to: C:/xampp/htdocs/ds_min/output/detect_8\melon-ripe_1_mask_1742630308.jpg
Processing detection 2: melon-ripe (87.98%)
Successfully saved cropped melon-ripe to: C:/xampp/htdocs/ds_min/output/detect_8\melon-ripe_2_87pct_1742630308.jpg
Processing melon-ripe image for color analysis...
Successfully saved processed melon to: C:/xampp/htdocs/ds_min/output/detect_8\melon-ripe_2_processed_1742630308.jpg
Successfully saved mask to: C:/xampp/htdocs/ds_min/output/detect_8\melon-ripe_2_mask_1742630308.jpg
Processing detection 3: melon-ripe (84.83%)
Successfully saved cropped melon-ripe to: C:/xampp/htdocs/ds_min/output/detect_8\melon-ripe_3_84pct_1742630308.jpg
Processing melon-ripe image for color analysis...
Successfully saved processed melon to: C:/xampp/htdocs/ds_min/output/detect_8\melon-ripe_3_processed_1742630308.jpg
Successfully saved mask to: C:/xampp/htdocs/ds_min/output/detect_8\melon-ripe_3_mask_1742630308.jpg
Processing detection 4: melon-ripe (81.46%)
Successfully saved cropped melon-ripe to: C:/xampp/htdocs/ds_min/output/detect_8\melon-ripe_4_81pct_1742630308.jpg
Processing melon-ripe image for color analysis...
Successfully saved processed melon to: C:/xampp/htdocs/ds_min/output/detect_8\melon-ripe_4_processed_1742630308.jpg
Successfully saved mask to: C:/xampp/htdocs/ds_min/output/detect_8\melon-ripe_4_mask_1742630308.jpg
Processing detection 5: melon-unripe (52.02%)
Successfully saved cropped melon-unripe to: C:/xampp/htdocs/ds_min/output/detect_8\melon-unripe_5_52pct_1742630308.jpg
Saved color analysis to: C:/xampp/htdocs/ds_min/output/detect_8\color_analysis_1742630308.csv
Saved detection results to: C:/xampp/htdocs/ds_min/output/detect_8\1742630308_detections.json
Successfully saved result visualization to: C:/xampp/htdocs/ds_min/output/detect_8\1742630308_result.jpg
DETECTION_RESULTS_START
{"image_size": {"width": 1200, "height": 1600}, "detections": [{"class": "melon-ripe", "confidence": 89.21, "bbox": {"x1": 200, "y1": 1137, "x2": 359, "y2": 1309, "width": 159, "height": 172}, "cropped_image": "melon-ripe_1_89pct_1742630308.jpg", "processed_image": "melon-ripe_1_processed_1742630308.jpg", "mask_image": "melon-ripe_1_mask_1742630308.jpg", "color_analysis": {"avg_r": 220.99, "avg_g": 182.0, "avg_b": 28.39}}, {"class": "melon-ripe", "confidence": 87.98, "bbox": {"x1": 598, "y1": 1115, "x2": 782, "y2": 1305, "width": 184, "height": 190}, "cropped_image": "melon-ripe_2_87pct_1742630308.jpg", "processed_image": "melon-ripe_2_processed_1742630308.jpg", "mask_image": "melon-ripe_2_mask_1742630308.jpg", "color_analysis": {"avg_r": 232.72, "avg_g": 204.87, "avg_b": 27.24}}, {"class": "melon-ripe", "confidence": 84.83, "bbox": {"x1": 1093, "y1": 939, "x2": 1200, "y2": 1129, "width": 107, "height": 190}, "cropped_image": "melon-ripe_3_84pct_1742630308.jpg", "processed_image": "melon-ripe_3_processed_1742630308.jpg", "mask_image": "melon-ripe_3_mask_1742630308.jpg", "color_analysis": {"avg_r": 218.54, "avg_g": 191.87, "avg_b": 33.14}}, {"class": "melon-ripe", "confidence": 81.46, "bbox": {"x1": 894, "y1": 840, "x2": 957, "y2": 902, "width": 63, "height": 62}, "cropped_image": "melon-ripe_4_81pct_1742630308.jpg", "processed_image": "melon-ripe_4_processed_1742630308.jpg", "mask_image": "melon-ripe_4_mask_1742630308.jpg", "color_analysis": {"avg_r": 224.56, "avg_g": 193.87, "avg_b": 40.76}}, {"class": "melon-unripe", "confidence": 52.02, "bbox": {"x1": 927, "y1": 628, "x2": 986, "y2": 678, "width": 59, "height": 50}, "cropped_image": "melon-unripe_5_52pct_1742630308.jpg", "processed_image": null, "mask_image": null, "color_analysis": null}]}
DETECTION_RESULTS_END
[22-Mar-2025 08:58:34 Europe/Berlin] Return code: 0
[22-Mar-2025 08:58:34 Europe/Berlin] Processing line: Current working directory: C:\xampp\htdocs\ds_min
[22-Mar-2025 08:58:34 Europe/Berlin] Processing line: Model path (absolute): C:/xampp/htdocs/ds_min/pg/deeplearning/combined.pt
[22-Mar-2025 08:58:34 Europe/Berlin] Processing line: Upload path (absolute): C:/xampp/htdocs/ds_min/output/detect_8/raw_WhatsApp Image 2025-03-22 at 12.00.48 PM.jpeg
[22-Mar-2025 08:58:34 Europe/Berlin] Processing line: Results directory (absolute): C:/xampp/htdocs/ds_min/output/detect_8
[22-Mar-2025 08:58:34 Europe/Berlin] Processing line: Using HSV ranges:
[22-Mar-2025 08:58:34 Europe/Berlin] Processing line: Range 1: H=[155-255], S=[160-240], V=[160-255]
[22-Mar-2025 08:58:34 Europe/Berlin] Processing line: Range 2: H=[0-30], S=[160-240], V=[160-255]
[22-Mar-2025 08:58:34 Europe/Berlin] Processing line: Loading model...
[22-Mar-2025 08:58:34 Europe/Berlin] Processing line: Model loaded successfully
[22-Mar-2025 08:58:34 Europe/Berlin] Processing line: Reading image...
[22-Mar-2025 08:58:34 Europe/Berlin] Processing line: Image read successfully, shape: (1600, 1200, 3)
[22-Mar-2025 08:58:34 Europe/Berlin] Processing line: Running detection...
[22-Mar-2025 08:58:34 Europe/Berlin] Processing line: 
[22-Mar-2025 08:58:34 Europe/Berlin] Processing line: 0: 1280x960 4 melon-ripes, 1 melon-unripe, 266.1ms
[22-Mar-2025 08:58:34 Europe/Berlin] Processing line: Speed: 9.9ms preprocess, 266.1ms inference, 2.5ms postprocess per image at shape (1, 3, 1280, 960)
[22-Mar-2025 08:58:34 Europe/Berlin] Processing line: Detection completed successfully
[22-Mar-2025 08:58:34 Europe/Berlin] Processing line: Found 5 objects
[22-Mar-2025 08:58:34 Europe/Berlin] Processing line: Processing detection 1: melon-ripe (89.21%)
[22-Mar-2025 08:58:34 Europe/Berlin] Processing line: Successfully saved cropped melon-ripe to: C:/xampp/htdocs/ds_min/output/detect_8\melon-ripe_1_89pct_1742630308.jpg
[22-Mar-2025 08:58:34 Europe/Berlin] Processing line: Processing melon-ripe image for color analysis...
[22-Mar-2025 08:58:34 Europe/Berlin] Processing line: Successfully saved processed melon to: C:/xampp/htdocs/ds_min/output/detect_8\melon-ripe_1_processed_1742630308.jpg
[22-Mar-2025 08:58:34 Europe/Berlin] Processing line: Successfully saved mask to: C:/xampp/htdocs/ds_min/output/detect_8\melon-ripe_1_mask_1742630308.jpg
[22-Mar-2025 08:58:34 Europe/Berlin] Processing line: Processing detection 2: melon-ripe (87.98%)
[22-Mar-2025 08:58:34 Europe/Berlin] Processing line: Successfully saved cropped melon-ripe to: C:/xampp/htdocs/ds_min/output/detect_8\melon-ripe_2_87pct_1742630308.jpg
[22-Mar-2025 08:58:34 Europe/Berlin] Processing line: Processing melon-ripe image for color analysis...
[22-Mar-2025 08:58:34 Europe/Berlin] Processing line: Successfully saved processed melon to: C:/xampp/htdocs/ds_min/output/detect_8\melon-ripe_2_processed_1742630308.jpg
[22-Mar-2025 08:58:34 Europe/Berlin] Processing line: Successfully saved mask to: C:/xampp/htdocs/ds_min/output/detect_8\melon-ripe_2_mask_1742630308.jpg
[22-Mar-2025 08:58:34 Europe/Berlin] Processing line: Processing detection 3: melon-ripe (84.83%)
[22-Mar-2025 08:58:34 Europe/Berlin] Processing line: Successfully saved cropped melon-ripe to: C:/xampp/htdocs/ds_min/output/detect_8\melon-ripe_3_84pct_1742630308.jpg
[22-Mar-2025 08:58:34 Europe/Berlin] Processing line: Processing melon-ripe image for color analysis...
[22-Mar-2025 08:58:34 Europe/Berlin] Processing line: Successfully saved processed melon to: C:/xampp/htdocs/ds_min/output/detect_8\melon-ripe_3_processed_1742630308.jpg
[22-Mar-2025 08:58:34 Europe/Berlin] Processing line: Successfully saved mask to: C:/xampp/htdocs/ds_min/output/detect_8\melon-ripe_3_mask_1742630308.jpg
[22-Mar-2025 08:58:34 Europe/Berlin] Processing line: Processing detection 4: melon-ripe (81.46%)
[22-Mar-2025 08:58:34 Europe/Berlin] Processing line: Successfully saved cropped melon-ripe to: C:/xampp/htdocs/ds_min/output/detect_8\melon-ripe_4_81pct_1742630308.jpg
[22-Mar-2025 08:58:34 Europe/Berlin] Processing line: Processing melon-ripe image for color analysis...
[22-Mar-2025 08:58:34 Europe/Berlin] Processing line: Successfully saved processed melon to: C:/xampp/htdocs/ds_min/output/detect_8\melon-ripe_4_processed_1742630308.jpg
[22-Mar-2025 08:58:34 Europe/Berlin] Processing line: Successfully saved mask to: C:/xampp/htdocs/ds_min/output/detect_8\melon-ripe_4_mask_1742630308.jpg
[22-Mar-2025 08:58:34 Europe/Berlin] Processing line: Processing detection 5: melon-unripe (52.02%)
[22-Mar-2025 08:58:34 Europe/Berlin] Processing line: Successfully saved cropped melon-unripe to: C:/xampp/htdocs/ds_min/output/detect_8\melon-unripe_5_52pct_1742630308.jpg
[22-Mar-2025 08:58:34 Europe/Berlin] Processing line: Saved color analysis to: C:/xampp/htdocs/ds_min/output/detect_8\color_analysis_1742630308.csv
[22-Mar-2025 08:58:34 Europe/Berlin] Processing line: Saved detection results to: C:/xampp/htdocs/ds_min/output/detect_8\1742630308_detections.json
[22-Mar-2025 08:58:34 Europe/Berlin] Processing line: Successfully saved result visualization to: C:/xampp/htdocs/ds_min/output/detect_8\1742630308_result.jpg
[22-Mar-2025 08:58:34 Europe/Berlin] Processing line: DETECTION_RESULTS_START
[22-Mar-2025 08:58:34 Europe/Berlin] Processing line: {"image_size": {"width": 1200, "height": 1600}, "detections": [{"class": "melon-ripe", "confidence": 89.21, "bbox": {"x1": 200, "y1": 1137, "x2": 359, "y2": 1309, "width": 159, "height": 172}, "cropped_image": "melon-ripe_1_89pct_1742630308.jpg", "processed_image": "melon-ripe_1_processed_1742630308.jpg", "mask_image": "melon-ripe_1_mask_1742630308.jpg", "color_analysis": {"avg_r": 220.99, "avg_g": 182.0, "avg_b": 28.39}}, {"class": "melon-ripe", "confidence": 87.98, "bbox": {"x1": 598, "y1": 1115, "x2": 782, "y2": 1305, "width": 184, "height": 190}, "cropped_image": "melon-ripe_2_87pct_1742630308.jpg", "processed_image": "melon-ripe_2_processed_1742630308.jpg", "mask_image": "melon-ripe_2_mask_1742630308.jpg", "color_analysis": {"avg_r": 232.72, "avg_g": 204.87, "avg_b": 27.24}}, {"class": "melon-ripe", "confidence": 84.83, "bbox": {"x1": 1093, "y1": 939, "x2": 1200, "y2": 1129, "width": 107, "height": 190}, "cropped_image": "melon-ripe_3_84pct_1742630308.jpg", "processed_image": "melon-ripe_3_processed_1742630308.jpg", "mask_image": "melon-ripe_3_mask_1742630308.jpg", "color_analysis": {"avg_r": 218.54, "avg_g": 191.87, "avg_b": 33.14}}, {"class": "melon-ripe", "confidence": 81.46, "bbox": {"x1": 894, "y1": 840, "x2": 957, "y2": 902, "width": 63, "height": 62}, "cropped_image": "melon-ripe_4_81pct_1742630308.jpg", "processed_image": "melon-ripe_4_processed_1742630308.jpg", "mask_image": "melon-ripe_4_mask_1742630308.jpg", "color_analysis": {"avg_r": 224.56, "avg_g": 193.87, "avg_b": 40.76}}, {"class": "melon-unripe", "confidence": 52.02, "bbox": {"x1": 927, "y1": 628, "x2": 986, "y2": 678, "width": 59, "height": 50}, "cropped_image": "melon-unripe_5_52pct_1742630308.jpg", "processed_image": null, "mask_image": null, "color_analysis": null}]}
[22-Mar-2025 08:58:34 Europe/Berlin] Processing line: DETECTION_RESULTS_END
[22-Mar-2025 08:58:34 Europe/Berlin] Parsing JSON data: {"image_size": {"width": 1200, "height": 1600}, "detections": [{"class": "melon-ripe", "confidence": 89.21, "bbox": {"x1": 200, "y1": 1137, "x2": 359, "y2": 1309, "width": 159, "height": 172}, "cropped_image": "melon-ripe_1_89pct_1742630308.jpg", "processed_image": "melon-ripe_1_processed_1742630308.jpg", "mask_image": "melon-ripe_1_mask_1742630308.jpg", "color_analysis": {"avg_r": 220.99, "avg_g": 182.0, "avg_b": 28.39}}, {"class": "melon-ripe", "confidence": 87.98, "bbox": {"x1": 598, "y1": 1115, "x2": 782, "y2": 1305, "width": 184, "height": 190}, "cropped_image": "melon-ripe_2_87pct_1742630308.jpg", "processed_image": "melon-ripe_2_processed_1742630308.jpg", "mask_image": "melon-ripe_2_mask_1742630308.jpg", "color_analysis": {"avg_r": 232.72, "avg_g": 204.87, "avg_b": 27.24}}, {"class": "melon-ripe", "confidence": 84.83, "bbox": {"x1": 1093, "y1": 939, "x2": 1200, "y2": 1129, "width": 107, "height": 190}, "cropped_image": "melon-ripe_3_84pct_1742630308.jpg", "processed_image": "melon-ripe_3_processed_1742630308.jpg", "mask_image": "melon-ripe_3_mask_1742630308.jpg", "color_analysis": {"avg_r": 218.54, "avg_g": 191.87, "avg_b": 33.14}}, {"class": "melon-ripe", "confidence": 81.46, "bbox": {"x1": 894, "y1": 840, "x2": 957, "y2": 902, "width": 63, "height": 62}, "cropped_image": "melon-ripe_4_81pct_1742630308.jpg", "processed_image": "melon-ripe_4_processed_1742630308.jpg", "mask_image": "melon-ripe_4_mask_1742630308.jpg", "color_analysis": {"avg_r": 224.56, "avg_g": 193.87, "avg_b": 40.76}}, {"class": "melon-unripe", "confidence": 52.02, "bbox": {"x1": 927, "y1": 628, "x2": 986, "y2": 678, "width": 59, "height": 50}, "cropped_image": "melon-unripe_5_52pct_1742630308.jpg", "processed_image": null, "mask_image": null, "color_analysis": null}]}
[22-Mar-2025 08:58:34 Europe/Berlin] Successfully parsed detection data
[22-Mar-2025 08:59:03 Europe/Berlin] File uploaded successfully to: C:\xampp\htdocs\ds_min/output/detect_9/raw_WhatsApp Image 2025-03-22 at 12.00.48 PM.jpeg
[22-Mar-2025 08:59:03 Europe/Berlin] Selected model: combined
[22-Mar-2025 08:59:03 Europe/Berlin] Model path: C:/xampp/htdocs/ds_min/pg/deeplearning/combined.pt (exists: yes)
[22-Mar-2025 08:59:03 Europe/Berlin] Upload path: C:/xampp/htdocs/ds_min/output/detect_9/raw_WhatsApp Image 2025-03-22 at 12.00.48 PM.jpeg (exists: yes)
[22-Mar-2025 08:59:03 Europe/Berlin] Results dir: C:/xampp/htdocs/ds_min/results (exists: yes)
[22-Mar-2025 08:59:03 Europe/Berlin] Starting detection process...
[22-Mar-2025 08:59:03 Europe/Berlin] Executing command: cd "C:\xampp\htdocs\ds_min" && "C:\Users\syauqiarham\anaconda3\python.exe" "C:\Users\syauqiarham\AppData\Local\Temp\det7A06.tmp.py" 2>&1
[22-Mar-2025 08:59:10 Europe/Berlin] Command output:
Current working directory: C:\xampp\htdocs\ds_min
Model path (absolute): C:/xampp/htdocs/ds_min/pg/deeplearning/combined.pt
Upload path (absolute): C:/xampp/htdocs/ds_min/output/detect_9/raw_WhatsApp Image 2025-03-22 at 12.00.48 PM.jpeg
Results directory (absolute): C:/xampp/htdocs/ds_min/output/detect_9
Using HSV ranges:
Range 1: H=[155-255], S=[160-240], V=[160-255]
Range 2: H=[0-30], S=[160-240], V=[160-255]
Loading model...
Model loaded successfully
Reading image...
Image read successfully, shape: (1600, 1200, 3)
Running detection...

0: 1280x960 4 melon-ripes, 1 melon-unripe, 201.0ms
Speed: 10.3ms preprocess, 201.0ms inference, 2.5ms postprocess per image at shape (1, 3, 1280, 960)
Detection completed successfully
Found 5 objects
Processing detection 1: melon-ripe (89.21%)
Successfully saved cropped melon-ripe to: C:/xampp/htdocs/ds_min/output/detect_9\melon-ripe_1_89pct_1742630343.jpg
Processing melon-ripe image for color analysis...
Successfully saved processed melon to: C:/xampp/htdocs/ds_min/output/detect_9\melon-ripe_1_processed_1742630343.jpg
Successfully saved mask to: C:/xampp/htdocs/ds_min/output/detect_9\melon-ripe_1_mask_1742630343.jpg
Processing detection 2: melon-ripe (87.98%)
Successfully saved cropped melon-ripe to: C:/xampp/htdocs/ds_min/output/detect_9\melon-ripe_2_87pct_1742630343.jpg
Processing melon-ripe image for color analysis...
Successfully saved processed melon to: C:/xampp/htdocs/ds_min/output/detect_9\melon-ripe_2_processed_1742630343.jpg
Successfully saved mask to: C:/xampp/htdocs/ds_min/output/detect_9\melon-ripe_2_mask_1742630343.jpg
Processing detection 3: melon-ripe (84.83%)
Successfully saved cropped melon-ripe to: C:/xampp/htdocs/ds_min/output/detect_9\melon-ripe_3_84pct_1742630343.jpg
Processing melon-ripe image for color analysis...
Successfully saved processed melon to: C:/xampp/htdocs/ds_min/output/detect_9\melon-ripe_3_processed_1742630343.jpg
Successfully saved mask to: C:/xampp/htdocs/ds_min/output/detect_9\melon-ripe_3_mask_1742630343.jpg
Processing detection 4: melon-ripe (81.46%)
Successfully saved cropped melon-ripe to: C:/xampp/htdocs/ds_min/output/detect_9\melon-ripe_4_81pct_1742630343.jpg
Processing melon-ripe image for color analysis...
Successfully saved processed melon to: C:/xampp/htdocs/ds_min/output/detect_9\melon-ripe_4_processed_1742630343.jpg
Successfully saved mask to: C:/xampp/htdocs/ds_min/output/detect_9\melon-ripe_4_mask_1742630343.jpg
Processing detection 5: melon-unripe (52.02%)
Successfully saved cropped melon-unripe to: C:/xampp/htdocs/ds_min/output/detect_9\melon-unripe_5_52pct_1742630343.jpg
Saved color analysis to: C:/xampp/htdocs/ds_min/output/detect_9\color_analysis_1742630343.csv
Saved detection results to: C:/xampp/htdocs/ds_min/output/detect_9\1742630343_detections.json
Successfully saved result visualization to: C:/xampp/htdocs/ds_min/output/detect_9\1742630343_result.jpg
DETECTION_RESULTS_START
{"image_size": {"width": 1200, "height": 1600}, "detections": [{"class": "melon-ripe", "confidence": 89.21, "bbox": {"x1": 200, "y1": 1137, "x2": 359, "y2": 1309, "width": 159, "height": 172}, "cropped_image": "melon-ripe_1_89pct_1742630343.jpg", "processed_image": "melon-ripe_1_processed_1742630343.jpg", "mask_image": "melon-ripe_1_mask_1742630343.jpg", "color_analysis": {"avg_r": 220.99, "avg_g": 182.0, "avg_b": 28.39}}, {"class": "melon-ripe", "confidence": 87.98, "bbox": {"x1": 598, "y1": 1115, "x2": 782, "y2": 1305, "width": 184, "height": 190}, "cropped_image": "melon-ripe_2_87pct_1742630343.jpg", "processed_image": "melon-ripe_2_processed_1742630343.jpg", "mask_image": "melon-ripe_2_mask_1742630343.jpg", "color_analysis": {"avg_r": 232.72, "avg_g": 204.87, "avg_b": 27.24}}, {"class": "melon-ripe", "confidence": 84.83, "bbox": {"x1": 1093, "y1": 939, "x2": 1200, "y2": 1129, "width": 107, "height": 190}, "cropped_image": "melon-ripe_3_84pct_1742630343.jpg", "processed_image": "melon-ripe_3_processed_1742630343.jpg", "mask_image": "melon-ripe_3_mask_1742630343.jpg", "color_analysis": {"avg_r": 218.54, "avg_g": 191.87, "avg_b": 33.14}}, {"class": "melon-ripe", "confidence": 81.46, "bbox": {"x1": 894, "y1": 840, "x2": 957, "y2": 902, "width": 63, "height": 62}, "cropped_image": "melon-ripe_4_81pct_1742630343.jpg", "processed_image": "melon-ripe_4_processed_1742630343.jpg", "mask_image": "melon-ripe_4_mask_1742630343.jpg", "color_analysis": {"avg_r": 224.56, "avg_g": 193.87, "avg_b": 40.76}}, {"class": "melon-unripe", "confidence": 52.02, "bbox": {"x1": 927, "y1": 628, "x2": 986, "y2": 678, "width": 59, "height": 50}, "cropped_image": "melon-unripe_5_52pct_1742630343.jpg", "processed_image": null, "mask_image": null, "color_analysis": null}]}
DETECTION_RESULTS_END
[22-Mar-2025 08:59:10 Europe/Berlin] Return code: 0
[22-Mar-2025 08:59:10 Europe/Berlin] Processing line: Current working directory: C:\xampp\htdocs\ds_min
[22-Mar-2025 08:59:10 Europe/Berlin] Processing line: Model path (absolute): C:/xampp/htdocs/ds_min/pg/deeplearning/combined.pt
[22-Mar-2025 08:59:10 Europe/Berlin] Processing line: Upload path (absolute): C:/xampp/htdocs/ds_min/output/detect_9/raw_WhatsApp Image 2025-03-22 at 12.00.48 PM.jpeg
[22-Mar-2025 08:59:10 Europe/Berlin] Processing line: Results directory (absolute): C:/xampp/htdocs/ds_min/output/detect_9
[22-Mar-2025 08:59:10 Europe/Berlin] Processing line: Using HSV ranges:
[22-Mar-2025 08:59:10 Europe/Berlin] Processing line: Range 1: H=[155-255], S=[160-240], V=[160-255]
[22-Mar-2025 08:59:10 Europe/Berlin] Processing line: Range 2: H=[0-30], S=[160-240], V=[160-255]
[22-Mar-2025 08:59:10 Europe/Berlin] Processing line: Loading model...
[22-Mar-2025 08:59:10 Europe/Berlin] Processing line: Model loaded successfully
[22-Mar-2025 08:59:10 Europe/Berlin] Processing line: Reading image...
[22-Mar-2025 08:59:10 Europe/Berlin] Processing line: Image read successfully, shape: (1600, 1200, 3)
[22-Mar-2025 08:59:10 Europe/Berlin] Processing line: Running detection...
[22-Mar-2025 08:59:10 Europe/Berlin] Processing line: 
[22-Mar-2025 08:59:10 Europe/Berlin] Processing line: 0: 1280x960 4 melon-ripes, 1 melon-unripe, 201.0ms
[22-Mar-2025 08:59:10 Europe/Berlin] Processing line: Speed: 10.3ms preprocess, 201.0ms inference, 2.5ms postprocess per image at shape (1, 3, 1280, 960)
[22-Mar-2025 08:59:10 Europe/Berlin] Processing line: Detection completed successfully
[22-Mar-2025 08:59:10 Europe/Berlin] Processing line: Found 5 objects
[22-Mar-2025 08:59:10 Europe/Berlin] Processing line: Processing detection 1: melon-ripe (89.21%)
[22-Mar-2025 08:59:10 Europe/Berlin] Processing line: Successfully saved cropped melon-ripe to: C:/xampp/htdocs/ds_min/output/detect_9\melon-ripe_1_89pct_1742630343.jpg
[22-Mar-2025 08:59:10 Europe/Berlin] Processing line: Processing melon-ripe image for color analysis...
[22-Mar-2025 08:59:10 Europe/Berlin] Processing line: Successfully saved processed melon to: C:/xampp/htdocs/ds_min/output/detect_9\melon-ripe_1_processed_1742630343.jpg
[22-Mar-2025 08:59:10 Europe/Berlin] Processing line: Successfully saved mask to: C:/xampp/htdocs/ds_min/output/detect_9\melon-ripe_1_mask_1742630343.jpg
[22-Mar-2025 08:59:10 Europe/Berlin] Processing line: Processing detection 2: melon-ripe (87.98%)
[22-Mar-2025 08:59:10 Europe/Berlin] Processing line: Successfully saved cropped melon-ripe to: C:/xampp/htdocs/ds_min/output/detect_9\melon-ripe_2_87pct_1742630343.jpg
[22-Mar-2025 08:59:10 Europe/Berlin] Processing line: Processing melon-ripe image for color analysis...
[22-Mar-2025 08:59:10 Europe/Berlin] Processing line: Successfully saved processed melon to: C:/xampp/htdocs/ds_min/output/detect_9\melon-ripe_2_processed_1742630343.jpg
[22-Mar-2025 08:59:10 Europe/Berlin] Processing line: Successfully saved mask to: C:/xampp/htdocs/ds_min/output/detect_9\melon-ripe_2_mask_1742630343.jpg
[22-Mar-2025 08:59:10 Europe/Berlin] Processing line: Processing detection 3: melon-ripe (84.83%)
[22-Mar-2025 08:59:10 Europe/Berlin] Processing line: Successfully saved cropped melon-ripe to: C:/xampp/htdocs/ds_min/output/detect_9\melon-ripe_3_84pct_1742630343.jpg
[22-Mar-2025 08:59:10 Europe/Berlin] Processing line: Processing melon-ripe image for color analysis...
[22-Mar-2025 08:59:10 Europe/Berlin] Processing line: Successfully saved processed melon to: C:/xampp/htdocs/ds_min/output/detect_9\melon-ripe_3_processed_1742630343.jpg
[22-Mar-2025 08:59:10 Europe/Berlin] Processing line: Successfully saved mask to: C:/xampp/htdocs/ds_min/output/detect_9\melon-ripe_3_mask_1742630343.jpg
[22-Mar-2025 08:59:10 Europe/Berlin] Processing line: Processing detection 4: melon-ripe (81.46%)
[22-Mar-2025 08:59:10 Europe/Berlin] Processing line: Successfully saved cropped melon-ripe to: C:/xampp/htdocs/ds_min/output/detect_9\melon-ripe_4_81pct_1742630343.jpg
[22-Mar-2025 08:59:10 Europe/Berlin] Processing line: Processing melon-ripe image for color analysis...
[22-Mar-2025 08:59:10 Europe/Berlin] Processing line: Successfully saved processed melon to: C:/xampp/htdocs/ds_min/output/detect_9\melon-ripe_4_processed_1742630343.jpg
[22-Mar-2025 08:59:10 Europe/Berlin] Processing line: Successfully saved mask to: C:/xampp/htdocs/ds_min/output/detect_9\melon-ripe_4_mask_1742630343.jpg
[22-Mar-2025 08:59:10 Europe/Berlin] Processing line: Processing detection 5: melon-unripe (52.02%)
[22-Mar-2025 08:59:10 Europe/Berlin] Processing line: Successfully saved cropped melon-unripe to: C:/xampp/htdocs/ds_min/output/detect_9\melon-unripe_5_52pct_1742630343.jpg
[22-Mar-2025 08:59:10 Europe/Berlin] Processing line: Saved color analysis to: C:/xampp/htdocs/ds_min/output/detect_9\color_analysis_1742630343.csv
[22-Mar-2025 08:59:10 Europe/Berlin] Processing line: Saved detection results to: C:/xampp/htdocs/ds_min/output/detect_9\1742630343_detections.json
[22-Mar-2025 08:59:10 Europe/Berlin] Processing line: Successfully saved result visualization to: C:/xampp/htdocs/ds_min/output/detect_9\1742630343_result.jpg
[22-Mar-2025 08:59:10 Europe/Berlin] Processing line: DETECTION_RESULTS_START
[22-Mar-2025 08:59:10 Europe/Berlin] Processing line: {"image_size": {"width": 1200, "height": 1600}, "detections": [{"class": "melon-ripe", "confidence": 89.21, "bbox": {"x1": 200, "y1": 1137, "x2": 359, "y2": 1309, "width": 159, "height": 172}, "cropped_image": "melon-ripe_1_89pct_1742630343.jpg", "processed_image": "melon-ripe_1_processed_1742630343.jpg", "mask_image": "melon-ripe_1_mask_1742630343.jpg", "color_analysis": {"avg_r": 220.99, "avg_g": 182.0, "avg_b": 28.39}}, {"class": "melon-ripe", "confidence": 87.98, "bbox": {"x1": 598, "y1": 1115, "x2": 782, "y2": 1305, "width": 184, "height": 190}, "cropped_image": "melon-ripe_2_87pct_1742630343.jpg", "processed_image": "melon-ripe_2_processed_1742630343.jpg", "mask_image": "melon-ripe_2_mask_1742630343.jpg", "color_analysis": {"avg_r": 232.72, "avg_g": 204.87, "avg_b": 27.24}}, {"class": "melon-ripe", "confidence": 84.83, "bbox": {"x1": 1093, "y1": 939, "x2": 1200, "y2": 1129, "width": 107, "height": 190}, "cropped_image": "melon-ripe_3_84pct_1742630343.jpg", "processed_image": "melon-ripe_3_processed_1742630343.jpg", "mask_image": "melon-ripe_3_mask_1742630343.jpg", "color_analysis": {"avg_r": 218.54, "avg_g": 191.87, "avg_b": 33.14}}, {"class": "melon-ripe", "confidence": 81.46, "bbox": {"x1": 894, "y1": 840, "x2": 957, "y2": 902, "width": 63, "height": 62}, "cropped_image": "melon-ripe_4_81pct_1742630343.jpg", "processed_image": "melon-ripe_4_processed_1742630343.jpg", "mask_image": "melon-ripe_4_mask_1742630343.jpg", "color_analysis": {"avg_r": 224.56, "avg_g": 193.87, "avg_b": 40.76}}, {"class": "melon-unripe", "confidence": 52.02, "bbox": {"x1": 927, "y1": 628, "x2": 986, "y2": 678, "width": 59, "height": 50}, "cropped_image": "melon-unripe_5_52pct_1742630343.jpg", "processed_image": null, "mask_image": null, "color_analysis": null}]}
[22-Mar-2025 08:59:10 Europe/Berlin] Processing line: DETECTION_RESULTS_END
[22-Mar-2025 08:59:10 Europe/Berlin] Parsing JSON data: {"image_size": {"width": 1200, "height": 1600}, "detections": [{"class": "melon-ripe", "confidence": 89.21, "bbox": {"x1": 200, "y1": 1137, "x2": 359, "y2": 1309, "width": 159, "height": 172}, "cropped_image": "melon-ripe_1_89pct_1742630343.jpg", "processed_image": "melon-ripe_1_processed_1742630343.jpg", "mask_image": "melon-ripe_1_mask_1742630343.jpg", "color_analysis": {"avg_r": 220.99, "avg_g": 182.0, "avg_b": 28.39}}, {"class": "melon-ripe", "confidence": 87.98, "bbox": {"x1": 598, "y1": 1115, "x2": 782, "y2": 1305, "width": 184, "height": 190}, "cropped_image": "melon-ripe_2_87pct_1742630343.jpg", "processed_image": "melon-ripe_2_processed_1742630343.jpg", "mask_image": "melon-ripe_2_mask_1742630343.jpg", "color_analysis": {"avg_r": 232.72, "avg_g": 204.87, "avg_b": 27.24}}, {"class": "melon-ripe", "confidence": 84.83, "bbox": {"x1": 1093, "y1": 939, "x2": 1200, "y2": 1129, "width": 107, "height": 190}, "cropped_image": "melon-ripe_3_84pct_1742630343.jpg", "processed_image": "melon-ripe_3_processed_1742630343.jpg", "mask_image": "melon-ripe_3_mask_1742630343.jpg", "color_analysis": {"avg_r": 218.54, "avg_g": 191.87, "avg_b": 33.14}}, {"class": "melon-ripe", "confidence": 81.46, "bbox": {"x1": 894, "y1": 840, "x2": 957, "y2": 902, "width": 63, "height": 62}, "cropped_image": "melon-ripe_4_81pct_1742630343.jpg", "processed_image": "melon-ripe_4_processed_1742630343.jpg", "mask_image": "melon-ripe_4_mask_1742630343.jpg", "color_analysis": {"avg_r": 224.56, "avg_g": 193.87, "avg_b": 40.76}}, {"class": "melon-unripe", "confidence": 52.02, "bbox": {"x1": 927, "y1": 628, "x2": 986, "y2": 678, "width": 59, "height": 50}, "cropped_image": "melon-unripe_5_52pct_1742630343.jpg", "processed_image": null, "mask_image": null, "color_analysis": null}]}
[22-Mar-2025 08:59:10 Europe/Berlin] Successfully parsed detection data
[22-Mar-2025 08:59:20 Europe/Berlin] File uploaded successfully to: C:\xampp\htdocs\ds_min/output/detect_10/raw_WhatsApp Image 2025-03-22 at 12.00.48 PM.jpeg
[22-Mar-2025 08:59:20 Europe/Berlin] Selected model: combined
[22-Mar-2025 08:59:20 Europe/Berlin] Model path: C:/xampp/htdocs/ds_min/pg/deeplearning/combined.pt (exists: yes)
[22-Mar-2025 08:59:20 Europe/Berlin] Upload path: C:/xampp/htdocs/ds_min/output/detect_10/raw_WhatsApp Image 2025-03-22 at 12.00.48 PM.jpeg (exists: yes)
[22-Mar-2025 08:59:20 Europe/Berlin] Results dir: C:/xampp/htdocs/ds_min/results (exists: yes)
[22-Mar-2025 08:59:20 Europe/Berlin] Starting detection process...
[22-Mar-2025 08:59:20 Europe/Berlin] Executing command: cd "C:\xampp\htdocs\ds_min" && "C:\Users\syauqiarham\anaconda3\python.exe" "C:\Users\syauqiarham\AppData\Local\Temp\detBD3B.tmp.py" 2>&1
[22-Mar-2025 08:59:26 Europe/Berlin] Command output:
Current working directory: C:\xampp\htdocs\ds_min
Model path (absolute): C:/xampp/htdocs/ds_min/pg/deeplearning/combined.pt
Upload path (absolute): C:/xampp/htdocs/ds_min/output/detect_10/raw_WhatsApp Image 2025-03-22 at 12.00.48 PM.jpeg
Results directory (absolute): C:/xampp/htdocs/ds_min/output/detect_10
Using HSV ranges:
Range 1: H=[155-255], S=[160-240], V=[160-255]
Range 2: H=[0-30], S=[160-240], V=[160-255]
Loading model...
Model loaded successfully
Reading image...
Image read successfully, shape: (1600, 1200, 3)
Running detection...

0: 1280x960 4 melon-ripes, 1 melon-unripe, 275.1ms
Speed: 10.0ms preprocess, 275.1ms inference, 4.4ms postprocess per image at shape (1, 3, 1280, 960)
Detection completed successfully
Found 5 objects
Processing detection 1: melon-ripe (89.21%)
Successfully saved cropped melon-ripe to: C:/xampp/htdocs/ds_min/output/detect_10\melon-ripe_1_89pct_1742630360.jpg
Processing melon-ripe image for color analysis...
Successfully saved processed melon to: C:/xampp/htdocs/ds_min/output/detect_10\melon-ripe_1_processed_1742630360.jpg
Successfully saved mask to: C:/xampp/htdocs/ds_min/output/detect_10\melon-ripe_1_mask_1742630360.jpg
Processing detection 2: melon-ripe (87.98%)
Successfully saved cropped melon-ripe to: C:/xampp/htdocs/ds_min/output/detect_10\melon-ripe_2_87pct_1742630360.jpg
Processing melon-ripe image for color analysis...
Successfully saved processed melon to: C:/xampp/htdocs/ds_min/output/detect_10\melon-ripe_2_processed_1742630360.jpg
Successfully saved mask to: C:/xampp/htdocs/ds_min/output/detect_10\melon-ripe_2_mask_1742630360.jpg
Processing detection 3: melon-ripe (84.83%)
Successfully saved cropped melon-ripe to: C:/xampp/htdocs/ds_min/output/detect_10\melon-ripe_3_84pct_1742630360.jpg
Processing melon-ripe image for color analysis...
Successfully saved processed melon to: C:/xampp/htdocs/ds_min/output/detect_10\melon-ripe_3_processed_1742630360.jpg
Successfully saved mask to: C:/xampp/htdocs/ds_min/output/detect_10\melon-ripe_3_mask_1742630360.jpg
Processing detection 4: melon-ripe (81.46%)
Successfully saved cropped melon-ripe to: C:/xampp/htdocs/ds_min/output/detect_10\melon-ripe_4_81pct_1742630360.jpg
Processing melon-ripe image for color analysis...
Successfully saved processed melon to: C:/xampp/htdocs/ds_min/output/detect_10\melon-ripe_4_processed_1742630360.jpg
Successfully saved mask to: C:/xampp/htdocs/ds_min/output/detect_10\melon-ripe_4_mask_1742630360.jpg
Processing detection 5: melon-unripe (52.02%)
Successfully saved cropped melon-unripe to: C:/xampp/htdocs/ds_min/output/detect_10\melon-unripe_5_52pct_1742630360.jpg
Saved color analysis to: C:/xampp/htdocs/ds_min/output/detect_10\color_analysis_1742630360.csv
Saved detection results to: C:/xampp/htdocs/ds_min/output/detect_10\1742630360_detections.json
Successfully saved result visualization to: C:/xampp/htdocs/ds_min/output/detect_10\1742630360_result.jpg
DETECTION_RESULTS_START
{"image_size": {"width": 1200, "height": 1600}, "detections": [{"class": "melon-ripe", "confidence": 89.21, "bbox": {"x1": 200, "y1": 1137, "x2": 359, "y2": 1309, "width": 159, "height": 172}, "cropped_image": "melon-ripe_1_89pct_1742630360.jpg", "processed_image": "melon-ripe_1_processed_1742630360.jpg", "mask_image": "melon-ripe_1_mask_1742630360.jpg", "color_analysis": {"avg_r": 220.99, "avg_g": 182.0, "avg_b": 28.39}}, {"class": "melon-ripe", "confidence": 87.98, "bbox": {"x1": 598, "y1": 1115, "x2": 782, "y2": 1305, "width": 184, "height": 190}, "cropped_image": "melon-ripe_2_87pct_1742630360.jpg", "processed_image": "melon-ripe_2_processed_1742630360.jpg", "mask_image": "melon-ripe_2_mask_1742630360.jpg", "color_analysis": {"avg_r": 232.72, "avg_g": 204.87, "avg_b": 27.24}}, {"class": "melon-ripe", "confidence": 84.83, "bbox": {"x1": 1093, "y1": 939, "x2": 1200, "y2": 1129, "width": 107, "height": 190}, "cropped_image": "melon-ripe_3_84pct_1742630360.jpg", "processed_image": "melon-ripe_3_processed_1742630360.jpg", "mask_image": "melon-ripe_3_mask_1742630360.jpg", "color_analysis": {"avg_r": 218.54, "avg_g": 191.87, "avg_b": 33.14}}, {"class": "melon-ripe", "confidence": 81.46, "bbox": {"x1": 894, "y1": 840, "x2": 957, "y2": 902, "width": 63, "height": 62}, "cropped_image": "melon-ripe_4_81pct_1742630360.jpg", "processed_image": "melon-ripe_4_processed_1742630360.jpg", "mask_image": "melon-ripe_4_mask_1742630360.jpg", "color_analysis": {"avg_r": 224.56, "avg_g": 193.87, "avg_b": 40.76}}, {"class": "melon-unripe", "confidence": 52.02, "bbox": {"x1": 927, "y1": 628, "x2": 986, "y2": 678, "width": 59, "height": 50}, "cropped_image": "melon-unripe_5_52pct_1742630360.jpg", "processed_image": null, "mask_image": null, "color_analysis": null}]}
DETECTION_RESULTS_END
[22-Mar-2025 08:59:26 Europe/Berlin] Return code: 0
[22-Mar-2025 08:59:26 Europe/Berlin] Processing line: Current working directory: C:\xampp\htdocs\ds_min
[22-Mar-2025 08:59:26 Europe/Berlin] Processing line: Model path (absolute): C:/xampp/htdocs/ds_min/pg/deeplearning/combined.pt
[22-Mar-2025 08:59:26 Europe/Berlin] Processing line: Upload path (absolute): C:/xampp/htdocs/ds_min/output/detect_10/raw_WhatsApp Image 2025-03-22 at 12.00.48 PM.jpeg
[22-Mar-2025 08:59:26 Europe/Berlin] Processing line: Results directory (absolute): C:/xampp/htdocs/ds_min/output/detect_10
[22-Mar-2025 08:59:26 Europe/Berlin] Processing line: Using HSV ranges:
[22-Mar-2025 08:59:26 Europe/Berlin] Processing line: Range 1: H=[155-255], S=[160-240], V=[160-255]
[22-Mar-2025 08:59:26 Europe/Berlin] Processing line: Range 2: H=[0-30], S=[160-240], V=[160-255]
[22-Mar-2025 08:59:26 Europe/Berlin] Processing line: Loading model...
[22-Mar-2025 08:59:26 Europe/Berlin] Processing line: Model loaded successfully
[22-Mar-2025 08:59:26 Europe/Berlin] Processing line: Reading image...
[22-Mar-2025 08:59:26 Europe/Berlin] Processing line: Image read successfully, shape: (1600, 1200, 3)
[22-Mar-2025 08:59:26 Europe/Berlin] Processing line: Running detection...
[22-Mar-2025 08:59:26 Europe/Berlin] Processing line: 
[22-Mar-2025 08:59:26 Europe/Berlin] Processing line: 0: 1280x960 4 melon-ripes, 1 melon-unripe, 275.1ms
[22-Mar-2025 08:59:26 Europe/Berlin] Processing line: Speed: 10.0ms preprocess, 275.1ms inference, 4.4ms postprocess per image at shape (1, 3, 1280, 960)
[22-Mar-2025 08:59:26 Europe/Berlin] Processing line: Detection completed successfully
[22-Mar-2025 08:59:26 Europe/Berlin] Processing line: Found 5 objects
[22-Mar-2025 08:59:26 Europe/Berlin] Processing line: Processing detection 1: melon-ripe (89.21%)
[22-Mar-2025 08:59:26 Europe/Berlin] Processing line: Successfully saved cropped melon-ripe to: C:/xampp/htdocs/ds_min/output/detect_10\melon-ripe_1_89pct_1742630360.jpg
[22-Mar-2025 08:59:26 Europe/Berlin] Processing line: Processing melon-ripe image for color analysis...
[22-Mar-2025 08:59:26 Europe/Berlin] Processing line: Successfully saved processed melon to: C:/xampp/htdocs/ds_min/output/detect_10\melon-ripe_1_processed_1742630360.jpg
[22-Mar-2025 08:59:26 Europe/Berlin] Processing line: Successfully saved mask to: C:/xampp/htdocs/ds_min/output/detect_10\melon-ripe_1_mask_1742630360.jpg
[22-Mar-2025 08:59:26 Europe/Berlin] Processing line: Processing detection 2: melon-ripe (87.98%)
[22-Mar-2025 08:59:26 Europe/Berlin] Processing line: Successfully saved cropped melon-ripe to: C:/xampp/htdocs/ds_min/output/detect_10\melon-ripe_2_87pct_1742630360.jpg
[22-Mar-2025 08:59:26 Europe/Berlin] Processing line: Processing melon-ripe image for color analysis...
[22-Mar-2025 08:59:26 Europe/Berlin] Processing line: Successfully saved processed melon to: C:/xampp/htdocs/ds_min/output/detect_10\melon-ripe_2_processed_1742630360.jpg
[22-Mar-2025 08:59:26 Europe/Berlin] Processing line: Successfully saved mask to: C:/xampp/htdocs/ds_min/output/detect_10\melon-ripe_2_mask_1742630360.jpg
[22-Mar-2025 08:59:26 Europe/Berlin] Processing line: Processing detection 3: melon-ripe (84.83%)
[22-Mar-2025 08:59:26 Europe/Berlin] Processing line: Successfully saved cropped melon-ripe to: C:/xampp/htdocs/ds_min/output/detect_10\melon-ripe_3_84pct_1742630360.jpg
[22-Mar-2025 08:59:26 Europe/Berlin] Processing line: Processing melon-ripe image for color analysis...
[22-Mar-2025 08:59:26 Europe/Berlin] Processing line: Successfully saved processed melon to: C:/xampp/htdocs/ds_min/output/detect_10\melon-ripe_3_processed_1742630360.jpg
[22-Mar-2025 08:59:26 Europe/Berlin] Processing line: Successfully saved mask to: C:/xampp/htdocs/ds_min/output/detect_10\melon-ripe_3_mask_1742630360.jpg
[22-Mar-2025 08:59:26 Europe/Berlin] Processing line: Processing detection 4: melon-ripe (81.46%)
[22-Mar-2025 08:59:26 Europe/Berlin] Processing line: Successfully saved cropped melon-ripe to: C:/xampp/htdocs/ds_min/output/detect_10\melon-ripe_4_81pct_1742630360.jpg
[22-Mar-2025 08:59:26 Europe/Berlin] Processing line: Processing melon-ripe image for color analysis...
[22-Mar-2025 08:59:26 Europe/Berlin] Processing line: Successfully saved processed melon to: C:/xampp/htdocs/ds_min/output/detect_10\melon-ripe_4_processed_1742630360.jpg
[22-Mar-2025 08:59:26 Europe/Berlin] Processing line: Successfully saved mask to: C:/xampp/htdocs/ds_min/output/detect_10\melon-ripe_4_mask_1742630360.jpg
[22-Mar-2025 08:59:26 Europe/Berlin] Processing line: Processing detection 5: melon-unripe (52.02%)
[22-Mar-2025 08:59:26 Europe/Berlin] Processing line: Successfully saved cropped melon-unripe to: C:/xampp/htdocs/ds_min/output/detect_10\melon-unripe_5_52pct_1742630360.jpg
[22-Mar-2025 08:59:26 Europe/Berlin] Processing line: Saved color analysis to: C:/xampp/htdocs/ds_min/output/detect_10\color_analysis_1742630360.csv
[22-Mar-2025 08:59:26 Europe/Berlin] Processing line: Saved detection results to: C:/xampp/htdocs/ds_min/output/detect_10\1742630360_detections.json
[22-Mar-2025 08:59:26 Europe/Berlin] Processing line: Successfully saved result visualization to: C:/xampp/htdocs/ds_min/output/detect_10\1742630360_result.jpg
[22-Mar-2025 08:59:26 Europe/Berlin] Processing line: DETECTION_RESULTS_START
[22-Mar-2025 08:59:26 Europe/Berlin] Processing line: {"image_size": {"width": 1200, "height": 1600}, "detections": [{"class": "melon-ripe", "confidence": 89.21, "bbox": {"x1": 200, "y1": 1137, "x2": 359, "y2": 1309, "width": 159, "height": 172}, "cropped_image": "melon-ripe_1_89pct_1742630360.jpg", "processed_image": "melon-ripe_1_processed_1742630360.jpg", "mask_image": "melon-ripe_1_mask_1742630360.jpg", "color_analysis": {"avg_r": 220.99, "avg_g": 182.0, "avg_b": 28.39}}, {"class": "melon-ripe", "confidence": 87.98, "bbox": {"x1": 598, "y1": 1115, "x2": 782, "y2": 1305, "width": 184, "height": 190}, "cropped_image": "melon-ripe_2_87pct_1742630360.jpg", "processed_image": "melon-ripe_2_processed_1742630360.jpg", "mask_image": "melon-ripe_2_mask_1742630360.jpg", "color_analysis": {"avg_r": 232.72, "avg_g": 204.87, "avg_b": 27.24}}, {"class": "melon-ripe", "confidence": 84.83, "bbox": {"x1": 1093, "y1": 939, "x2": 1200, "y2": 1129, "width": 107, "height": 190}, "cropped_image": "melon-ripe_3_84pct_1742630360.jpg", "processed_image": "melon-ripe_3_processed_1742630360.jpg", "mask_image": "melon-ripe_3_mask_1742630360.jpg", "color_analysis": {"avg_r": 218.54, "avg_g": 191.87, "avg_b": 33.14}}, {"class": "melon-ripe", "confidence": 81.46, "bbox": {"x1": 894, "y1": 840, "x2": 957, "y2": 902, "width": 63, "height": 62}, "cropped_image": "melon-ripe_4_81pct_1742630360.jpg", "processed_image": "melon-ripe_4_processed_1742630360.jpg", "mask_image": "melon-ripe_4_mask_1742630360.jpg", "color_analysis": {"avg_r": 224.56, "avg_g": 193.87, "avg_b": 40.76}}, {"class": "melon-unripe", "confidence": 52.02, "bbox": {"x1": 927, "y1": 628, "x2": 986, "y2": 678, "width": 59, "height": 50}, "cropped_image": "melon-unripe_5_52pct_1742630360.jpg", "processed_image": null, "mask_image": null, "color_analysis": null}]}
[22-Mar-2025 08:59:26 Europe/Berlin] Processing line: DETECTION_RESULTS_END
[22-Mar-2025 08:59:26 Europe/Berlin] Parsing JSON data: {"image_size": {"width": 1200, "height": 1600}, "detections": [{"class": "melon-ripe", "confidence": 89.21, "bbox": {"x1": 200, "y1": 1137, "x2": 359, "y2": 1309, "width": 159, "height": 172}, "cropped_image": "melon-ripe_1_89pct_1742630360.jpg", "processed_image": "melon-ripe_1_processed_1742630360.jpg", "mask_image": "melon-ripe_1_mask_1742630360.jpg", "color_analysis": {"avg_r": 220.99, "avg_g": 182.0, "avg_b": 28.39}}, {"class": "melon-ripe", "confidence": 87.98, "bbox": {"x1": 598, "y1": 1115, "x2": 782, "y2": 1305, "width": 184, "height": 190}, "cropped_image": "melon-ripe_2_87pct_1742630360.jpg", "processed_image": "melon-ripe_2_processed_1742630360.jpg", "mask_image": "melon-ripe_2_mask_1742630360.jpg", "color_analysis": {"avg_r": 232.72, "avg_g": 204.87, "avg_b": 27.24}}, {"class": "melon-ripe", "confidence": 84.83, "bbox": {"x1": 1093, "y1": 939, "x2": 1200, "y2": 1129, "width": 107, "height": 190}, "cropped_image": "melon-ripe_3_84pct_1742630360.jpg", "processed_image": "melon-ripe_3_processed_1742630360.jpg", "mask_image": "melon-ripe_3_mask_1742630360.jpg", "color_analysis": {"avg_r": 218.54, "avg_g": 191.87, "avg_b": 33.14}}, {"class": "melon-ripe", "confidence": 81.46, "bbox": {"x1": 894, "y1": 840, "x2": 957, "y2": 902, "width": 63, "height": 62}, "cropped_image": "melon-ripe_4_81pct_1742630360.jpg", "processed_image": "melon-ripe_4_processed_1742630360.jpg", "mask_image": "melon-ripe_4_mask_1742630360.jpg", "color_analysis": {"avg_r": 224.56, "avg_g": 193.87, "avg_b": 40.76}}, {"class": "melon-unripe", "confidence": 52.02, "bbox": {"x1": 927, "y1": 628, "x2": 986, "y2": 678, "width": 59, "height": 50}, "cropped_image": "melon-unripe_5_52pct_1742630360.jpg", "processed_image": null, "mask_image": null, "color_analysis": null}]}
[22-Mar-2025 08:59:26 Europe/Berlin] Successfully parsed detection data
[22-Mar-2025 08:59:44 Europe/Berlin] File uploaded successfully to: C:\xampp\htdocs\ds_min/output/detect_11/raw_WhatsApp Image 2025-03-22 at 12.00.48 PM.jpeg
[22-Mar-2025 08:59:44 Europe/Berlin] Selected model: combined
[22-Mar-2025 08:59:44 Europe/Berlin] Model path: C:/xampp/htdocs/ds_min/pg/deeplearning/combined.pt (exists: yes)
[22-Mar-2025 08:59:44 Europe/Berlin] Upload path: C:/xampp/htdocs/ds_min/output/detect_11/raw_WhatsApp Image 2025-03-22 at 12.00.48 PM.jpeg (exists: yes)
[22-Mar-2025 08:59:44 Europe/Berlin] Results dir: C:/xampp/htdocs/ds_min/results (exists: yes)
[22-Mar-2025 08:59:44 Europe/Berlin] Starting detection process...
[22-Mar-2025 08:59:44 Europe/Berlin] Executing command: cd "C:\xampp\htdocs\ds_min" && "C:\Users\syauqiarham\anaconda3\python.exe" "C:\Users\syauqiarham\AppData\Local\Temp\det1B6A.tmp.py" 2>&1
[22-Mar-2025 08:59:49 Europe/Berlin] Command output:
Current working directory: C:\xampp\htdocs\ds_min
Model path (absolute): C:/xampp/htdocs/ds_min/pg/deeplearning/combined.pt
Upload path (absolute): C:/xampp/htdocs/ds_min/output/detect_11/raw_WhatsApp Image 2025-03-22 at 12.00.48 PM.jpeg
Results directory (absolute): C:/xampp/htdocs/ds_min/output/detect_11
Using HSV ranges:
Range 1: H=[155-255], S=[160-240], V=[160-255]
Range 2: H=[0-30], S=[160-240], V=[160-255]
Loading model...
Model loaded successfully
Reading image...
Image read successfully, shape: (1600, 1200, 3)
Running detection...

0: 1280x960 4 melon-ripes, 1 melon-unripe, 193.9ms
Speed: 10.8ms preprocess, 193.9ms inference, 1.4ms postprocess per image at shape (1, 3, 1280, 960)
Detection completed successfully
Found 5 objects
Processing detection 1: melon-ripe (89.21%)
Successfully saved cropped melon-ripe to: C:/xampp/htdocs/ds_min/output/detect_11\melon-ripe_1_89pct_1742630384.jpg
Processing melon-ripe image for color analysis...
Successfully saved processed melon to: C:/xampp/htdocs/ds_min/output/detect_11\melon-ripe_1_processed_1742630384.jpg
Successfully saved mask to: C:/xampp/htdocs/ds_min/output/detect_11\melon-ripe_1_mask_1742630384.jpg
Processing detection 2: melon-ripe (87.98%)
Successfully saved cropped melon-ripe to: C:/xampp/htdocs/ds_min/output/detect_11\melon-ripe_2_87pct_1742630384.jpg
Processing melon-ripe image for color analysis...
Successfully saved processed melon to: C:/xampp/htdocs/ds_min/output/detect_11\melon-ripe_2_processed_1742630384.jpg
Successfully saved mask to: C:/xampp/htdocs/ds_min/output/detect_11\melon-ripe_2_mask_1742630384.jpg
Processing detection 3: melon-ripe (84.83%)
Successfully saved cropped melon-ripe to: C:/xampp/htdocs/ds_min/output/detect_11\melon-ripe_3_84pct_1742630384.jpg
Processing melon-ripe image for color analysis...
Successfully saved processed melon to: C:/xampp/htdocs/ds_min/output/detect_11\melon-ripe_3_processed_1742630384.jpg
Successfully saved mask to: C:/xampp/htdocs/ds_min/output/detect_11\melon-ripe_3_mask_1742630384.jpg
Processing detection 4: melon-ripe (81.46%)
Successfully saved cropped melon-ripe to: C:/xampp/htdocs/ds_min/output/detect_11\melon-ripe_4_81pct_1742630384.jpg
Processing melon-ripe image for color analysis...
Successfully saved processed melon to: C:/xampp/htdocs/ds_min/output/detect_11\melon-ripe_4_processed_1742630384.jpg
Successfully saved mask to: C:/xampp/htdocs/ds_min/output/detect_11\melon-ripe_4_mask_1742630384.jpg
Processing detection 5: melon-unripe (52.02%)
Successfully saved cropped melon-unripe to: C:/xampp/htdocs/ds_min/output/detect_11\melon-unripe_5_52pct_1742630384.jpg
Saved color analysis to: C:/xampp/htdocs/ds_min/output/detect_11\color_analysis_1742630384.csv
Saved detection results to: C:/xampp/htdocs/ds_min/output/detect_11\1742630384_detections.json
Successfully saved result visualization to: C:/xampp/htdocs/ds_min/output/detect_11\1742630384_result.jpg
DETECTION_RESULTS_START
{"image_size": {"width": 1200, "height": 1600}, "detections": [{"class": "melon-ripe", "confidence": 89.21, "bbox": {"x1": 200, "y1": 1137, "x2": 359, "y2": 1309, "width": 159, "height": 172}, "cropped_image": "melon-ripe_1_89pct_1742630384.jpg", "processed_image": "melon-ripe_1_processed_1742630384.jpg", "mask_image": "melon-ripe_1_mask_1742630384.jpg", "color_analysis": {"avg_r": 220.99, "avg_g": 182.0, "avg_b": 28.39}}, {"class": "melon-ripe", "confidence": 87.98, "bbox": {"x1": 598, "y1": 1115, "x2": 782, "y2": 1305, "width": 184, "height": 190}, "cropped_image": "melon-ripe_2_87pct_1742630384.jpg", "processed_image": "melon-ripe_2_processed_1742630384.jpg", "mask_image": "melon-ripe_2_mask_1742630384.jpg", "color_analysis": {"avg_r": 232.72, "avg_g": 204.87, "avg_b": 27.24}}, {"class": "melon-ripe", "confidence": 84.83, "bbox": {"x1": 1093, "y1": 939, "x2": 1200, "y2": 1129, "width": 107, "height": 190}, "cropped_image": "melon-ripe_3_84pct_1742630384.jpg", "processed_image": "melon-ripe_3_processed_1742630384.jpg", "mask_image": "melon-ripe_3_mask_1742630384.jpg", "color_analysis": {"avg_r": 218.54, "avg_g": 191.87, "avg_b": 33.14}}, {"class": "melon-ripe", "confidence": 81.46, "bbox": {"x1": 894, "y1": 840, "x2": 957, "y2": 902, "width": 63, "height": 62}, "cropped_image": "melon-ripe_4_81pct_1742630384.jpg", "processed_image": "melon-ripe_4_processed_1742630384.jpg", "mask_image": "melon-ripe_4_mask_1742630384.jpg", "color_analysis": {"avg_r": 224.56, "avg_g": 193.87, "avg_b": 40.76}}, {"class": "melon-unripe", "confidence": 52.02, "bbox": {"x1": 927, "y1": 628, "x2": 986, "y2": 678, "width": 59, "height": 50}, "cropped_image": "melon-unripe_5_52pct_1742630384.jpg", "processed_image": null, "mask_image": null, "color_analysis": null}]}
DETECTION_RESULTS_END
[22-Mar-2025 08:59:49 Europe/Berlin] Return code: 0
[22-Mar-2025 08:59:49 Europe/Berlin] Processing line: Current working directory: C:\xampp\htdocs\ds_min
[22-Mar-2025 08:59:49 Europe/Berlin] Processing line: Model path (absolute): C:/xampp/htdocs/ds_min/pg/deeplearning/combined.pt
[22-Mar-2025 08:59:49 Europe/Berlin] Processing line: Upload path (absolute): C:/xampp/htdocs/ds_min/output/detect_11/raw_WhatsApp Image 2025-03-22 at 12.00.48 PM.jpeg
[22-Mar-2025 08:59:49 Europe/Berlin] Processing line: Results directory (absolute): C:/xampp/htdocs/ds_min/output/detect_11
[22-Mar-2025 08:59:49 Europe/Berlin] Processing line: Using HSV ranges:
[22-Mar-2025 08:59:49 Europe/Berlin] Processing line: Range 1: H=[155-255], S=[160-240], V=[160-255]
[22-Mar-2025 08:59:49 Europe/Berlin] Processing line: Range 2: H=[0-30], S=[160-240], V=[160-255]
[22-Mar-2025 08:59:49 Europe/Berlin] Processing line: Loading model...
[22-Mar-2025 08:59:49 Europe/Berlin] Processing line: Model loaded successfully
[22-Mar-2025 08:59:49 Europe/Berlin] Processing line: Reading image...
[22-Mar-2025 08:59:49 Europe/Berlin] Processing line: Image read successfully, shape: (1600, 1200, 3)
[22-Mar-2025 08:59:49 Europe/Berlin] Processing line: Running detection...
[22-Mar-2025 08:59:49 Europe/Berlin] Processing line: 
[22-Mar-2025 08:59:49 Europe/Berlin] Processing line: 0: 1280x960 4 melon-ripes, 1 melon-unripe, 193.9ms
[22-Mar-2025 08:59:49 Europe/Berlin] Processing line: Speed: 10.8ms preprocess, 193.9ms inference, 1.4ms postprocess per image at shape (1, 3, 1280, 960)
[22-Mar-2025 08:59:49 Europe/Berlin] Processing line: Detection completed successfully
[22-Mar-2025 08:59:49 Europe/Berlin] Processing line: Found 5 objects
[22-Mar-2025 08:59:49 Europe/Berlin] Processing line: Processing detection 1: melon-ripe (89.21%)
[22-Mar-2025 08:59:49 Europe/Berlin] Processing line: Successfully saved cropped melon-ripe to: C:/xampp/htdocs/ds_min/output/detect_11\melon-ripe_1_89pct_1742630384.jpg
[22-Mar-2025 08:59:49 Europe/Berlin] Processing line: Processing melon-ripe image for color analysis...
[22-Mar-2025 08:59:49 Europe/Berlin] Processing line: Successfully saved processed melon to: C:/xampp/htdocs/ds_min/output/detect_11\melon-ripe_1_processed_1742630384.jpg
[22-Mar-2025 08:59:49 Europe/Berlin] Processing line: Successfully saved mask to: C:/xampp/htdocs/ds_min/output/detect_11\melon-ripe_1_mask_1742630384.jpg
[22-Mar-2025 08:59:49 Europe/Berlin] Processing line: Processing detection 2: melon-ripe (87.98%)
[22-Mar-2025 08:59:49 Europe/Berlin] Processing line: Successfully saved cropped melon-ripe to: C:/xampp/htdocs/ds_min/output/detect_11\melon-ripe_2_87pct_1742630384.jpg
[22-Mar-2025 08:59:49 Europe/Berlin] Processing line: Processing melon-ripe image for color analysis...
[22-Mar-2025 08:59:49 Europe/Berlin] Processing line: Successfully saved processed melon to: C:/xampp/htdocs/ds_min/output/detect_11\melon-ripe_2_processed_1742630384.jpg
[22-Mar-2025 08:59:49 Europe/Berlin] Processing line: Successfully saved mask to: C:/xampp/htdocs/ds_min/output/detect_11\melon-ripe_2_mask_1742630384.jpg
[22-Mar-2025 08:59:49 Europe/Berlin] Processing line: Processing detection 3: melon-ripe (84.83%)
[22-Mar-2025 08:59:49 Europe/Berlin] Processing line: Successfully saved cropped melon-ripe to: C:/xampp/htdocs/ds_min/output/detect_11\melon-ripe_3_84pct_1742630384.jpg
[22-Mar-2025 08:59:49 Europe/Berlin] Processing line: Processing melon-ripe image for color analysis...
[22-Mar-2025 08:59:49 Europe/Berlin] Processing line: Successfully saved processed melon to: C:/xampp/htdocs/ds_min/output/detect_11\melon-ripe_3_processed_1742630384.jpg
[22-Mar-2025 08:59:49 Europe/Berlin] Processing line: Successfully saved mask to: C:/xampp/htdocs/ds_min/output/detect_11\melon-ripe_3_mask_1742630384.jpg
[22-Mar-2025 08:59:49 Europe/Berlin] Processing line: Processing detection 4: melon-ripe (81.46%)
[22-Mar-2025 08:59:49 Europe/Berlin] Processing line: Successfully saved cropped melon-ripe to: C:/xampp/htdocs/ds_min/output/detect_11\melon-ripe_4_81pct_1742630384.jpg
[22-Mar-2025 08:59:49 Europe/Berlin] Processing line: Processing melon-ripe image for color analysis...
[22-Mar-2025 08:59:49 Europe/Berlin] Processing line: Successfully saved processed melon to: C:/xampp/htdocs/ds_min/output/detect_11\melon-ripe_4_processed_1742630384.jpg
[22-Mar-2025 08:59:49 Europe/Berlin] Processing line: Successfully saved mask to: C:/xampp/htdocs/ds_min/output/detect_11\melon-ripe_4_mask_1742630384.jpg
[22-Mar-2025 08:59:49 Europe/Berlin] Processing line: Processing detection 5: melon-unripe (52.02%)
[22-Mar-2025 08:59:49 Europe/Berlin] Processing line: Successfully saved cropped melon-unripe to: C:/xampp/htdocs/ds_min/output/detect_11\melon-unripe_5_52pct_1742630384.jpg
[22-Mar-2025 08:59:49 Europe/Berlin] Processing line: Saved color analysis to: C:/xampp/htdocs/ds_min/output/detect_11\color_analysis_1742630384.csv
[22-Mar-2025 08:59:49 Europe/Berlin] Processing line: Saved detection results to: C:/xampp/htdocs/ds_min/output/detect_11\1742630384_detections.json
[22-Mar-2025 08:59:49 Europe/Berlin] Processing line: Successfully saved result visualization to: C:/xampp/htdocs/ds_min/output/detect_11\1742630384_result.jpg
[22-Mar-2025 08:59:49 Europe/Berlin] Processing line: DETECTION_RESULTS_START
[22-Mar-2025 08:59:49 Europe/Berlin] Processing line: {"image_size": {"width": 1200, "height": 1600}, "detections": [{"class": "melon-ripe", "confidence": 89.21, "bbox": {"x1": 200, "y1": 1137, "x2": 359, "y2": 1309, "width": 159, "height": 172}, "cropped_image": "melon-ripe_1_89pct_1742630384.jpg", "processed_image": "melon-ripe_1_processed_1742630384.jpg", "mask_image": "melon-ripe_1_mask_1742630384.jpg", "color_analysis": {"avg_r": 220.99, "avg_g": 182.0, "avg_b": 28.39}}, {"class": "melon-ripe", "confidence": 87.98, "bbox": {"x1": 598, "y1": 1115, "x2": 782, "y2": 1305, "width": 184, "height": 190}, "cropped_image": "melon-ripe_2_87pct_1742630384.jpg", "processed_image": "melon-ripe_2_processed_1742630384.jpg", "mask_image": "melon-ripe_2_mask_1742630384.jpg", "color_analysis": {"avg_r": 232.72, "avg_g": 204.87, "avg_b": 27.24}}, {"class": "melon-ripe", "confidence": 84.83, "bbox": {"x1": 1093, "y1": 939, "x2": 1200, "y2": 1129, "width": 107, "height": 190}, "cropped_image": "melon-ripe_3_84pct_1742630384.jpg", "processed_image": "melon-ripe_3_processed_1742630384.jpg", "mask_image": "melon-ripe_3_mask_1742630384.jpg", "color_analysis": {"avg_r": 218.54, "avg_g": 191.87, "avg_b": 33.14}}, {"class": "melon-ripe", "confidence": 81.46, "bbox": {"x1": 894, "y1": 840, "x2": 957, "y2": 902, "width": 63, "height": 62}, "cropped_image": "melon-ripe_4_81pct_1742630384.jpg", "processed_image": "melon-ripe_4_processed_1742630384.jpg", "mask_image": "melon-ripe_4_mask_1742630384.jpg", "color_analysis": {"avg_r": 224.56, "avg_g": 193.87, "avg_b": 40.76}}, {"class": "melon-unripe", "confidence": 52.02, "bbox": {"x1": 927, "y1": 628, "x2": 986, "y2": 678, "width": 59, "height": 50}, "cropped_image": "melon-unripe_5_52pct_1742630384.jpg", "processed_image": null, "mask_image": null, "color_analysis": null}]}
[22-Mar-2025 08:59:49 Europe/Berlin] Processing line: DETECTION_RESULTS_END
[22-Mar-2025 08:59:49 Europe/Berlin] Parsing JSON data: {"image_size": {"width": 1200, "height": 1600}, "detections": [{"class": "melon-ripe", "confidence": 89.21, "bbox": {"x1": 200, "y1": 1137, "x2": 359, "y2": 1309, "width": 159, "height": 172}, "cropped_image": "melon-ripe_1_89pct_1742630384.jpg", "processed_image": "melon-ripe_1_processed_1742630384.jpg", "mask_image": "melon-ripe_1_mask_1742630384.jpg", "color_analysis": {"avg_r": 220.99, "avg_g": 182.0, "avg_b": 28.39}}, {"class": "melon-ripe", "confidence": 87.98, "bbox": {"x1": 598, "y1": 1115, "x2": 782, "y2": 1305, "width": 184, "height": 190}, "cropped_image": "melon-ripe_2_87pct_1742630384.jpg", "processed_image": "melon-ripe_2_processed_1742630384.jpg", "mask_image": "melon-ripe_2_mask_1742630384.jpg", "color_analysis": {"avg_r": 232.72, "avg_g": 204.87, "avg_b": 27.24}}, {"class": "melon-ripe", "confidence": 84.83, "bbox": {"x1": 1093, "y1": 939, "x2": 1200, "y2": 1129, "width": 107, "height": 190}, "cropped_image": "melon-ripe_3_84pct_1742630384.jpg", "processed_image": "melon-ripe_3_processed_1742630384.jpg", "mask_image": "melon-ripe_3_mask_1742630384.jpg", "color_analysis": {"avg_r": 218.54, "avg_g": 191.87, "avg_b": 33.14}}, {"class": "melon-ripe", "confidence": 81.46, "bbox": {"x1": 894, "y1": 840, "x2": 957, "y2": 902, "width": 63, "height": 62}, "cropped_image": "melon-ripe_4_81pct_1742630384.jpg", "processed_image": "melon-ripe_4_processed_1742630384.jpg", "mask_image": "melon-ripe_4_mask_1742630384.jpg", "color_analysis": {"avg_r": 224.56, "avg_g": 193.87, "avg_b": 40.76}}, {"class": "melon-unripe", "confidence": 52.02, "bbox": {"x1": 927, "y1": 628, "x2": 986, "y2": 678, "width": 59, "height": 50}, "cropped_image": "melon-unripe_5_52pct_1742630384.jpg", "processed_image": null, "mask_image": null, "color_analysis": null}]}
[22-Mar-2025 08:59:49 Europe/Berlin] Successfully parsed detection data
[22-Mar-2025 09:01:41 Europe/Berlin] File uploaded successfully to: C:\xampp\htdocs\ds_min/output/detect_12/raw_WhatsApp Image 2025-03-22 at 12.00.48 PM.jpeg
[22-Mar-2025 09:01:41 Europe/Berlin] Selected model: combined
[22-Mar-2025 09:01:41 Europe/Berlin] Model path: C:/xampp/htdocs/ds_min/pg/deeplearning/combined.pt (exists: yes)
[22-Mar-2025 09:01:41 Europe/Berlin] Upload path: C:/xampp/htdocs/ds_min/output/detect_12/raw_WhatsApp Image 2025-03-22 at 12.00.48 PM.jpeg (exists: yes)
[22-Mar-2025 09:01:41 Europe/Berlin] Results dir: C:/xampp/htdocs/ds_min/results (exists: yes)
[22-Mar-2025 09:01:41 Europe/Berlin] Starting detection process...
[22-Mar-2025 09:01:41 Europe/Berlin] Executing command: cd "C:\xampp\htdocs\ds_min" && "C:\Users\syauqiarham\anaconda3\python.exe" "C:\Users\syauqiarham\AppData\Local\Temp\detE5DC.tmp.py" 2>&1
[22-Mar-2025 09:01:47 Europe/Berlin] Command output:
Current working directory: C:\xampp\htdocs\ds_min
Model path (absolute): C:/xampp/htdocs/ds_min/pg/deeplearning/combined.pt
Upload path (absolute): C:/xampp/htdocs/ds_min/output/detect_12/raw_WhatsApp Image 2025-03-22 at 12.00.48 PM.jpeg
Results directory (absolute): C:/xampp/htdocs/ds_min/output/detect_12
Using HSV ranges:
Range 1: H=[155-255], S=[160-240], V=[160-255]
Range 2: H=[0-30], S=[160-240], V=[160-255]
Loading model...
Model loaded successfully
Reading image...
Image read successfully, shape: (1600, 1200, 3)
Running detection...

0: 1280x960 4 melon-ripes, 1 melon-unripe, 191.0ms
Speed: 9.9ms preprocess, 191.0ms inference, 1.6ms postprocess per image at shape (1, 3, 1280, 960)
Detection completed successfully
Found 5 objects
Processing detection 1: melon-ripe (89.21%)
Successfully saved cropped melon-ripe to: C:/xampp/htdocs/ds_min/output/detect_12\melon-ripe_1_89pct_1742630501.jpg
Processing melon-ripe image for color analysis...
Successfully saved processed melon to: C:/xampp/htdocs/ds_min/output/detect_12\melon-ripe_1_processed_1742630501.jpg
Successfully saved mask to: C:/xampp/htdocs/ds_min/output/detect_12\melon-ripe_1_mask_1742630501.jpg
Processing detection 2: melon-ripe (87.98%)
Successfully saved cropped melon-ripe to: C:/xampp/htdocs/ds_min/output/detect_12\melon-ripe_2_87pct_1742630501.jpg
Processing melon-ripe image for color analysis...
Successfully saved processed melon to: C:/xampp/htdocs/ds_min/output/detect_12\melon-ripe_2_processed_1742630501.jpg
Successfully saved mask to: C:/xampp/htdocs/ds_min/output/detect_12\melon-ripe_2_mask_1742630501.jpg
Processing detection 3: melon-ripe (84.83%)
Successfully saved cropped melon-ripe to: C:/xampp/htdocs/ds_min/output/detect_12\melon-ripe_3_84pct_1742630501.jpg
Processing melon-ripe image for color analysis...
Successfully saved processed melon to: C:/xampp/htdocs/ds_min/output/detect_12\melon-ripe_3_processed_1742630501.jpg
Successfully saved mask to: C:/xampp/htdocs/ds_min/output/detect_12\melon-ripe_3_mask_1742630501.jpg
Processing detection 4: melon-ripe (81.46%)
Successfully saved cropped melon-ripe to: C:/xampp/htdocs/ds_min/output/detect_12\melon-ripe_4_81pct_1742630501.jpg
Processing melon-ripe image for color analysis...
Successfully saved processed melon to: C:/xampp/htdocs/ds_min/output/detect_12\melon-ripe_4_processed_1742630501.jpg
Successfully saved mask to: C:/xampp/htdocs/ds_min/output/detect_12\melon-ripe_4_mask_1742630501.jpg
Processing detection 5: melon-unripe (52.02%)
Successfully saved cropped melon-unripe to: C:/xampp/htdocs/ds_min/output/detect_12\melon-unripe_5_52pct_1742630501.jpg
Saved color analysis to: C:/xampp/htdocs/ds_min/output/detect_12\color_analysis_1742630501.csv
Saved detection results to: C:/xampp/htdocs/ds_min/output/detect_12\1742630501_detections.json
Successfully saved result visualization to: C:/xampp/htdocs/ds_min/output/detect_12\1742630501_result.jpg
DETECTION_RESULTS_START
{"image_size": {"width": 1200, "height": 1600}, "detections": [{"class": "melon-ripe", "confidence": 89.21, "bbox": {"x1": 200, "y1": 1137, "x2": 359, "y2": 1309, "width": 159, "height": 172}, "cropped_image": "melon-ripe_1_89pct_1742630501.jpg", "processed_image": "melon-ripe_1_processed_1742630501.jpg", "mask_image": "melon-ripe_1_mask_1742630501.jpg", "color_analysis": {"avg_r": 220.99, "avg_g": 182.0, "avg_b": 28.39}}, {"class": "melon-ripe", "confidence": 87.98, "bbox": {"x1": 598, "y1": 1115, "x2": 782, "y2": 1305, "width": 184, "height": 190}, "cropped_image": "melon-ripe_2_87pct_1742630501.jpg", "processed_image": "melon-ripe_2_processed_1742630501.jpg", "mask_image": "melon-ripe_2_mask_1742630501.jpg", "color_analysis": {"avg_r": 232.72, "avg_g": 204.87, "avg_b": 27.24}}, {"class": "melon-ripe", "confidence": 84.83, "bbox": {"x1": 1093, "y1": 939, "x2": 1200, "y2": 1129, "width": 107, "height": 190}, "cropped_image": "melon-ripe_3_84pct_1742630501.jpg", "processed_image": "melon-ripe_3_processed_1742630501.jpg", "mask_image": "melon-ripe_3_mask_1742630501.jpg", "color_analysis": {"avg_r": 218.54, "avg_g": 191.87, "avg_b": 33.14}}, {"class": "melon-ripe", "confidence": 81.46, "bbox": {"x1": 894, "y1": 840, "x2": 957, "y2": 902, "width": 63, "height": 62}, "cropped_image": "melon-ripe_4_81pct_1742630501.jpg", "processed_image": "melon-ripe_4_processed_1742630501.jpg", "mask_image": "melon-ripe_4_mask_1742630501.jpg", "color_analysis": {"avg_r": 224.56, "avg_g": 193.87, "avg_b": 40.76}}, {"class": "melon-unripe", "confidence": 52.02, "bbox": {"x1": 927, "y1": 628, "x2": 986, "y2": 678, "width": 59, "height": 50}, "cropped_image": "melon-unripe_5_52pct_1742630501.jpg", "processed_image": null, "mask_image": null, "color_analysis": null}]}
DETECTION_RESULTS_END
[22-Mar-2025 09:01:47 Europe/Berlin] Return code: 0
[22-Mar-2025 09:01:47 Europe/Berlin] Processing line: Current working directory: C:\xampp\htdocs\ds_min
[22-Mar-2025 09:01:47 Europe/Berlin] Processing line: Model path (absolute): C:/xampp/htdocs/ds_min/pg/deeplearning/combined.pt
[22-Mar-2025 09:01:47 Europe/Berlin] Processing line: Upload path (absolute): C:/xampp/htdocs/ds_min/output/detect_12/raw_WhatsApp Image 2025-03-22 at 12.00.48 PM.jpeg
[22-Mar-2025 09:01:47 Europe/Berlin] Processing line: Results directory (absolute): C:/xampp/htdocs/ds_min/output/detect_12
[22-Mar-2025 09:01:47 Europe/Berlin] Processing line: Using HSV ranges:
[22-Mar-2025 09:01:47 Europe/Berlin] Processing line: Range 1: H=[155-255], S=[160-240], V=[160-255]
[22-Mar-2025 09:01:47 Europe/Berlin] Processing line: Range 2: H=[0-30], S=[160-240], V=[160-255]
[22-Mar-2025 09:01:47 Europe/Berlin] Processing line: Loading model...
[22-Mar-2025 09:01:47 Europe/Berlin] Processing line: Model loaded successfully
[22-Mar-2025 09:01:47 Europe/Berlin] Processing line: Reading image...
[22-Mar-2025 09:01:47 Europe/Berlin] Processing line: Image read successfully, shape: (1600, 1200, 3)
[22-Mar-2025 09:01:47 Europe/Berlin] Processing line: Running detection...
[22-Mar-2025 09:01:47 Europe/Berlin] Processing line: 
[22-Mar-2025 09:01:47 Europe/Berlin] Processing line: 0: 1280x960 4 melon-ripes, 1 melon-unripe, 191.0ms
[22-Mar-2025 09:01:47 Europe/Berlin] Processing line: Speed: 9.9ms preprocess, 191.0ms inference, 1.6ms postprocess per image at shape (1, 3, 1280, 960)
[22-Mar-2025 09:01:47 Europe/Berlin] Processing line: Detection completed successfully
[22-Mar-2025 09:01:47 Europe/Berlin] Processing line: Found 5 objects
[22-Mar-2025 09:01:47 Europe/Berlin] Processing line: Processing detection 1: melon-ripe (89.21%)
[22-Mar-2025 09:01:47 Europe/Berlin] Processing line: Successfully saved cropped melon-ripe to: C:/xampp/htdocs/ds_min/output/detect_12\melon-ripe_1_89pct_1742630501.jpg
[22-Mar-2025 09:01:47 Europe/Berlin] Processing line: Processing melon-ripe image for color analysis...
[22-Mar-2025 09:01:47 Europe/Berlin] Processing line: Successfully saved processed melon to: C:/xampp/htdocs/ds_min/output/detect_12\melon-ripe_1_processed_1742630501.jpg
[22-Mar-2025 09:01:47 Europe/Berlin] Processing line: Successfully saved mask to: C:/xampp/htdocs/ds_min/output/detect_12\melon-ripe_1_mask_1742630501.jpg
[22-Mar-2025 09:01:47 Europe/Berlin] Processing line: Processing detection 2: melon-ripe (87.98%)
[22-Mar-2025 09:01:47 Europe/Berlin] Processing line: Successfully saved cropped melon-ripe to: C:/xampp/htdocs/ds_min/output/detect_12\melon-ripe_2_87pct_1742630501.jpg
[22-Mar-2025 09:01:47 Europe/Berlin] Processing line: Processing melon-ripe image for color analysis...
[22-Mar-2025 09:01:47 Europe/Berlin] Processing line: Successfully saved processed melon to: C:/xampp/htdocs/ds_min/output/detect_12\melon-ripe_2_processed_1742630501.jpg
[22-Mar-2025 09:01:47 Europe/Berlin] Processing line: Successfully saved mask to: C:/xampp/htdocs/ds_min/output/detect_12\melon-ripe_2_mask_1742630501.jpg
[22-Mar-2025 09:01:47 Europe/Berlin] Processing line: Processing detection 3: melon-ripe (84.83%)
[22-Mar-2025 09:01:47 Europe/Berlin] Processing line: Successfully saved cropped melon-ripe to: C:/xampp/htdocs/ds_min/output/detect_12\melon-ripe_3_84pct_1742630501.jpg
[22-Mar-2025 09:01:47 Europe/Berlin] Processing line: Processing melon-ripe image for color analysis...
[22-Mar-2025 09:01:47 Europe/Berlin] Processing line: Successfully saved processed melon to: C:/xampp/htdocs/ds_min/output/detect_12\melon-ripe_3_processed_1742630501.jpg
[22-Mar-2025 09:01:47 Europe/Berlin] Processing line: Successfully saved mask to: C:/xampp/htdocs/ds_min/output/detect_12\melon-ripe_3_mask_1742630501.jpg
[22-Mar-2025 09:01:47 Europe/Berlin] Processing line: Processing detection 4: melon-ripe (81.46%)
[22-Mar-2025 09:01:47 Europe/Berlin] Processing line: Successfully saved cropped melon-ripe to: C:/xampp/htdocs/ds_min/output/detect_12\melon-ripe_4_81pct_1742630501.jpg
[22-Mar-2025 09:01:47 Europe/Berlin] Processing line: Processing melon-ripe image for color analysis...
[22-Mar-2025 09:01:47 Europe/Berlin] Processing line: Successfully saved processed melon to: C:/xampp/htdocs/ds_min/output/detect_12\melon-ripe_4_processed_1742630501.jpg
[22-Mar-2025 09:01:47 Europe/Berlin] Processing line: Successfully saved mask to: C:/xampp/htdocs/ds_min/output/detect_12\melon-ripe_4_mask_1742630501.jpg
[22-Mar-2025 09:01:47 Europe/Berlin] Processing line: Processing detection 5: melon-unripe (52.02%)
[22-Mar-2025 09:01:47 Europe/Berlin] Processing line: Successfully saved cropped melon-unripe to: C:/xampp/htdocs/ds_min/output/detect_12\melon-unripe_5_52pct_1742630501.jpg
[22-Mar-2025 09:01:47 Europe/Berlin] Processing line: Saved color analysis to: C:/xampp/htdocs/ds_min/output/detect_12\color_analysis_1742630501.csv
[22-Mar-2025 09:01:47 Europe/Berlin] Processing line: Saved detection results to: C:/xampp/htdocs/ds_min/output/detect_12\1742630501_detections.json
[22-Mar-2025 09:01:47 Europe/Berlin] Processing line: Successfully saved result visualization to: C:/xampp/htdocs/ds_min/output/detect_12\1742630501_result.jpg
[22-Mar-2025 09:01:47 Europe/Berlin] Processing line: DETECTION_RESULTS_START
[22-Mar-2025 09:01:47 Europe/Berlin] Processing line: {"image_size": {"width": 1200, "height": 1600}, "detections": [{"class": "melon-ripe", "confidence": 89.21, "bbox": {"x1": 200, "y1": 1137, "x2": 359, "y2": 1309, "width": 159, "height": 172}, "cropped_image": "melon-ripe_1_89pct_1742630501.jpg", "processed_image": "melon-ripe_1_processed_1742630501.jpg", "mask_image": "melon-ripe_1_mask_1742630501.jpg", "color_analysis": {"avg_r": 220.99, "avg_g": 182.0, "avg_b": 28.39}}, {"class": "melon-ripe", "confidence": 87.98, "bbox": {"x1": 598, "y1": 1115, "x2": 782, "y2": 1305, "width": 184, "height": 190}, "cropped_image": "melon-ripe_2_87pct_1742630501.jpg", "processed_image": "melon-ripe_2_processed_1742630501.jpg", "mask_image": "melon-ripe_2_mask_1742630501.jpg", "color_analysis": {"avg_r": 232.72, "avg_g": 204.87, "avg_b": 27.24}}, {"class": "melon-ripe", "confidence": 84.83, "bbox": {"x1": 1093, "y1": 939, "x2": 1200, "y2": 1129, "width": 107, "height": 190}, "cropped_image": "melon-ripe_3_84pct_1742630501.jpg", "processed_image": "melon-ripe_3_processed_1742630501.jpg", "mask_image": "melon-ripe_3_mask_1742630501.jpg", "color_analysis": {"avg_r": 218.54, "avg_g": 191.87, "avg_b": 33.14}}, {"class": "melon-ripe", "confidence": 81.46, "bbox": {"x1": 894, "y1": 840, "x2": 957, "y2": 902, "width": 63, "height": 62}, "cropped_image": "melon-ripe_4_81pct_1742630501.jpg", "processed_image": "melon-ripe_4_processed_1742630501.jpg", "mask_image": "melon-ripe_4_mask_1742630501.jpg", "color_analysis": {"avg_r": 224.56, "avg_g": 193.87, "avg_b": 40.76}}, {"class": "melon-unripe", "confidence": 52.02, "bbox": {"x1": 927, "y1": 628, "x2": 986, "y2": 678, "width": 59, "height": 50}, "cropped_image": "melon-unripe_5_52pct_1742630501.jpg", "processed_image": null, "mask_image": null, "color_analysis": null}]}
[22-Mar-2025 09:01:47 Europe/Berlin] Processing line: DETECTION_RESULTS_END
[22-Mar-2025 09:01:47 Europe/Berlin] Parsing JSON data: {"image_size": {"width": 1200, "height": 1600}, "detections": [{"class": "melon-ripe", "confidence": 89.21, "bbox": {"x1": 200, "y1": 1137, "x2": 359, "y2": 1309, "width": 159, "height": 172}, "cropped_image": "melon-ripe_1_89pct_1742630501.jpg", "processed_image": "melon-ripe_1_processed_1742630501.jpg", "mask_image": "melon-ripe_1_mask_1742630501.jpg", "color_analysis": {"avg_r": 220.99, "avg_g": 182.0, "avg_b": 28.39}}, {"class": "melon-ripe", "confidence": 87.98, "bbox": {"x1": 598, "y1": 1115, "x2": 782, "y2": 1305, "width": 184, "height": 190}, "cropped_image": "melon-ripe_2_87pct_1742630501.jpg", "processed_image": "melon-ripe_2_processed_1742630501.jpg", "mask_image": "melon-ripe_2_mask_1742630501.jpg", "color_analysis": {"avg_r": 232.72, "avg_g": 204.87, "avg_b": 27.24}}, {"class": "melon-ripe", "confidence": 84.83, "bbox": {"x1": 1093, "y1": 939, "x2": 1200, "y2": 1129, "width": 107, "height": 190}, "cropped_image": "melon-ripe_3_84pct_1742630501.jpg", "processed_image": "melon-ripe_3_processed_1742630501.jpg", "mask_image": "melon-ripe_3_mask_1742630501.jpg", "color_analysis": {"avg_r": 218.54, "avg_g": 191.87, "avg_b": 33.14}}, {"class": "melon-ripe", "confidence": 81.46, "bbox": {"x1": 894, "y1": 840, "x2": 957, "y2": 902, "width": 63, "height": 62}, "cropped_image": "melon-ripe_4_81pct_1742630501.jpg", "processed_image": "melon-ripe_4_processed_1742630501.jpg", "mask_image": "melon-ripe_4_mask_1742630501.jpg", "color_analysis": {"avg_r": 224.56, "avg_g": 193.87, "avg_b": 40.76}}, {"class": "melon-unripe", "confidence": 52.02, "bbox": {"x1": 927, "y1": 628, "x2": 986, "y2": 678, "width": 59, "height": 50}, "cropped_image": "melon-unripe_5_52pct_1742630501.jpg", "processed_image": null, "mask_image": null, "color_analysis": null}]}
[22-Mar-2025 09:01:47 Europe/Berlin] Successfully parsed detection data
[22-Mar-2025 09:11:36 Europe/Berlin] File uploaded successfully to: C:\xampp\htdocs\ds_min/output/detect_13/raw_WhatsApp Image 2025-03-22 at 12.00.48 PM.jpeg
[22-Mar-2025 09:11:36 Europe/Berlin] Selected model: combined
[22-Mar-2025 09:11:36 Europe/Berlin] Model path: C:/xampp/htdocs/ds_min/pg/deeplearning/combined.pt (exists: yes)
[22-Mar-2025 09:11:36 Europe/Berlin] Upload path: C:/xampp/htdocs/ds_min/output/detect_13/raw_WhatsApp Image 2025-03-22 at 12.00.48 PM.jpeg (exists: yes)
[22-Mar-2025 09:11:36 Europe/Berlin] Results dir: C:/xampp/htdocs/ds_min/results (exists: yes)
[22-Mar-2025 09:11:36 Europe/Berlin] Starting detection process...
[22-Mar-2025 09:11:36 Europe/Berlin] Executing command: cd "C:\xampp\htdocs\ds_min" && "C:\Users\syauqiarham\anaconda3\python.exe" "C:\Users\syauqiarham\AppData\Local\Temp\detF6F9.tmp.py" 2>&1
[22-Mar-2025 09:11:41 Europe/Berlin] Command output:
Current working directory: C:\xampp\htdocs\ds_min
Model path (absolute): C:/xampp/htdocs/ds_min/pg/deeplearning/combined.pt
Upload path (absolute): C:/xampp/htdocs/ds_min/output/detect_13/raw_WhatsApp Image 2025-03-22 at 12.00.48 PM.jpeg
Results directory (absolute): C:/xampp/htdocs/ds_min/output/detect_13
Using HSV ranges:
Range 1: H=[155-255], S=[160-240], V=[160-255]
Range 2: H=[0-30], S=[160-240], V=[160-255]
Loading model...
Model loaded successfully
Reading image...
Image read successfully, shape: (1600, 1200, 3)
Running detection...

0: 1280x960 4 melon-ripes, 1 melon-unripe, 212.5ms
Speed: 9.4ms preprocess, 212.5ms inference, 3.3ms postprocess per image at shape (1, 3, 1280, 960)
Detection completed successfully
Found 5 objects
Processing detection 1: melon-ripe (89.21%)
Successfully saved cropped melon-ripe to: C:/xampp/htdocs/ds_min/output/detect_13\melon-ripe_1_89pct_1742631096.jpg
Processing melon-ripe image for color analysis...
Successfully saved processed melon to: C:/xampp/htdocs/ds_min/output/detect_13\melon-ripe_1_processed_1742631096.jpg
Successfully saved mask to: C:/xampp/htdocs/ds_min/output/detect_13\melon-ripe_1_mask_1742631096.jpg
Processing detection 2: melon-ripe (87.98%)
Successfully saved cropped melon-ripe to: C:/xampp/htdocs/ds_min/output/detect_13\melon-ripe_2_87pct_1742631096.jpg
Processing melon-ripe image for color analysis...
Successfully saved processed melon to: C:/xampp/htdocs/ds_min/output/detect_13\melon-ripe_2_processed_1742631096.jpg
Successfully saved mask to: C:/xampp/htdocs/ds_min/output/detect_13\melon-ripe_2_mask_1742631096.jpg
Processing detection 3: melon-ripe (84.83%)
Successfully saved cropped melon-ripe to: C:/xampp/htdocs/ds_min/output/detect_13\melon-ripe_3_84pct_1742631096.jpg
Processing melon-ripe image for color analysis...
Successfully saved processed melon to: C:/xampp/htdocs/ds_min/output/detect_13\melon-ripe_3_processed_1742631096.jpg
Successfully saved mask to: C:/xampp/htdocs/ds_min/output/detect_13\melon-ripe_3_mask_1742631096.jpg
Processing detection 4: melon-ripe (81.46%)
Successfully saved cropped melon-ripe to: C:/xampp/htdocs/ds_min/output/detect_13\melon-ripe_4_81pct_1742631096.jpg
Processing melon-ripe image for color analysis...
Successfully saved processed melon to: C:/xampp/htdocs/ds_min/output/detect_13\melon-ripe_4_processed_1742631096.jpg
Successfully saved mask to: C:/xampp/htdocs/ds_min/output/detect_13\melon-ripe_4_mask_1742631096.jpg
Processing detection 5: melon-unripe (52.02%)
Successfully saved cropped melon-unripe to: C:/xampp/htdocs/ds_min/output/detect_13\melon-unripe_5_52pct_1742631096.jpg
Saved color analysis to: C:/xampp/htdocs/ds_min/output/detect_13\color_analysis_1742631096.csv
Saved detection results to: C:/xampp/htdocs/ds_min/output/detect_13\1742631096_detections.json
Successfully saved result visualization to: C:/xampp/htdocs/ds_min/output/detect_13\1742631096_result.jpg
DETECTION_RESULTS_START
{"image_size": {"width": 1200, "height": 1600}, "detections": [{"class": "melon-ripe", "confidence": 89.21, "bbox": {"x1": 200, "y1": 1137, "x2": 359, "y2": 1309, "width": 159, "height": 172}, "cropped_image": "melon-ripe_1_89pct_1742631096.jpg", "processed_image": "melon-ripe_1_processed_1742631096.jpg", "mask_image": "melon-ripe_1_mask_1742631096.jpg", "color_analysis": {"avg_r": 220.99, "avg_g": 182.0, "avg_b": 28.39}}, {"class": "melon-ripe", "confidence": 87.98, "bbox": {"x1": 598, "y1": 1115, "x2": 782, "y2": 1305, "width": 184, "height": 190}, "cropped_image": "melon-ripe_2_87pct_1742631096.jpg", "processed_image": "melon-ripe_2_processed_1742631096.jpg", "mask_image": "melon-ripe_2_mask_1742631096.jpg", "color_analysis": {"avg_r": 232.72, "avg_g": 204.87, "avg_b": 27.24}}, {"class": "melon-ripe", "confidence": 84.83, "bbox": {"x1": 1093, "y1": 939, "x2": 1200, "y2": 1129, "width": 107, "height": 190}, "cropped_image": "melon-ripe_3_84pct_1742631096.jpg", "processed_image": "melon-ripe_3_processed_1742631096.jpg", "mask_image": "melon-ripe_3_mask_1742631096.jpg", "color_analysis": {"avg_r": 218.54, "avg_g": 191.87, "avg_b": 33.14}}, {"class": "melon-ripe", "confidence": 81.46, "bbox": {"x1": 894, "y1": 840, "x2": 957, "y2": 902, "width": 63, "height": 62}, "cropped_image": "melon-ripe_4_81pct_1742631096.jpg", "processed_image": "melon-ripe_4_processed_1742631096.jpg", "mask_image": "melon-ripe_4_mask_1742631096.jpg", "color_analysis": {"avg_r": 224.56, "avg_g": 193.87, "avg_b": 40.76}}, {"class": "melon-unripe", "confidence": 52.02, "bbox": {"x1": 927, "y1": 628, "x2": 986, "y2": 678, "width": 59, "height": 50}, "cropped_image": "melon-unripe_5_52pct_1742631096.jpg", "processed_image": null, "mask_image": null, "color_analysis": null}]}
DETECTION_RESULTS_END
[22-Mar-2025 09:11:41 Europe/Berlin] Return code: 0
[22-Mar-2025 09:11:41 Europe/Berlin] Processing line: Current working directory: C:\xampp\htdocs\ds_min
[22-Mar-2025 09:11:41 Europe/Berlin] Processing line: Model path (absolute): C:/xampp/htdocs/ds_min/pg/deeplearning/combined.pt
[22-Mar-2025 09:11:41 Europe/Berlin] Processing line: Upload path (absolute): C:/xampp/htdocs/ds_min/output/detect_13/raw_WhatsApp Image 2025-03-22 at 12.00.48 PM.jpeg
[22-Mar-2025 09:11:41 Europe/Berlin] Processing line: Results directory (absolute): C:/xampp/htdocs/ds_min/output/detect_13
[22-Mar-2025 09:11:41 Europe/Berlin] Processing line: Using HSV ranges:
[22-Mar-2025 09:11:41 Europe/Berlin] Processing line: Range 1: H=[155-255], S=[160-240], V=[160-255]
[22-Mar-2025 09:11:41 Europe/Berlin] Processing line: Range 2: H=[0-30], S=[160-240], V=[160-255]
[22-Mar-2025 09:11:41 Europe/Berlin] Processing line: Loading model...
[22-Mar-2025 09:11:41 Europe/Berlin] Processing line: Model loaded successfully
[22-Mar-2025 09:11:41 Europe/Berlin] Processing line: Reading image...
[22-Mar-2025 09:11:41 Europe/Berlin] Processing line: Image read successfully, shape: (1600, 1200, 3)
[22-Mar-2025 09:11:41 Europe/Berlin] Processing line: Running detection...
[22-Mar-2025 09:11:41 Europe/Berlin] Processing line: 
[22-Mar-2025 09:11:41 Europe/Berlin] Processing line: 0: 1280x960 4 melon-ripes, 1 melon-unripe, 212.5ms
[22-Mar-2025 09:11:41 Europe/Berlin] Processing line: Speed: 9.4ms preprocess, 212.5ms inference, 3.3ms postprocess per image at shape (1, 3, 1280, 960)
[22-Mar-2025 09:11:41 Europe/Berlin] Processing line: Detection completed successfully
[22-Mar-2025 09:11:41 Europe/Berlin] Processing line: Found 5 objects
[22-Mar-2025 09:11:41 Europe/Berlin] Processing line: Processing detection 1: melon-ripe (89.21%)
[22-Mar-2025 09:11:41 Europe/Berlin] Processing line: Successfully saved cropped melon-ripe to: C:/xampp/htdocs/ds_min/output/detect_13\melon-ripe_1_89pct_1742631096.jpg
[22-Mar-2025 09:11:41 Europe/Berlin] Processing line: Processing melon-ripe image for color analysis...
[22-Mar-2025 09:11:41 Europe/Berlin] Processing line: Successfully saved processed melon to: C:/xampp/htdocs/ds_min/output/detect_13\melon-ripe_1_processed_1742631096.jpg
[22-Mar-2025 09:11:41 Europe/Berlin] Processing line: Successfully saved mask to: C:/xampp/htdocs/ds_min/output/detect_13\melon-ripe_1_mask_1742631096.jpg
[22-Mar-2025 09:11:41 Europe/Berlin] Processing line: Processing detection 2: melon-ripe (87.98%)
[22-Mar-2025 09:11:41 Europe/Berlin] Processing line: Successfully saved cropped melon-ripe to: C:/xampp/htdocs/ds_min/output/detect_13\melon-ripe_2_87pct_1742631096.jpg
[22-Mar-2025 09:11:41 Europe/Berlin] Processing line: Processing melon-ripe image for color analysis...
[22-Mar-2025 09:11:41 Europe/Berlin] Processing line: Successfully saved processed melon to: C:/xampp/htdocs/ds_min/output/detect_13\melon-ripe_2_processed_1742631096.jpg
[22-Mar-2025 09:11:41 Europe/Berlin] Processing line: Successfully saved mask to: C:/xampp/htdocs/ds_min/output/detect_13\melon-ripe_2_mask_1742631096.jpg
[22-Mar-2025 09:11:41 Europe/Berlin] Processing line: Processing detection 3: melon-ripe (84.83%)
[22-Mar-2025 09:11:41 Europe/Berlin] Processing line: Successfully saved cropped melon-ripe to: C:/xampp/htdocs/ds_min/output/detect_13\melon-ripe_3_84pct_1742631096.jpg
[22-Mar-2025 09:11:41 Europe/Berlin] Processing line: Processing melon-ripe image for color analysis...
[22-Mar-2025 09:11:41 Europe/Berlin] Processing line: Successfully saved processed melon to: C:/xampp/htdocs/ds_min/output/detect_13\melon-ripe_3_processed_1742631096.jpg
[22-Mar-2025 09:11:41 Europe/Berlin] Processing line: Successfully saved mask to: C:/xampp/htdocs/ds_min/output/detect_13\melon-ripe_3_mask_1742631096.jpg
[22-Mar-2025 09:11:41 Europe/Berlin] Processing line: Processing detection 4: melon-ripe (81.46%)
[22-Mar-2025 09:11:41 Europe/Berlin] Processing line: Successfully saved cropped melon-ripe to: C:/xampp/htdocs/ds_min/output/detect_13\melon-ripe_4_81pct_1742631096.jpg
[22-Mar-2025 09:11:41 Europe/Berlin] Processing line: Processing melon-ripe image for color analysis...
[22-Mar-2025 09:11:41 Europe/Berlin] Processing line: Successfully saved processed melon to: C:/xampp/htdocs/ds_min/output/detect_13\melon-ripe_4_processed_1742631096.jpg
[22-Mar-2025 09:11:41 Europe/Berlin] Processing line: Successfully saved mask to: C:/xampp/htdocs/ds_min/output/detect_13\melon-ripe_4_mask_1742631096.jpg
[22-Mar-2025 09:11:41 Europe/Berlin] Processing line: Processing detection 5: melon-unripe (52.02%)
[22-Mar-2025 09:11:41 Europe/Berlin] Processing line: Successfully saved cropped melon-unripe to: C:/xampp/htdocs/ds_min/output/detect_13\melon-unripe_5_52pct_1742631096.jpg
[22-Mar-2025 09:11:41 Europe/Berlin] Processing line: Saved color analysis to: C:/xampp/htdocs/ds_min/output/detect_13\color_analysis_1742631096.csv
[22-Mar-2025 09:11:41 Europe/Berlin] Processing line: Saved detection results to: C:/xampp/htdocs/ds_min/output/detect_13\1742631096_detections.json
[22-Mar-2025 09:11:41 Europe/Berlin] Processing line: Successfully saved result visualization to: C:/xampp/htdocs/ds_min/output/detect_13\1742631096_result.jpg
[22-Mar-2025 09:11:41 Europe/Berlin] Processing line: DETECTION_RESULTS_START
[22-Mar-2025 09:11:41 Europe/Berlin] Processing line: {"image_size": {"width": 1200, "height": 1600}, "detections": [{"class": "melon-ripe", "confidence": 89.21, "bbox": {"x1": 200, "y1": 1137, "x2": 359, "y2": 1309, "width": 159, "height": 172}, "cropped_image": "melon-ripe_1_89pct_1742631096.jpg", "processed_image": "melon-ripe_1_processed_1742631096.jpg", "mask_image": "melon-ripe_1_mask_1742631096.jpg", "color_analysis": {"avg_r": 220.99, "avg_g": 182.0, "avg_b": 28.39}}, {"class": "melon-ripe", "confidence": 87.98, "bbox": {"x1": 598, "y1": 1115, "x2": 782, "y2": 1305, "width": 184, "height": 190}, "cropped_image": "melon-ripe_2_87pct_1742631096.jpg", "processed_image": "melon-ripe_2_processed_1742631096.jpg", "mask_image": "melon-ripe_2_mask_1742631096.jpg", "color_analysis": {"avg_r": 232.72, "avg_g": 204.87, "avg_b": 27.24}}, {"class": "melon-ripe", "confidence": 84.83, "bbox": {"x1": 1093, "y1": 939, "x2": 1200, "y2": 1129, "width": 107, "height": 190}, "cropped_image": "melon-ripe_3_84pct_1742631096.jpg", "processed_image": "melon-ripe_3_processed_1742631096.jpg", "mask_image": "melon-ripe_3_mask_1742631096.jpg", "color_analysis": {"avg_r": 218.54, "avg_g": 191.87, "avg_b": 33.14}}, {"class": "melon-ripe", "confidence": 81.46, "bbox": {"x1": 894, "y1": 840, "x2": 957, "y2": 902, "width": 63, "height": 62}, "cropped_image": "melon-ripe_4_81pct_1742631096.jpg", "processed_image": "melon-ripe_4_processed_1742631096.jpg", "mask_image": "melon-ripe_4_mask_1742631096.jpg", "color_analysis": {"avg_r": 224.56, "avg_g": 193.87, "avg_b": 40.76}}, {"class": "melon-unripe", "confidence": 52.02, "bbox": {"x1": 927, "y1": 628, "x2": 986, "y2": 678, "width": 59, "height": 50}, "cropped_image": "melon-unripe_5_52pct_1742631096.jpg", "processed_image": null, "mask_image": null, "color_analysis": null}]}
[22-Mar-2025 09:11:41 Europe/Berlin] Processing line: DETECTION_RESULTS_END
[22-Mar-2025 09:11:41 Europe/Berlin] Parsing JSON data: {"image_size": {"width": 1200, "height": 1600}, "detections": [{"class": "melon-ripe", "confidence": 89.21, "bbox": {"x1": 200, "y1": 1137, "x2": 359, "y2": 1309, "width": 159, "height": 172}, "cropped_image": "melon-ripe_1_89pct_1742631096.jpg", "processed_image": "melon-ripe_1_processed_1742631096.jpg", "mask_image": "melon-ripe_1_mask_1742631096.jpg", "color_analysis": {"avg_r": 220.99, "avg_g": 182.0, "avg_b": 28.39}}, {"class": "melon-ripe", "confidence": 87.98, "bbox": {"x1": 598, "y1": 1115, "x2": 782, "y2": 1305, "width": 184, "height": 190}, "cropped_image": "melon-ripe_2_87pct_1742631096.jpg", "processed_image": "melon-ripe_2_processed_1742631096.jpg", "mask_image": "melon-ripe_2_mask_1742631096.jpg", "color_analysis": {"avg_r": 232.72, "avg_g": 204.87, "avg_b": 27.24}}, {"class": "melon-ripe", "confidence": 84.83, "bbox": {"x1": 1093, "y1": 939, "x2": 1200, "y2": 1129, "width": 107, "height": 190}, "cropped_image": "melon-ripe_3_84pct_1742631096.jpg", "processed_image": "melon-ripe_3_processed_1742631096.jpg", "mask_image": "melon-ripe_3_mask_1742631096.jpg", "color_analysis": {"avg_r": 218.54, "avg_g": 191.87, "avg_b": 33.14}}, {"class": "melon-ripe", "confidence": 81.46, "bbox": {"x1": 894, "y1": 840, "x2": 957, "y2": 902, "width": 63, "height": 62}, "cropped_image": "melon-ripe_4_81pct_1742631096.jpg", "processed_image": "melon-ripe_4_processed_1742631096.jpg", "mask_image": "melon-ripe_4_mask_1742631096.jpg", "color_analysis": {"avg_r": 224.56, "avg_g": 193.87, "avg_b": 40.76}}, {"class": "melon-unripe", "confidence": 52.02, "bbox": {"x1": 927, "y1": 628, "x2": 986, "y2": 678, "width": 59, "height": 50}, "cropped_image": "melon-unripe_5_52pct_1742631096.jpg", "processed_image": null, "mask_image": null, "color_analysis": null}]}
[22-Mar-2025 09:11:41 Europe/Berlin] Successfully parsed detection data
[22-Mar-2025 09:19:11 Europe/Berlin] File uploaded successfully to: C:\xampp\htdocs\ds_min/output/detect_14/raw_WhatsApp Image 2025-03-22 at 12.00.48 PM.jpeg
[22-Mar-2025 09:19:11 Europe/Berlin] Selected model: combined
[22-Mar-2025 09:19:11 Europe/Berlin] Model path: C:/xampp/htdocs/ds_min/pg/deeplearning/combined.pt (exists: yes)
[22-Mar-2025 09:19:11 Europe/Berlin] Upload path: C:/xampp/htdocs/ds_min/output/detect_14/raw_WhatsApp Image 2025-03-22 at 12.00.48 PM.jpeg (exists: yes)
[22-Mar-2025 09:19:11 Europe/Berlin] Results dir: C:/xampp/htdocs/ds_min/results (exists: yes)
[22-Mar-2025 09:19:11 Europe/Berlin] Starting detection process...
[22-Mar-2025 09:19:12 Europe/Berlin] Executing command: cd "C:\xampp\htdocs\ds_min" && "C:\Users\syauqiarham\anaconda3\python.exe" "C:\Users\syauqiarham\AppData\Local\Temp\detEB70.tmp.py" 2>&1
[22-Mar-2025 09:19:17 Europe/Berlin] Command output:
Current working directory: C:\xampp\htdocs\ds_min
Model path (absolute): C:/xampp/htdocs/ds_min/pg/deeplearning/combined.pt
Upload path (absolute): C:/xampp/htdocs/ds_min/output/detect_14/raw_WhatsApp Image 2025-03-22 at 12.00.48 PM.jpeg
Results directory (absolute): C:/xampp/htdocs/ds_min/output/detect_14
Using HSV ranges:
Range 1: H=[155-255], S=[160-240], V=[160-255]
Range 2: H=[0-30], S=[160-240], V=[160-255]
Loading model...
Model loaded successfully
Reading image...
Image read successfully, shape: (1600, 1200, 3)
Running detection...

0: 1280x960 4 melon-ripes, 1 melon-unripe, 190.8ms
Speed: 10.9ms preprocess, 190.8ms inference, 1.4ms postprocess per image at shape (1, 3, 1280, 960)
Detection completed successfully
Found 5 objects
Processing detection 1: melon-ripe (89.21%)
Successfully saved cropped melon-ripe to: C:/xampp/htdocs/ds_min/output/detect_14\melon-ripe_1_89pct_1742631551.jpg
Processing melon-ripe image for color analysis...
Successfully saved processed melon to: C:/xampp/htdocs/ds_min/output/detect_14\melon-ripe_1_processed_1742631551.jpg
Successfully saved mask to: C:/xampp/htdocs/ds_min/output/detect_14\melon-ripe_1_mask_1742631551.jpg
Processing detection 2: melon-ripe (87.98%)
Successfully saved cropped melon-ripe to: C:/xampp/htdocs/ds_min/output/detect_14\melon-ripe_2_87pct_1742631551.jpg
Processing melon-ripe image for color analysis...
Successfully saved processed melon to: C:/xampp/htdocs/ds_min/output/detect_14\melon-ripe_2_processed_1742631551.jpg
Successfully saved mask to: C:/xampp/htdocs/ds_min/output/detect_14\melon-ripe_2_mask_1742631551.jpg
Processing detection 3: melon-ripe (84.83%)
Successfully saved cropped melon-ripe to: C:/xampp/htdocs/ds_min/output/detect_14\melon-ripe_3_84pct_1742631551.jpg
Processing melon-ripe image for color analysis...
Successfully saved processed melon to: C:/xampp/htdocs/ds_min/output/detect_14\melon-ripe_3_processed_1742631551.jpg
Successfully saved mask to: C:/xampp/htdocs/ds_min/output/detect_14\melon-ripe_3_mask_1742631551.jpg
Processing detection 4: melon-ripe (81.46%)
Successfully saved cropped melon-ripe to: C:/xampp/htdocs/ds_min/output/detect_14\melon-ripe_4_81pct_1742631551.jpg
Processing melon-ripe image for color analysis...
Successfully saved processed melon to: C:/xampp/htdocs/ds_min/output/detect_14\melon-ripe_4_processed_1742631551.jpg
Successfully saved mask to: C:/xampp/htdocs/ds_min/output/detect_14\melon-ripe_4_mask_1742631551.jpg
Processing detection 5: melon-unripe (52.02%)
Successfully saved cropped melon-unripe to: C:/xampp/htdocs/ds_min/output/detect_14\melon-unripe_5_52pct_1742631551.jpg
Saved color analysis to: C:/xampp/htdocs/ds_min/output/detect_14\color_analysis_1742631551.csv
Saved detection results to: C:/xampp/htdocs/ds_min/output/detect_14\1742631551_detections.json
Successfully saved result visualization to: C:/xampp/htdocs/ds_min/output/detect_14\1742631551_result.jpg
DETECTION_RESULTS_START
{"image_size": {"width": 1200, "height": 1600}, "detections": [{"class": "melon-ripe", "confidence": 89.21, "bbox": {"x1": 200, "y1": 1137, "x2": 359, "y2": 1309, "width": 159, "height": 172}, "cropped_image": "melon-ripe_1_89pct_1742631551.jpg", "processed_image": "melon-ripe_1_processed_1742631551.jpg", "mask_image": "melon-ripe_1_mask_1742631551.jpg", "color_analysis": {"avg_r": 220.99, "avg_g": 182.0, "avg_b": 28.39}}, {"class": "melon-ripe", "confidence": 87.98, "bbox": {"x1": 598, "y1": 1115, "x2": 782, "y2": 1305, "width": 184, "height": 190}, "cropped_image": "melon-ripe_2_87pct_1742631551.jpg", "processed_image": "melon-ripe_2_processed_1742631551.jpg", "mask_image": "melon-ripe_2_mask_1742631551.jpg", "color_analysis": {"avg_r": 232.72, "avg_g": 204.87, "avg_b": 27.24}}, {"class": "melon-ripe", "confidence": 84.83, "bbox": {"x1": 1093, "y1": 939, "x2": 1200, "y2": 1129, "width": 107, "height": 190}, "cropped_image": "melon-ripe_3_84pct_1742631551.jpg", "processed_image": "melon-ripe_3_processed_1742631551.jpg", "mask_image": "melon-ripe_3_mask_1742631551.jpg", "color_analysis": {"avg_r": 218.54, "avg_g": 191.87, "avg_b": 33.14}}, {"class": "melon-ripe", "confidence": 81.46, "bbox": {"x1": 894, "y1": 840, "x2": 957, "y2": 902, "width": 63, "height": 62}, "cropped_image": "melon-ripe_4_81pct_1742631551.jpg", "processed_image": "melon-ripe_4_processed_1742631551.jpg", "mask_image": "melon-ripe_4_mask_1742631551.jpg", "color_analysis": {"avg_r": 224.56, "avg_g": 193.87, "avg_b": 40.76}}, {"class": "melon-unripe", "confidence": 52.02, "bbox": {"x1": 927, "y1": 628, "x2": 986, "y2": 678, "width": 59, "height": 50}, "cropped_image": "melon-unripe_5_52pct_1742631551.jpg", "processed_image": null, "mask_image": null, "color_analysis": null}]}
DETECTION_RESULTS_END
[22-Mar-2025 09:19:17 Europe/Berlin] Return code: 0
[22-Mar-2025 09:19:17 Europe/Berlin] Processing line: Current working directory: C:\xampp\htdocs\ds_min
[22-Mar-2025 09:19:17 Europe/Berlin] Processing line: Model path (absolute): C:/xampp/htdocs/ds_min/pg/deeplearning/combined.pt
[22-Mar-2025 09:19:17 Europe/Berlin] Processing line: Upload path (absolute): C:/xampp/htdocs/ds_min/output/detect_14/raw_WhatsApp Image 2025-03-22 at 12.00.48 PM.jpeg
[22-Mar-2025 09:19:17 Europe/Berlin] Processing line: Results directory (absolute): C:/xampp/htdocs/ds_min/output/detect_14
[22-Mar-2025 09:19:17 Europe/Berlin] Processing line: Using HSV ranges:
[22-Mar-2025 09:19:17 Europe/Berlin] Processing line: Range 1: H=[155-255], S=[160-240], V=[160-255]
[22-Mar-2025 09:19:17 Europe/Berlin] Processing line: Range 2: H=[0-30], S=[160-240], V=[160-255]
[22-Mar-2025 09:19:17 Europe/Berlin] Processing line: Loading model...
[22-Mar-2025 09:19:17 Europe/Berlin] Processing line: Model loaded successfully
[22-Mar-2025 09:19:17 Europe/Berlin] Processing line: Reading image...
[22-Mar-2025 09:19:17 Europe/Berlin] Processing line: Image read successfully, shape: (1600, 1200, 3)
[22-Mar-2025 09:19:17 Europe/Berlin] Processing line: Running detection...
[22-Mar-2025 09:19:17 Europe/Berlin] Processing line: 
[22-Mar-2025 09:19:17 Europe/Berlin] Processing line: 0: 1280x960 4 melon-ripes, 1 melon-unripe, 190.8ms
[22-Mar-2025 09:19:17 Europe/Berlin] Processing line: Speed: 10.9ms preprocess, 190.8ms inference, 1.4ms postprocess per image at shape (1, 3, 1280, 960)
[22-Mar-2025 09:19:17 Europe/Berlin] Processing line: Detection completed successfully
[22-Mar-2025 09:19:17 Europe/Berlin] Processing line: Found 5 objects
[22-Mar-2025 09:19:17 Europe/Berlin] Processing line: Processing detection 1: melon-ripe (89.21%)
[22-Mar-2025 09:19:17 Europe/Berlin] Processing line: Successfully saved cropped melon-ripe to: C:/xampp/htdocs/ds_min/output/detect_14\melon-ripe_1_89pct_1742631551.jpg
[22-Mar-2025 09:19:17 Europe/Berlin] Processing line: Processing melon-ripe image for color analysis...
[22-Mar-2025 09:19:17 Europe/Berlin] Processing line: Successfully saved processed melon to: C:/xampp/htdocs/ds_min/output/detect_14\melon-ripe_1_processed_1742631551.jpg
[22-Mar-2025 09:19:17 Europe/Berlin] Processing line: Successfully saved mask to: C:/xampp/htdocs/ds_min/output/detect_14\melon-ripe_1_mask_1742631551.jpg
[22-Mar-2025 09:19:17 Europe/Berlin] Processing line: Processing detection 2: melon-ripe (87.98%)
[22-Mar-2025 09:19:17 Europe/Berlin] Processing line: Successfully saved cropped melon-ripe to: C:/xampp/htdocs/ds_min/output/detect_14\melon-ripe_2_87pct_1742631551.jpg
[22-Mar-2025 09:19:17 Europe/Berlin] Processing line: Processing melon-ripe image for color analysis...
[22-Mar-2025 09:19:17 Europe/Berlin] Processing line: Successfully saved processed melon to: C:/xampp/htdocs/ds_min/output/detect_14\melon-ripe_2_processed_1742631551.jpg
[22-Mar-2025 09:19:17 Europe/Berlin] Processing line: Successfully saved mask to: C:/xampp/htdocs/ds_min/output/detect_14\melon-ripe_2_mask_1742631551.jpg
[22-Mar-2025 09:19:17 Europe/Berlin] Processing line: Processing detection 3: melon-ripe (84.83%)
[22-Mar-2025 09:19:17 Europe/Berlin] Processing line: Successfully saved cropped melon-ripe to: C:/xampp/htdocs/ds_min/output/detect_14\melon-ripe_3_84pct_1742631551.jpg
[22-Mar-2025 09:19:17 Europe/Berlin] Processing line: Processing melon-ripe image for color analysis...
[22-Mar-2025 09:19:17 Europe/Berlin] Processing line: Successfully saved processed melon to: C:/xampp/htdocs/ds_min/output/detect_14\melon-ripe_3_processed_1742631551.jpg
[22-Mar-2025 09:19:17 Europe/Berlin] Processing line: Successfully saved mask to: C:/xampp/htdocs/ds_min/output/detect_14\melon-ripe_3_mask_1742631551.jpg
[22-Mar-2025 09:19:17 Europe/Berlin] Processing line: Processing detection 4: melon-ripe (81.46%)
[22-Mar-2025 09:19:17 Europe/Berlin] Processing line: Successfully saved cropped melon-ripe to: C:/xampp/htdocs/ds_min/output/detect_14\melon-ripe_4_81pct_1742631551.jpg
[22-Mar-2025 09:19:17 Europe/Berlin] Processing line: Processing melon-ripe image for color analysis...
[22-Mar-2025 09:19:17 Europe/Berlin] Processing line: Successfully saved processed melon to: C:/xampp/htdocs/ds_min/output/detect_14\melon-ripe_4_processed_1742631551.jpg
[22-Mar-2025 09:19:17 Europe/Berlin] Processing line: Successfully saved mask to: C:/xampp/htdocs/ds_min/output/detect_14\melon-ripe_4_mask_1742631551.jpg
[22-Mar-2025 09:19:17 Europe/Berlin] Processing line: Processing detection 5: melon-unripe (52.02%)
[22-Mar-2025 09:19:17 Europe/Berlin] Processing line: Successfully saved cropped melon-unripe to: C:/xampp/htdocs/ds_min/output/detect_14\melon-unripe_5_52pct_1742631551.jpg
[22-Mar-2025 09:19:17 Europe/Berlin] Processing line: Saved color analysis to: C:/xampp/htdocs/ds_min/output/detect_14\color_analysis_1742631551.csv
[22-Mar-2025 09:19:17 Europe/Berlin] Processing line: Saved detection results to: C:/xampp/htdocs/ds_min/output/detect_14\1742631551_detections.json
[22-Mar-2025 09:19:17 Europe/Berlin] Processing line: Successfully saved result visualization to: C:/xampp/htdocs/ds_min/output/detect_14\1742631551_result.jpg
[22-Mar-2025 09:19:17 Europe/Berlin] Processing line: DETECTION_RESULTS_START
[22-Mar-2025 09:19:17 Europe/Berlin] Processing line: {"image_size": {"width": 1200, "height": 1600}, "detections": [{"class": "melon-ripe", "confidence": 89.21, "bbox": {"x1": 200, "y1": 1137, "x2": 359, "y2": 1309, "width": 159, "height": 172}, "cropped_image": "melon-ripe_1_89pct_1742631551.jpg", "processed_image": "melon-ripe_1_processed_1742631551.jpg", "mask_image": "melon-ripe_1_mask_1742631551.jpg", "color_analysis": {"avg_r": 220.99, "avg_g": 182.0, "avg_b": 28.39}}, {"class": "melon-ripe", "confidence": 87.98, "bbox": {"x1": 598, "y1": 1115, "x2": 782, "y2": 1305, "width": 184, "height": 190}, "cropped_image": "melon-ripe_2_87pct_1742631551.jpg", "processed_image": "melon-ripe_2_processed_1742631551.jpg", "mask_image": "melon-ripe_2_mask_1742631551.jpg", "color_analysis": {"avg_r": 232.72, "avg_g": 204.87, "avg_b": 27.24}}, {"class": "melon-ripe", "confidence": 84.83, "bbox": {"x1": 1093, "y1": 939, "x2": 1200, "y2": 1129, "width": 107, "height": 190}, "cropped_image": "melon-ripe_3_84pct_1742631551.jpg", "processed_image": "melon-ripe_3_processed_1742631551.jpg", "mask_image": "melon-ripe_3_mask_1742631551.jpg", "color_analysis": {"avg_r": 218.54, "avg_g": 191.87, "avg_b": 33.14}}, {"class": "melon-ripe", "confidence": 81.46, "bbox": {"x1": 894, "y1": 840, "x2": 957, "y2": 902, "width": 63, "height": 62}, "cropped_image": "melon-ripe_4_81pct_1742631551.jpg", "processed_image": "melon-ripe_4_processed_1742631551.jpg", "mask_image": "melon-ripe_4_mask_1742631551.jpg", "color_analysis": {"avg_r": 224.56, "avg_g": 193.87, "avg_b": 40.76}}, {"class": "melon-unripe", "confidence": 52.02, "bbox": {"x1": 927, "y1": 628, "x2": 986, "y2": 678, "width": 59, "height": 50}, "cropped_image": "melon-unripe_5_52pct_1742631551.jpg", "processed_image": null, "mask_image": null, "color_analysis": null}]}
[22-Mar-2025 09:19:17 Europe/Berlin] Processing line: DETECTION_RESULTS_END
[22-Mar-2025 09:19:17 Europe/Berlin] Parsing JSON data: {"image_size": {"width": 1200, "height": 1600}, "detections": [{"class": "melon-ripe", "confidence": 89.21, "bbox": {"x1": 200, "y1": 1137, "x2": 359, "y2": 1309, "width": 159, "height": 172}, "cropped_image": "melon-ripe_1_89pct_1742631551.jpg", "processed_image": "melon-ripe_1_processed_1742631551.jpg", "mask_image": "melon-ripe_1_mask_1742631551.jpg", "color_analysis": {"avg_r": 220.99, "avg_g": 182.0, "avg_b": 28.39}}, {"class": "melon-ripe", "confidence": 87.98, "bbox": {"x1": 598, "y1": 1115, "x2": 782, "y2": 1305, "width": 184, "height": 190}, "cropped_image": "melon-ripe_2_87pct_1742631551.jpg", "processed_image": "melon-ripe_2_processed_1742631551.jpg", "mask_image": "melon-ripe_2_mask_1742631551.jpg", "color_analysis": {"avg_r": 232.72, "avg_g": 204.87, "avg_b": 27.24}}, {"class": "melon-ripe", "confidence": 84.83, "bbox": {"x1": 1093, "y1": 939, "x2": 1200, "y2": 1129, "width": 107, "height": 190}, "cropped_image": "melon-ripe_3_84pct_1742631551.jpg", "processed_image": "melon-ripe_3_processed_1742631551.jpg", "mask_image": "melon-ripe_3_mask_1742631551.jpg", "color_analysis": {"avg_r": 218.54, "avg_g": 191.87, "avg_b": 33.14}}, {"class": "melon-ripe", "confidence": 81.46, "bbox": {"x1": 894, "y1": 840, "x2": 957, "y2": 902, "width": 63, "height": 62}, "cropped_image": "melon-ripe_4_81pct_1742631551.jpg", "processed_image": "melon-ripe_4_processed_1742631551.jpg", "mask_image": "melon-ripe_4_mask_1742631551.jpg", "color_analysis": {"avg_r": 224.56, "avg_g": 193.87, "avg_b": 40.76}}, {"class": "melon-unripe", "confidence": 52.02, "bbox": {"x1": 927, "y1": 628, "x2": 986, "y2": 678, "width": 59, "height": 50}, "cropped_image": "melon-unripe_5_52pct_1742631551.jpg", "processed_image": null, "mask_image": null, "color_analysis": null}]}
[22-Mar-2025 09:19:17 Europe/Berlin] Successfully parsed detection data
[22-Mar-2025 09:26:03 Europe/Berlin] File uploaded successfully to: C:\xampp\htdocs\ds_min/output/detect_15/raw_WhatsApp Image 2025-03-22 at 12.00.48 PM.jpeg
[22-Mar-2025 09:26:03 Europe/Berlin] Selected model: combined
[22-Mar-2025 09:26:03 Europe/Berlin] Model path: C:/xampp/htdocs/ds_min/pg/deeplearning/combined.pt (exists: yes)
[22-Mar-2025 09:26:03 Europe/Berlin] Upload path: C:/xampp/htdocs/ds_min/output/detect_15/raw_WhatsApp Image 2025-03-22 at 12.00.48 PM.jpeg (exists: yes)
[22-Mar-2025 09:26:03 Europe/Berlin] Results dir: C:/xampp/htdocs/ds_min/results (exists: yes)
[22-Mar-2025 09:26:03 Europe/Berlin] Starting detection process...
[22-Mar-2025 09:26:03 Europe/Berlin] Executing command: cd "C:\xampp\htdocs\ds_min" && "C:\Users\syauqiarham\anaconda3\python.exe" "C:\Users\syauqiarham\AppData\Local\Temp\det334B.tmp.py" 2>&1
[22-Mar-2025 09:26:08 Europe/Berlin] Command output:
Current working directory: C:\xampp\htdocs\ds_min
Model path (absolute): C:/xampp/htdocs/ds_min/pg/deeplearning/combined.pt
Upload path (absolute): C:/xampp/htdocs/ds_min/output/detect_15/raw_WhatsApp Image 2025-03-22 at 12.00.48 PM.jpeg
Results directory (absolute): C:/xampp/htdocs/ds_min/output/detect_15
Using HSV ranges:
Range 1: H=[155-255], S=[160-240], V=[160-255]
Range 2: H=[0-30], S=[160-240], V=[160-255]
Loading model...
Model loaded successfully
Reading image...
Image read successfully, shape: (1600, 1200, 3)
Running detection...

0: 1280x960 4 melon-ripes, 1 melon-unripe, 200.7ms
Speed: 10.1ms preprocess, 200.7ms inference, 1.4ms postprocess per image at shape (1, 3, 1280, 960)
Detection completed successfully
Found 5 objects
Processing detection 1: melon-ripe (89.21%)
Successfully saved cropped melon-ripe to: C:/xampp/htdocs/ds_min/output/detect_15\melon-ripe_1_89pct_1742631963.jpg
Processing melon-ripe image for color analysis...
Successfully saved processed melon to: C:/xampp/htdocs/ds_min/output/detect_15\melon-ripe_1_processed_1742631963.jpg
Successfully saved mask to: C:/xampp/htdocs/ds_min/output/detect_15\melon-ripe_1_mask_1742631963.jpg
Processing detection 2: melon-ripe (87.98%)
Successfully saved cropped melon-ripe to: C:/xampp/htdocs/ds_min/output/detect_15\melon-ripe_2_87pct_1742631963.jpg
Processing melon-ripe image for color analysis...
Successfully saved processed melon to: C:/xampp/htdocs/ds_min/output/detect_15\melon-ripe_2_processed_1742631963.jpg
Successfully saved mask to: C:/xampp/htdocs/ds_min/output/detect_15\melon-ripe_2_mask_1742631963.jpg
Processing detection 3: melon-ripe (84.83%)
Successfully saved cropped melon-ripe to: C:/xampp/htdocs/ds_min/output/detect_15\melon-ripe_3_84pct_1742631963.jpg
Processing melon-ripe image for color analysis...
Successfully saved processed melon to: C:/xampp/htdocs/ds_min/output/detect_15\melon-ripe_3_processed_1742631963.jpg
Successfully saved mask to: C:/xampp/htdocs/ds_min/output/detect_15\melon-ripe_3_mask_1742631963.jpg
Processing detection 4: melon-ripe (81.46%)
Successfully saved cropped melon-ripe to: C:/xampp/htdocs/ds_min/output/detect_15\melon-ripe_4_81pct_1742631963.jpg
Processing melon-ripe image for color analysis...
Successfully saved processed melon to: C:/xampp/htdocs/ds_min/output/detect_15\melon-ripe_4_processed_1742631963.jpg
Successfully saved mask to: C:/xampp/htdocs/ds_min/output/detect_15\melon-ripe_4_mask_1742631963.jpg
Processing detection 5: melon-unripe (52.02%)
Successfully saved cropped melon-unripe to: C:/xampp/htdocs/ds_min/output/detect_15\melon-unripe_5_52pct_1742631963.jpg
Saved color analysis to: C:/xampp/htdocs/ds_min/output/detect_15\color_analysis_1742631963.csv
Saved detection results to: C:/xampp/htdocs/ds_min/output/detect_15\1742631963_detections.json
Successfully saved result visualization to: C:/xampp/htdocs/ds_min/output/detect_15\1742631963_result.jpg
DETECTION_RESULTS_START
{"image_size": {"width": 1200, "height": 1600}, "detections": [{"class": "melon-ripe", "confidence": 89.21, "bbox": {"x1": 200, "y1": 1137, "x2": 359, "y2": 1309, "width": 159, "height": 172}, "cropped_image": "melon-ripe_1_89pct_1742631963.jpg", "processed_image": "melon-ripe_1_processed_1742631963.jpg", "mask_image": "melon-ripe_1_mask_1742631963.jpg", "color_analysis": {"avg_r": 220.99, "avg_g": 182.0, "avg_b": 28.39}}, {"class": "melon-ripe", "confidence": 87.98, "bbox": {"x1": 598, "y1": 1115, "x2": 782, "y2": 1305, "width": 184, "height": 190}, "cropped_image": "melon-ripe_2_87pct_1742631963.jpg", "processed_image": "melon-ripe_2_processed_1742631963.jpg", "mask_image": "melon-ripe_2_mask_1742631963.jpg", "color_analysis": {"avg_r": 232.72, "avg_g": 204.87, "avg_b": 27.24}}, {"class": "melon-ripe", "confidence": 84.83, "bbox": {"x1": 1093, "y1": 939, "x2": 1200, "y2": 1129, "width": 107, "height": 190}, "cropped_image": "melon-ripe_3_84pct_1742631963.jpg", "processed_image": "melon-ripe_3_processed_1742631963.jpg", "mask_image": "melon-ripe_3_mask_1742631963.jpg", "color_analysis": {"avg_r": 218.54, "avg_g": 191.87, "avg_b": 33.14}}, {"class": "melon-ripe", "confidence": 81.46, "bbox": {"x1": 894, "y1": 840, "x2": 957, "y2": 902, "width": 63, "height": 62}, "cropped_image": "melon-ripe_4_81pct_1742631963.jpg", "processed_image": "melon-ripe_4_processed_1742631963.jpg", "mask_image": "melon-ripe_4_mask_1742631963.jpg", "color_analysis": {"avg_r": 224.56, "avg_g": 193.87, "avg_b": 40.76}}, {"class": "melon-unripe", "confidence": 52.02, "bbox": {"x1": 927, "y1": 628, "x2": 986, "y2": 678, "width": 59, "height": 50}, "cropped_image": "melon-unripe_5_52pct_1742631963.jpg", "processed_image": null, "mask_image": null, "color_analysis": null}]}
DETECTION_RESULTS_END
[22-Mar-2025 09:26:08 Europe/Berlin] Return code: 0
[22-Mar-2025 09:26:08 Europe/Berlin] Processing line: Current working directory: C:\xampp\htdocs\ds_min
[22-Mar-2025 09:26:08 Europe/Berlin] Processing line: Model path (absolute): C:/xampp/htdocs/ds_min/pg/deeplearning/combined.pt
[22-Mar-2025 09:26:08 Europe/Berlin] Processing line: Upload path (absolute): C:/xampp/htdocs/ds_min/output/detect_15/raw_WhatsApp Image 2025-03-22 at 12.00.48 PM.jpeg
[22-Mar-2025 09:26:08 Europe/Berlin] Processing line: Results directory (absolute): C:/xampp/htdocs/ds_min/output/detect_15
[22-Mar-2025 09:26:08 Europe/Berlin] Processing line: Using HSV ranges:
[22-Mar-2025 09:26:08 Europe/Berlin] Processing line: Range 1: H=[155-255], S=[160-240], V=[160-255]
[22-Mar-2025 09:26:08 Europe/Berlin] Processing line: Range 2: H=[0-30], S=[160-240], V=[160-255]
[22-Mar-2025 09:26:08 Europe/Berlin] Processing line: Loading model...
[22-Mar-2025 09:26:08 Europe/Berlin] Processing line: Model loaded successfully
[22-Mar-2025 09:26:08 Europe/Berlin] Processing line: Reading image...
[22-Mar-2025 09:26:08 Europe/Berlin] Processing line: Image read successfully, shape: (1600, 1200, 3)
[22-Mar-2025 09:26:08 Europe/Berlin] Processing line: Running detection...
[22-Mar-2025 09:26:08 Europe/Berlin] Processing line: 
[22-Mar-2025 09:26:08 Europe/Berlin] Processing line: 0: 1280x960 4 melon-ripes, 1 melon-unripe, 200.7ms
[22-Mar-2025 09:26:08 Europe/Berlin] Processing line: Speed: 10.1ms preprocess, 200.7ms inference, 1.4ms postprocess per image at shape (1, 3, 1280, 960)
[22-Mar-2025 09:26:08 Europe/Berlin] Processing line: Detection completed successfully
[22-Mar-2025 09:26:08 Europe/Berlin] Processing line: Found 5 objects
[22-Mar-2025 09:26:08 Europe/Berlin] Processing line: Processing detection 1: melon-ripe (89.21%)
[22-Mar-2025 09:26:08 Europe/Berlin] Processing line: Successfully saved cropped melon-ripe to: C:/xampp/htdocs/ds_min/output/detect_15\melon-ripe_1_89pct_1742631963.jpg
[22-Mar-2025 09:26:08 Europe/Berlin] Processing line: Processing melon-ripe image for color analysis...
[22-Mar-2025 09:26:08 Europe/Berlin] Processing line: Successfully saved processed melon to: C:/xampp/htdocs/ds_min/output/detect_15\melon-ripe_1_processed_1742631963.jpg
[22-Mar-2025 09:26:08 Europe/Berlin] Processing line: Successfully saved mask to: C:/xampp/htdocs/ds_min/output/detect_15\melon-ripe_1_mask_1742631963.jpg
[22-Mar-2025 09:26:08 Europe/Berlin] Processing line: Processing detection 2: melon-ripe (87.98%)
[22-Mar-2025 09:26:08 Europe/Berlin] Processing line: Successfully saved cropped melon-ripe to: C:/xampp/htdocs/ds_min/output/detect_15\melon-ripe_2_87pct_1742631963.jpg
[22-Mar-2025 09:26:08 Europe/Berlin] Processing line: Processing melon-ripe image for color analysis...
[22-Mar-2025 09:26:08 Europe/Berlin] Processing line: Successfully saved processed melon to: C:/xampp/htdocs/ds_min/output/detect_15\melon-ripe_2_processed_1742631963.jpg
[22-Mar-2025 09:26:08 Europe/Berlin] Processing line: Successfully saved mask to: C:/xampp/htdocs/ds_min/output/detect_15\melon-ripe_2_mask_1742631963.jpg
[22-Mar-2025 09:26:08 Europe/Berlin] Processing line: Processing detection 3: melon-ripe (84.83%)
[22-Mar-2025 09:26:08 Europe/Berlin] Processing line: Successfully saved cropped melon-ripe to: C:/xampp/htdocs/ds_min/output/detect_15\melon-ripe_3_84pct_1742631963.jpg
[22-Mar-2025 09:26:08 Europe/Berlin] Processing line: Processing melon-ripe image for color analysis...
[22-Mar-2025 09:26:08 Europe/Berlin] Processing line: Successfully saved processed melon to: C:/xampp/htdocs/ds_min/output/detect_15\melon-ripe_3_processed_1742631963.jpg
[22-Mar-2025 09:26:08 Europe/Berlin] Processing line: Successfully saved mask to: C:/xampp/htdocs/ds_min/output/detect_15\melon-ripe_3_mask_1742631963.jpg
[22-Mar-2025 09:26:08 Europe/Berlin] Processing line: Processing detection 4: melon-ripe (81.46%)
[22-Mar-2025 09:26:08 Europe/Berlin] Processing line: Successfully saved cropped melon-ripe to: C:/xampp/htdocs/ds_min/output/detect_15\melon-ripe_4_81pct_1742631963.jpg
[22-Mar-2025 09:26:08 Europe/Berlin] Processing line: Processing melon-ripe image for color analysis...
[22-Mar-2025 09:26:08 Europe/Berlin] Processing line: Successfully saved processed melon to: C:/xampp/htdocs/ds_min/output/detect_15\melon-ripe_4_processed_1742631963.jpg
[22-Mar-2025 09:26:08 Europe/Berlin] Processing line: Successfully saved mask to: C:/xampp/htdocs/ds_min/output/detect_15\melon-ripe_4_mask_1742631963.jpg
[22-Mar-2025 09:26:08 Europe/Berlin] Processing line: Processing detection 5: melon-unripe (52.02%)
[22-Mar-2025 09:26:08 Europe/Berlin] Processing line: Successfully saved cropped melon-unripe to: C:/xampp/htdocs/ds_min/output/detect_15\melon-unripe_5_52pct_1742631963.jpg
[22-Mar-2025 09:26:08 Europe/Berlin] Processing line: Saved color analysis to: C:/xampp/htdocs/ds_min/output/detect_15\color_analysis_1742631963.csv
[22-Mar-2025 09:26:08 Europe/Berlin] Processing line: Saved detection results to: C:/xampp/htdocs/ds_min/output/detect_15\1742631963_detections.json
[22-Mar-2025 09:26:08 Europe/Berlin] Processing line: Successfully saved result visualization to: C:/xampp/htdocs/ds_min/output/detect_15\1742631963_result.jpg
[22-Mar-2025 09:26:08 Europe/Berlin] Processing line: DETECTION_RESULTS_START
[22-Mar-2025 09:26:08 Europe/Berlin] Processing line: {"image_size": {"width": 1200, "height": 1600}, "detections": [{"class": "melon-ripe", "confidence": 89.21, "bbox": {"x1": 200, "y1": 1137, "x2": 359, "y2": 1309, "width": 159, "height": 172}, "cropped_image": "melon-ripe_1_89pct_1742631963.jpg", "processed_image": "melon-ripe_1_processed_1742631963.jpg", "mask_image": "melon-ripe_1_mask_1742631963.jpg", "color_analysis": {"avg_r": 220.99, "avg_g": 182.0, "avg_b": 28.39}}, {"class": "melon-ripe", "confidence": 87.98, "bbox": {"x1": 598, "y1": 1115, "x2": 782, "y2": 1305, "width": 184, "height": 190}, "cropped_image": "melon-ripe_2_87pct_1742631963.jpg", "processed_image": "melon-ripe_2_processed_1742631963.jpg", "mask_image": "melon-ripe_2_mask_1742631963.jpg", "color_analysis": {"avg_r": 232.72, "avg_g": 204.87, "avg_b": 27.24}}, {"class": "melon-ripe", "confidence": 84.83, "bbox": {"x1": 1093, "y1": 939, "x2": 1200, "y2": 1129, "width": 107, "height": 190}, "cropped_image": "melon-ripe_3_84pct_1742631963.jpg", "processed_image": "melon-ripe_3_processed_1742631963.jpg", "mask_image": "melon-ripe_3_mask_1742631963.jpg", "color_analysis": {"avg_r": 218.54, "avg_g": 191.87, "avg_b": 33.14}}, {"class": "melon-ripe", "confidence": 81.46, "bbox": {"x1": 894, "y1": 840, "x2": 957, "y2": 902, "width": 63, "height": 62}, "cropped_image": "melon-ripe_4_81pct_1742631963.jpg", "processed_image": "melon-ripe_4_processed_1742631963.jpg", "mask_image": "melon-ripe_4_mask_1742631963.jpg", "color_analysis": {"avg_r": 224.56, "avg_g": 193.87, "avg_b": 40.76}}, {"class": "melon-unripe", "confidence": 52.02, "bbox": {"x1": 927, "y1": 628, "x2": 986, "y2": 678, "width": 59, "height": 50}, "cropped_image": "melon-unripe_5_52pct_1742631963.jpg", "processed_image": null, "mask_image": null, "color_analysis": null}]}
[22-Mar-2025 09:26:08 Europe/Berlin] Processing line: DETECTION_RESULTS_END
[22-Mar-2025 09:26:08 Europe/Berlin] Parsing JSON data: {"image_size": {"width": 1200, "height": 1600}, "detections": [{"class": "melon-ripe", "confidence": 89.21, "bbox": {"x1": 200, "y1": 1137, "x2": 359, "y2": 1309, "width": 159, "height": 172}, "cropped_image": "melon-ripe_1_89pct_1742631963.jpg", "processed_image": "melon-ripe_1_processed_1742631963.jpg", "mask_image": "melon-ripe_1_mask_1742631963.jpg", "color_analysis": {"avg_r": 220.99, "avg_g": 182.0, "avg_b": 28.39}}, {"class": "melon-ripe", "confidence": 87.98, "bbox": {"x1": 598, "y1": 1115, "x2": 782, "y2": 1305, "width": 184, "height": 190}, "cropped_image": "melon-ripe_2_87pct_1742631963.jpg", "processed_image": "melon-ripe_2_processed_1742631963.jpg", "mask_image": "melon-ripe_2_mask_1742631963.jpg", "color_analysis": {"avg_r": 232.72, "avg_g": 204.87, "avg_b": 27.24}}, {"class": "melon-ripe", "confidence": 84.83, "bbox": {"x1": 1093, "y1": 939, "x2": 1200, "y2": 1129, "width": 107, "height": 190}, "cropped_image": "melon-ripe_3_84pct_1742631963.jpg", "processed_image": "melon-ripe_3_processed_1742631963.jpg", "mask_image": "melon-ripe_3_mask_1742631963.jpg", "color_analysis": {"avg_r": 218.54, "avg_g": 191.87, "avg_b": 33.14}}, {"class": "melon-ripe", "confidence": 81.46, "bbox": {"x1": 894, "y1": 840, "x2": 957, "y2": 902, "width": 63, "height": 62}, "cropped_image": "melon-ripe_4_81pct_1742631963.jpg", "processed_image": "melon-ripe_4_processed_1742631963.jpg", "mask_image": "melon-ripe_4_mask_1742631963.jpg", "color_analysis": {"avg_r": 224.56, "avg_g": 193.87, "avg_b": 40.76}}, {"class": "melon-unripe", "confidence": 52.02, "bbox": {"x1": 927, "y1": 628, "x2": 986, "y2": 678, "width": 59, "height": 50}, "cropped_image": "melon-unripe_5_52pct_1742631963.jpg", "processed_image": null, "mask_image": null, "color_analysis": null}]}
[22-Mar-2025 09:26:08 Europe/Berlin] Successfully parsed detection data
[22-Mar-2025 10:20:42 Europe/Berlin] File uploaded successfully to: C:\xampp\htdocs\ds_min/output/detect_16/raw_WhatsApp Image 2025-03-22 at 12.00.48 PM.jpeg
[22-Mar-2025 10:20:42 Europe/Berlin] Selected model: combined
[22-Mar-2025 10:20:42 Europe/Berlin] Model path: C:/xampp/htdocs/ds_min/pg/deeplearning/combined.pt (exists: yes)
[22-Mar-2025 10:20:42 Europe/Berlin] Upload path: C:/xampp/htdocs/ds_min/output/detect_16/raw_WhatsApp Image 2025-03-22 at 12.00.48 PM.jpeg (exists: yes)
[22-Mar-2025 10:20:42 Europe/Berlin] Results dir: C:/xampp/htdocs/ds_min/results (exists: yes)
[22-Mar-2025 10:20:42 Europe/Berlin] Starting detection process...
[22-Mar-2025 10:20:42 Europe/Berlin] Executing command: cd "C:\xampp\htdocs\ds_min" && "C:\Users\syauqiarham\anaconda3\python.exe" "C:\Users\syauqiarham\AppData\Local\Temp\det3BD5.tmp.py" 2>&1
[22-Mar-2025 10:20:49 Europe/Berlin] Command output:
Current working directory: C:\xampp\htdocs\ds_min
Model path (absolute): C:/xampp/htdocs/ds_min/pg/deeplearning/combined.pt
Upload path (absolute): C:/xampp/htdocs/ds_min/output/detect_16/raw_WhatsApp Image 2025-03-22 at 12.00.48 PM.jpeg
Results directory (absolute): C:/xampp/htdocs/ds_min/output/detect_16
Using HSV ranges:
Range 1: H=[155-255], S=[160-240], V=[160-255]
Range 2: H=[0-30], S=[160-240], V=[160-255]
Loading model...
Model loaded successfully
Reading image...
Image read successfully, shape: (1600, 1200, 3)
Running detection...

0: 1280x960 4 melon-ripes, 1 melon-unripe, 232.5ms
Speed: 11.9ms preprocess, 232.5ms inference, 8.0ms postprocess per image at shape (1, 3, 1280, 960)
Detection completed successfully
Found 5 objects
Processing detection 1: melon-ripe (89.21%)
Successfully saved cropped melon-ripe to: C:/xampp/htdocs/ds_min/output/detect_16\melon-ripe_1_89pct_1742635242.jpg
Processing melon-ripe image for color analysis...
Successfully saved processed melon to: C:/xampp/htdocs/ds_min/output/detect_16\melon-ripe_1_processed_1742635242.jpg
Successfully saved mask to: C:/xampp/htdocs/ds_min/output/detect_16\melon-ripe_1_mask_1742635242.jpg
Processing detection 2: melon-ripe (87.98%)
Successfully saved cropped melon-ripe to: C:/xampp/htdocs/ds_min/output/detect_16\melon-ripe_2_87pct_1742635242.jpg
Processing melon-ripe image for color analysis...
Successfully saved processed melon to: C:/xampp/htdocs/ds_min/output/detect_16\melon-ripe_2_processed_1742635242.jpg
Successfully saved mask to: C:/xampp/htdocs/ds_min/output/detect_16\melon-ripe_2_mask_1742635242.jpg
Processing detection 3: melon-ripe (84.83%)
Successfully saved cropped melon-ripe to: C:/xampp/htdocs/ds_min/output/detect_16\melon-ripe_3_84pct_1742635242.jpg
Processing melon-ripe image for color analysis...
Successfully saved processed melon to: C:/xampp/htdocs/ds_min/output/detect_16\melon-ripe_3_processed_1742635242.jpg
Successfully saved mask to: C:/xampp/htdocs/ds_min/output/detect_16\melon-ripe_3_mask_1742635242.jpg
Processing detection 4: melon-ripe (81.46%)
Successfully saved cropped melon-ripe to: C:/xampp/htdocs/ds_min/output/detect_16\melon-ripe_4_81pct_1742635242.jpg
Processing melon-ripe image for color analysis...
Successfully saved processed melon to: C:/xampp/htdocs/ds_min/output/detect_16\melon-ripe_4_processed_1742635242.jpg
Successfully saved mask to: C:/xampp/htdocs/ds_min/output/detect_16\melon-ripe_4_mask_1742635242.jpg
Processing detection 5: melon-unripe (52.02%)
Successfully saved cropped melon-unripe to: C:/xampp/htdocs/ds_min/output/detect_16\melon-unripe_5_52pct_1742635242.jpg
Saved color analysis to: C:/xampp/htdocs/ds_min/output/detect_16\color_analysis_1742635242.csv
Saved detection results to: C:/xampp/htdocs/ds_min/output/detect_16\1742635242_detections.json
Successfully saved result visualization to: C:/xampp/htdocs/ds_min/output/detect_16\1742635242_result.jpg
DETECTION_RESULTS_START
{"image_size": {"width": 1200, "height": 1600}, "detections": [{"class": "melon-ripe", "confidence": 89.21, "bbox": {"x1": 200, "y1": 1137, "x2": 359, "y2": 1309, "width": 159, "height": 172}, "cropped_image": "melon-ripe_1_89pct_1742635242.jpg", "processed_image": "melon-ripe_1_processed_1742635242.jpg", "mask_image": "melon-ripe_1_mask_1742635242.jpg", "color_analysis": {"avg_r": 220.99, "avg_g": 182.0, "avg_b": 28.39}}, {"class": "melon-ripe", "confidence": 87.98, "bbox": {"x1": 598, "y1": 1115, "x2": 782, "y2": 1305, "width": 184, "height": 190}, "cropped_image": "melon-ripe_2_87pct_1742635242.jpg", "processed_image": "melon-ripe_2_processed_1742635242.jpg", "mask_image": "melon-ripe_2_mask_1742635242.jpg", "color_analysis": {"avg_r": 232.72, "avg_g": 204.87, "avg_b": 27.24}}, {"class": "melon-ripe", "confidence": 84.83, "bbox": {"x1": 1093, "y1": 939, "x2": 1200, "y2": 1129, "width": 107, "height": 190}, "cropped_image": "melon-ripe_3_84pct_1742635242.jpg", "processed_image": "melon-ripe_3_processed_1742635242.jpg", "mask_image": "melon-ripe_3_mask_1742635242.jpg", "color_analysis": {"avg_r": 218.54, "avg_g": 191.87, "avg_b": 33.14}}, {"class": "melon-ripe", "confidence": 81.46, "bbox": {"x1": 894, "y1": 840, "x2": 957, "y2": 902, "width": 63, "height": 62}, "cropped_image": "melon-ripe_4_81pct_1742635242.jpg", "processed_image": "melon-ripe_4_processed_1742635242.jpg", "mask_image": "melon-ripe_4_mask_1742635242.jpg", "color_analysis": {"avg_r": 224.56, "avg_g": 193.87, "avg_b": 40.76}}, {"class": "melon-unripe", "confidence": 52.02, "bbox": {"x1": 927, "y1": 628, "x2": 986, "y2": 678, "width": 59, "height": 50}, "cropped_image": "melon-unripe_5_52pct_1742635242.jpg", "processed_image": null, "mask_image": null, "color_analysis": null}]}
DETECTION_RESULTS_END
[22-Mar-2025 10:20:49 Europe/Berlin] Return code: 0
[22-Mar-2025 10:20:49 Europe/Berlin] Processing line: Current working directory: C:\xampp\htdocs\ds_min
[22-Mar-2025 10:20:49 Europe/Berlin] Processing line: Model path (absolute): C:/xampp/htdocs/ds_min/pg/deeplearning/combined.pt
[22-Mar-2025 10:20:49 Europe/Berlin] Processing line: Upload path (absolute): C:/xampp/htdocs/ds_min/output/detect_16/raw_WhatsApp Image 2025-03-22 at 12.00.48 PM.jpeg
[22-Mar-2025 10:20:49 Europe/Berlin] Processing line: Results directory (absolute): C:/xampp/htdocs/ds_min/output/detect_16
[22-Mar-2025 10:20:49 Europe/Berlin] Processing line: Using HSV ranges:
[22-Mar-2025 10:20:49 Europe/Berlin] Processing line: Range 1: H=[155-255], S=[160-240], V=[160-255]
[22-Mar-2025 10:20:49 Europe/Berlin] Processing line: Range 2: H=[0-30], S=[160-240], V=[160-255]
[22-Mar-2025 10:20:49 Europe/Berlin] Processing line: Loading model...
[22-Mar-2025 10:20:49 Europe/Berlin] Processing line: Model loaded successfully
[22-Mar-2025 10:20:49 Europe/Berlin] Processing line: Reading image...
[22-Mar-2025 10:20:49 Europe/Berlin] Processing line: Image read successfully, shape: (1600, 1200, 3)
[22-Mar-2025 10:20:49 Europe/Berlin] Processing line: Running detection...
[22-Mar-2025 10:20:49 Europe/Berlin] Processing line: 
[22-Mar-2025 10:20:49 Europe/Berlin] Processing line: 0: 1280x960 4 melon-ripes, 1 melon-unripe, 232.5ms
[22-Mar-2025 10:20:49 Europe/Berlin] Processing line: Speed: 11.9ms preprocess, 232.5ms inference, 8.0ms postprocess per image at shape (1, 3, 1280, 960)
[22-Mar-2025 10:20:49 Europe/Berlin] Processing line: Detection completed successfully
[22-Mar-2025 10:20:49 Europe/Berlin] Processing line: Found 5 objects
[22-Mar-2025 10:20:49 Europe/Berlin] Processing line: Processing detection 1: melon-ripe (89.21%)
[22-Mar-2025 10:20:49 Europe/Berlin] Processing line: Successfully saved cropped melon-ripe to: C:/xampp/htdocs/ds_min/output/detect_16\melon-ripe_1_89pct_1742635242.jpg
[22-Mar-2025 10:20:49 Europe/Berlin] Processing line: Processing melon-ripe image for color analysis...
[22-Mar-2025 10:20:49 Europe/Berlin] Processing line: Successfully saved processed melon to: C:/xampp/htdocs/ds_min/output/detect_16\melon-ripe_1_processed_1742635242.jpg
[22-Mar-2025 10:20:49 Europe/Berlin] Processing line: Successfully saved mask to: C:/xampp/htdocs/ds_min/output/detect_16\melon-ripe_1_mask_1742635242.jpg
[22-Mar-2025 10:20:49 Europe/Berlin] Processing line: Processing detection 2: melon-ripe (87.98%)
[22-Mar-2025 10:20:49 Europe/Berlin] Processing line: Successfully saved cropped melon-ripe to: C:/xampp/htdocs/ds_min/output/detect_16\melon-ripe_2_87pct_1742635242.jpg
[22-Mar-2025 10:20:49 Europe/Berlin] Processing line: Processing melon-ripe image for color analysis...
[22-Mar-2025 10:20:49 Europe/Berlin] Processing line: Successfully saved processed melon to: C:/xampp/htdocs/ds_min/output/detect_16\melon-ripe_2_processed_1742635242.jpg
[22-Mar-2025 10:20:49 Europe/Berlin] Processing line: Successfully saved mask to: C:/xampp/htdocs/ds_min/output/detect_16\melon-ripe_2_mask_1742635242.jpg
[22-Mar-2025 10:20:49 Europe/Berlin] Processing line: Processing detection 3: melon-ripe (84.83%)
[22-Mar-2025 10:20:49 Europe/Berlin] Processing line: Successfully saved cropped melon-ripe to: C:/xampp/htdocs/ds_min/output/detect_16\melon-ripe_3_84pct_1742635242.jpg
[22-Mar-2025 10:20:49 Europe/Berlin] Processing line: Processing melon-ripe image for color analysis...
[22-Mar-2025 10:20:49 Europe/Berlin] Processing line: Successfully saved processed melon to: C:/xampp/htdocs/ds_min/output/detect_16\melon-ripe_3_processed_1742635242.jpg
[22-Mar-2025 10:20:49 Europe/Berlin] Processing line: Successfully saved mask to: C:/xampp/htdocs/ds_min/output/detect_16\melon-ripe_3_mask_1742635242.jpg
[22-Mar-2025 10:20:49 Europe/Berlin] Processing line: Processing detection 4: melon-ripe (81.46%)
[22-Mar-2025 10:20:49 Europe/Berlin] Processing line: Successfully saved cropped melon-ripe to: C:/xampp/htdocs/ds_min/output/detect_16\melon-ripe_4_81pct_1742635242.jpg
[22-Mar-2025 10:20:49 Europe/Berlin] Processing line: Processing melon-ripe image for color analysis...
[22-Mar-2025 10:20:49 Europe/Berlin] Processing line: Successfully saved processed melon to: C:/xampp/htdocs/ds_min/output/detect_16\melon-ripe_4_processed_1742635242.jpg
[22-Mar-2025 10:20:49 Europe/Berlin] Processing line: Successfully saved mask to: C:/xampp/htdocs/ds_min/output/detect_16\melon-ripe_4_mask_1742635242.jpg
[22-Mar-2025 10:20:49 Europe/Berlin] Processing line: Processing detection 5: melon-unripe (52.02%)
[22-Mar-2025 10:20:49 Europe/Berlin] Processing line: Successfully saved cropped melon-unripe to: C:/xampp/htdocs/ds_min/output/detect_16\melon-unripe_5_52pct_1742635242.jpg
[22-Mar-2025 10:20:49 Europe/Berlin] Processing line: Saved color analysis to: C:/xampp/htdocs/ds_min/output/detect_16\color_analysis_1742635242.csv
[22-Mar-2025 10:20:49 Europe/Berlin] Processing line: Saved detection results to: C:/xampp/htdocs/ds_min/output/detect_16\1742635242_detections.json
[22-Mar-2025 10:20:49 Europe/Berlin] Processing line: Successfully saved result visualization to: C:/xampp/htdocs/ds_min/output/detect_16\1742635242_result.jpg
[22-Mar-2025 10:20:49 Europe/Berlin] Processing line: DETECTION_RESULTS_START
[22-Mar-2025 10:20:49 Europe/Berlin] Processing line: {"image_size": {"width": 1200, "height": 1600}, "detections": [{"class": "melon-ripe", "confidence": 89.21, "bbox": {"x1": 200, "y1": 1137, "x2": 359, "y2": 1309, "width": 159, "height": 172}, "cropped_image": "melon-ripe_1_89pct_1742635242.jpg", "processed_image": "melon-ripe_1_processed_1742635242.jpg", "mask_image": "melon-ripe_1_mask_1742635242.jpg", "color_analysis": {"avg_r": 220.99, "avg_g": 182.0, "avg_b": 28.39}}, {"class": "melon-ripe", "confidence": 87.98, "bbox": {"x1": 598, "y1": 1115, "x2": 782, "y2": 1305, "width": 184, "height": 190}, "cropped_image": "melon-ripe_2_87pct_1742635242.jpg", "processed_image": "melon-ripe_2_processed_1742635242.jpg", "mask_image": "melon-ripe_2_mask_1742635242.jpg", "color_analysis": {"avg_r": 232.72, "avg_g": 204.87, "avg_b": 27.24}}, {"class": "melon-ripe", "confidence": 84.83, "bbox": {"x1": 1093, "y1": 939, "x2": 1200, "y2": 1129, "width": 107, "height": 190}, "cropped_image": "melon-ripe_3_84pct_1742635242.jpg", "processed_image": "melon-ripe_3_processed_1742635242.jpg", "mask_image": "melon-ripe_3_mask_1742635242.jpg", "color_analysis": {"avg_r": 218.54, "avg_g": 191.87, "avg_b": 33.14}}, {"class": "melon-ripe", "confidence": 81.46, "bbox": {"x1": 894, "y1": 840, "x2": 957, "y2": 902, "width": 63, "height": 62}, "cropped_image": "melon-ripe_4_81pct_1742635242.jpg", "processed_image": "melon-ripe_4_processed_1742635242.jpg", "mask_image": "melon-ripe_4_mask_1742635242.jpg", "color_analysis": {"avg_r": 224.56, "avg_g": 193.87, "avg_b": 40.76}}, {"class": "melon-unripe", "confidence": 52.02, "bbox": {"x1": 927, "y1": 628, "x2": 986, "y2": 678, "width": 59, "height": 50}, "cropped_image": "melon-unripe_5_52pct_1742635242.jpg", "processed_image": null, "mask_image": null, "color_analysis": null}]}
[22-Mar-2025 10:20:49 Europe/Berlin] Processing line: DETECTION_RESULTS_END
[22-Mar-2025 10:20:49 Europe/Berlin] Parsing JSON data: {"image_size": {"width": 1200, "height": 1600}, "detections": [{"class": "melon-ripe", "confidence": 89.21, "bbox": {"x1": 200, "y1": 1137, "x2": 359, "y2": 1309, "width": 159, "height": 172}, "cropped_image": "melon-ripe_1_89pct_1742635242.jpg", "processed_image": "melon-ripe_1_processed_1742635242.jpg", "mask_image": "melon-ripe_1_mask_1742635242.jpg", "color_analysis": {"avg_r": 220.99, "avg_g": 182.0, "avg_b": 28.39}}, {"class": "melon-ripe", "confidence": 87.98, "bbox": {"x1": 598, "y1": 1115, "x2": 782, "y2": 1305, "width": 184, "height": 190}, "cropped_image": "melon-ripe_2_87pct_1742635242.jpg", "processed_image": "melon-ripe_2_processed_1742635242.jpg", "mask_image": "melon-ripe_2_mask_1742635242.jpg", "color_analysis": {"avg_r": 232.72, "avg_g": 204.87, "avg_b": 27.24}}, {"class": "melon-ripe", "confidence": 84.83, "bbox": {"x1": 1093, "y1": 939, "x2": 1200, "y2": 1129, "width": 107, "height": 190}, "cropped_image": "melon-ripe_3_84pct_1742635242.jpg", "processed_image": "melon-ripe_3_processed_1742635242.jpg", "mask_image": "melon-ripe_3_mask_1742635242.jpg", "color_analysis": {"avg_r": 218.54, "avg_g": 191.87, "avg_b": 33.14}}, {"class": "melon-ripe", "confidence": 81.46, "bbox": {"x1": 894, "y1": 840, "x2": 957, "y2": 902, "width": 63, "height": 62}, "cropped_image": "melon-ripe_4_81pct_1742635242.jpg", "processed_image": "melon-ripe_4_processed_1742635242.jpg", "mask_image": "melon-ripe_4_mask_1742635242.jpg", "color_analysis": {"avg_r": 224.56, "avg_g": 193.87, "avg_b": 40.76}}, {"class": "melon-unripe", "confidence": 52.02, "bbox": {"x1": 927, "y1": 628, "x2": 986, "y2": 678, "width": 59, "height": 50}, "cropped_image": "melon-unripe_5_52pct_1742635242.jpg", "processed_image": null, "mask_image": null, "color_analysis": null}]}
[22-Mar-2025 10:20:49 Europe/Berlin] Successfully parsed detection data
[26-Mar-2025 14:50:11 Europe/Berlin] File uploaded successfully to: C:\xampp\htdocs\ds_min-main/output/detect_1/raw__DSC1350.JPG
[26-Mar-2025 14:50:11 Europe/Berlin] Selected model: combined
[26-Mar-2025 14:50:11 Europe/Berlin] Model path: C:/xampp/htdocs/ds_min-main/pg/deeplearning/combined.pt (exists: yes)
[26-Mar-2025 14:50:11 Europe/Berlin] Upload path: C:/xampp/htdocs/ds_min-main/output/detect_1/raw__DSC1350.JPG (exists: yes)
[26-Mar-2025 14:50:11 Europe/Berlin] Results dir: C:/xampp/htdocs/ds_min-main/results (exists: yes)
[26-Mar-2025 14:50:11 Europe/Berlin] Starting detection process...
[26-Mar-2025 14:50:11 Europe/Berlin] Executing command: cd "C:\xampp\htdocs\ds_min-main" && "C:\Users\syauqiarham\anaconda3\python.exe" "C:\Users\Jasmine Tasmara\AppData\Local\Temp\detA46B.tmp.py" 2>&1
[26-Mar-2025 14:50:12 Europe/Berlin] Command output:
The system cannot find the path specified.
[26-Mar-2025 14:50:12 Europe/Berlin] Return code: 1
[26-Mar-2025 14:50:12 Europe/Berlin] Error processing image. Return code: 1
[26-Mar-2025 14:50:14 Europe/Berlin] File uploaded successfully to: C:\xampp\htdocs\ds_min-main/output/detect_2/raw__DSC1350.JPG
[26-Mar-2025 14:50:14 Europe/Berlin] Selected model: combined
[26-Mar-2025 14:50:14 Europe/Berlin] Model path: C:/xampp/htdocs/ds_min-main/pg/deeplearning/combined.pt (exists: yes)
[26-Mar-2025 14:50:14 Europe/Berlin] Upload path: C:/xampp/htdocs/ds_min-main/output/detect_2/raw__DSC1350.JPG (exists: yes)
[26-Mar-2025 14:50:14 Europe/Berlin] Results dir: C:/xampp/htdocs/ds_min-main/results (exists: yes)
[26-Mar-2025 14:50:14 Europe/Berlin] Starting detection process...
[26-Mar-2025 14:50:14 Europe/Berlin] Executing command: cd "C:\xampp\htdocs\ds_min-main" && "C:\Users\syauqiarham\anaconda3\python.exe" "C:\Users\Jasmine Tasmara\AppData\Local\Temp\detADF3.tmp.py" 2>&1
[26-Mar-2025 14:50:14 Europe/Berlin] Command output:
The system cannot find the path specified.
[26-Mar-2025 14:50:14 Europe/Berlin] Return code: 1
[26-Mar-2025 14:50:14 Europe/Berlin] Error processing image. Return code: 1
[26-Mar-2025 14:54:17 Europe/Berlin] File uploaded successfully to: C:\xampp\htdocs\ds_min-main/output/detect_3/raw__DSC1432.JPG
[26-Mar-2025 14:54:17 Europe/Berlin] Selected model: combined
[26-Mar-2025 14:54:17 Europe/Berlin] Model path: C:/xampp/htdocs/ds_min-main/pg/roboflow/deeplearning/semai_1.pt (exists: no)
[26-Mar-2025 14:54:17 Europe/Berlin] Upload path: C:/xampp/htdocs/ds_min-main/output/detect_3/raw__DSC1432.JPG (exists: yes)
[26-Mar-2025 14:54:17 Europe/Berlin] Results dir: C:/xampp/htdocs/ds_min-main/results (exists: yes)
[26-Mar-2025 14:54:17 Europe/Berlin] Starting detection process...
[26-Mar-2025 14:54:17 Europe/Berlin] Executing command: cd "C:\xampp\htdocs\ds_min-main" && "C:\Users\syauqiarham\anaconda3\python.exe" "C:\Users\Jasmine Tasmara\AppData\Local\Temp\det6242.tmp.py" 2>&1
[26-Mar-2025 14:54:17 Europe/Berlin] Command output:
The system cannot find the path specified.
[26-Mar-2025 14:54:17 Europe/Berlin] Return code: 1
[26-Mar-2025 14:54:17 Europe/Berlin] Error processing image. Return code: 1
[26-Mar-2025 14:54:25 Europe/Berlin] File uploaded successfully to: C:\xampp\htdocs\ds_min-main/output/detect_4/raw__DSC1432.JPG
[26-Mar-2025 14:54:25 Europe/Berlin] Selected model: combined
[26-Mar-2025 14:54:25 Europe/Berlin] Model path: C:/xampp/htdocs/ds_min-main/pg/roboflow/deeplearning/semai_1.pt (exists: no)
[26-Mar-2025 14:54:25 Europe/Berlin] Upload path: C:/xampp/htdocs/ds_min-main/output/detect_4/raw__DSC1432.JPG (exists: yes)
[26-Mar-2025 14:54:25 Europe/Berlin] Results dir: C:/xampp/htdocs/ds_min-main/results (exists: yes)
[26-Mar-2025 14:54:25 Europe/Berlin] Starting detection process...
[26-Mar-2025 14:54:25 Europe/Berlin] Executing command: cd "C:\xampp\htdocs\ds_min-main" && "C:\Users\syauqiarham\anaconda3\python.exe" "C:\Users\Jasmine Tasmara\AppData\Local\Temp\det83B7.tmp.py" 2>&1
[26-Mar-2025 14:54:25 Europe/Berlin] Command output:
The system cannot find the path specified.
[26-Mar-2025 14:54:25 Europe/Berlin] Return code: 1
[26-Mar-2025 14:54:25 Europe/Berlin] Error processing image. Return code: 1
[26-Mar-2025 14:54:28 Europe/Berlin] File uploaded successfully to: C:\xampp\htdocs\ds_min-main/output/detect_5/raw__DSC1432.JPG
[26-Mar-2025 14:54:28 Europe/Berlin] Selected model: combined
[26-Mar-2025 14:54:28 Europe/Berlin] Model path: C:/xampp/htdocs/ds_min-main/pg/roboflow/deeplearning/semai_1.pt (exists: no)
[26-Mar-2025 14:54:28 Europe/Berlin] Upload path: C:/xampp/htdocs/ds_min-main/output/detect_5/raw__DSC1432.JPG (exists: yes)
[26-Mar-2025 14:54:28 Europe/Berlin] Results dir: C:/xampp/htdocs/ds_min-main/results (exists: yes)
[26-Mar-2025 14:54:28 Europe/Berlin] Starting detection process...
[26-Mar-2025 14:54:28 Europe/Berlin] Executing command: cd "C:\xampp\htdocs\ds_min-main" && "C:\Users\syauqiarham\anaconda3\python.exe" "C:\Users\Jasmine Tasmara\AppData\Local\Temp\det8FAF.tmp.py" 2>&1
[26-Mar-2025 14:54:28 Europe/Berlin] Command output:
The system cannot find the path specified.
[26-Mar-2025 14:54:28 Europe/Berlin] Return code: 1
[26-Mar-2025 14:54:28 Europe/Berlin] Error processing image. Return code: 1
[26-Mar-2025 14:54:35 Europe/Berlin] File uploaded successfully to: C:\xampp\htdocs\ds_min-main/output/detect_6/raw__DSC1432.JPG
[26-Mar-2025 14:54:35 Europe/Berlin] Selected model: ripeness
[26-Mar-2025 14:54:35 Europe/Berlin] Model path: C:/xampp/htdocs/ds_min-main/pg/deeplearning/ripeness.pt (exists: yes)
[26-Mar-2025 14:54:35 Europe/Berlin] Upload path: C:/xampp/htdocs/ds_min-main/output/detect_6/raw__DSC1432.JPG (exists: yes)
[26-Mar-2025 14:54:35 Europe/Berlin] Results dir: C:/xampp/htdocs/ds_min-main/results (exists: yes)
[26-Mar-2025 14:54:35 Europe/Berlin] Starting detection process...
[26-Mar-2025 14:54:35 Europe/Berlin] Executing command: cd "C:\xampp\htdocs\ds_min-main" && "C:\Users\syauqiarham\anaconda3\python.exe" "C:\Users\Jasmine Tasmara\AppData\Local\Temp\detA906.tmp.py" 2>&1
[26-Mar-2025 14:54:35 Europe/Berlin] Command output:
The system cannot find the path specified.
[26-Mar-2025 14:54:35 Europe/Berlin] Return code: 1
[26-Mar-2025 14:54:35 Europe/Berlin] Error processing image. Return code: 1
[26-Mar-2025 14:54:37 Europe/Berlin] File uploaded successfully to: C:\xampp\htdocs\ds_min-main/output/detect_7/raw__DSC1432.JPG
[26-Mar-2025 14:54:37 Europe/Berlin] Selected model: combined
[26-Mar-2025 14:54:37 Europe/Berlin] Model path: C:/xampp/htdocs/ds_min-main/pg/roboflow/deeplearning/semai_1.pt (exists: no)
[26-Mar-2025 14:54:37 Europe/Berlin] Upload path: C:/xampp/htdocs/ds_min-main/output/detect_7/raw__DSC1432.JPG (exists: yes)
[26-Mar-2025 14:54:37 Europe/Berlin] Results dir: C:/xampp/htdocs/ds_min-main/results (exists: yes)
[26-Mar-2025 14:54:37 Europe/Berlin] Starting detection process...
[26-Mar-2025 14:54:37 Europe/Berlin] Executing command: cd "C:\xampp\htdocs\ds_min-main" && "C:\Users\syauqiarham\anaconda3\python.exe" "C:\Users\Jasmine Tasmara\AppData\Local\Temp\detB3E5.tmp.py" 2>&1
[26-Mar-2025 14:54:38 Europe/Berlin] Command output:
The system cannot find the path specified.
[26-Mar-2025 14:54:38 Europe/Berlin] Return code: 1
[26-Mar-2025 14:54:38 Europe/Berlin] Error processing image. Return code: 1
[26-Mar-2025 15:01:31 Europe/Berlin] File uploaded successfully to: C:\xampp\htdocs\ds_min-main/output/detect_8/raw__DSC1494.JPG
[26-Mar-2025 15:01:31 Europe/Berlin] Selected model: combined
[26-Mar-2025 15:01:31 Europe/Berlin] Model path: C:/xampp/htdocs/ds_min-main/pg/deeplearning/chili_yolov8.pt (exists: yes)
[26-Mar-2025 15:01:31 Europe/Berlin] Upload path: C:/xampp/htdocs/ds_min-main/output/detect_8/raw__DSC1494.JPG (exists: yes)
[26-Mar-2025 15:01:31 Europe/Berlin] Results dir: C:/xampp/htdocs/ds_min-main/results (exists: yes)
[26-Mar-2025 15:01:31 Europe/Berlin] Starting detection process...
[26-Mar-2025 15:01:31 Europe/Berlin] Executing command: cd "C:\xampp\htdocs\ds_min-main" && "C:/Users/Jasmine Tasmara/AppData/Local/Programs/Python/Python38/python.exe" "C:\Users\Jasmine Tasmara\AppData\Local\Temp\det287.tmp.py" 2>&1
[26-Mar-2025 15:02:50 Europe/Berlin] Command output:
Model path: C:/xampp/htdocs/ds_min-main/pg/deeplearning/chili_yolov8.pt (exists: True)
Upload path: C:/xampp/htdocs/ds_min-main/output/detect_8/raw__DSC1494.JPG (exists: True)
Results dir: C:/xampp/htdocs/ds_min-main/output/detect_8 (exists: True)
Using HSV ranges:
Range 1: H=[155-255], S=[160-240], V=[160-255]
Range 2: H=[0-30], S=[160-240], V=[160-255]
Starting detection process...

image 1/1 C:\xampp\htdocs\ds_min-main\output\detect_8\raw__DSC1494.JPG: 640x448 44 cotyledon_appears, 28 germinated_seeds, 15 not_germinateds, 2264.1ms
Speed: 70.6ms preprocess, 2264.1ms inference, 24.1ms postprocess per image at shape (1, 3, 640, 448)
Saved cropped cotyledon_appear to: C:/xampp/htdocs/ds_min-main/output/detect_8\cotyledon_appear_1_1_crop_1742997691.jpg
Processed detection 1.1: cotyledon_appear (conf: 0.88)
Saved cropped cotyledon_appear to: C:/xampp/htdocs/ds_min-main/output/detect_8\cotyledon_appear_1_2_crop_1742997691.jpg
Processed detection 1.2: cotyledon_appear (conf: 0.87)
Saved cropped cotyledon_appear to: C:/xampp/htdocs/ds_min-main/output/detect_8\cotyledon_appear_1_3_crop_1742997691.jpg
Processed detection 1.3: cotyledon_appear (conf: 0.86)
Saved cropped cotyledon_appear to: C:/xampp/htdocs/ds_min-main/output/detect_8\cotyledon_appear_1_4_crop_1742997691.jpg
Processed detection 1.4: cotyledon_appear (conf: 0.85)
Saved cropped cotyledon_appear to: C:/xampp/htdocs/ds_min-main/output/detect_8\cotyledon_appear_1_5_crop_1742997691.jpg
Processed detection 1.5: cotyledon_appear (conf: 0.85)
Saved cropped germinated_seed to: C:/xampp/htdocs/ds_min-main/output/detect_8\germinated_seed_1_6_crop_1742997691.jpg
Processed detection 1.6: germinated_seed (conf: 0.85)
Saved cropped cotyledon_appear to: C:/xampp/htdocs/ds_min-main/output/detect_8\cotyledon_appear_1_7_crop_1742997691.jpg
Processed detection 1.7: cotyledon_appear (conf: 0.85)
Saved cropped cotyledon_appear to: C:/xampp/htdocs/ds_min-main/output/detect_8\cotyledon_appear_1_8_crop_1742997691.jpg
Processed detection 1.8: cotyledon_appear (conf: 0.84)
Saved cropped cotyledon_appear to: C:/xampp/htdocs/ds_min-main/output/detect_8\cotyledon_appear_1_9_crop_1742997691.jpg
Processed detection 1.9: cotyledon_appear (conf: 0.84)
Saved cropped cotyledon_appear to: C:/xampp/htdocs/ds_min-main/output/detect_8\cotyledon_appear_1_10_crop_1742997691.jpg
Processed detection 1.10: cotyledon_appear (conf: 0.84)
Saved cropped germinated_seed to: C:/xampp/htdocs/ds_min-main/output/detect_8\germinated_seed_1_11_crop_1742997691.jpg
Processed detection 1.11: germinated_seed (conf: 0.84)
Saved cropped cotyledon_appear to: C:/xampp/htdocs/ds_min-main/output/detect_8\cotyledon_appear_1_12_crop_1742997691.jpg
Processed detection 1.12: cotyledon_appear (conf: 0.83)
Saved cropped cotyledon_appear to: C:/xampp/htdocs/ds_min-main/output/detect_8\cotyledon_appear_1_13_crop_1742997691.jpg
Processed detection 1.13: cotyledon_appear (conf: 0.83)
Saved cropped cotyledon_appear to: C:/xampp/htdocs/ds_min-main/output/detect_8\cotyledon_appear_1_14_crop_1742997691.jpg
Processed detection 1.14: cotyledon_appear (conf: 0.83)
Saved cropped cotyledon_appear to: C:/xampp/htdocs/ds_min-main/output/detect_8\cotyledon_appear_1_15_crop_1742997691.jpg
Processed detection 1.15: cotyledon_appear (conf: 0.82)
Saved cropped cotyledon_appear to: C:/xampp/htdocs/ds_min-main/output/detect_8\cotyledon_appear_1_16_crop_1742997691.jpg
Processed detection 1.16: cotyledon_appear (conf: 0.81)
Saved cropped cotyledon_appear to: C:/xampp/htdocs/ds_min-main/output/detect_8\cotyledon_appear_1_17_crop_1742997691.jpg
Processed detection 1.17: cotyledon_appear (conf: 0.81)
Saved cropped not_germinated to: C:/xampp/htdocs/ds_min-main/output/detect_8\not_germinated_1_18_crop_1742997691.jpg
Processed detection 1.18: not_germinated (conf: 0.81)
Saved cropped cotyledon_appear to: C:/xampp/htdocs/ds_min-main/output/detect_8\cotyledon_appear_1_19_crop_1742997691.jpg
Processed detection 1.19: cotyledon_appear (conf: 0.81)
Saved cropped cotyledon_appear to: C:/xampp/htdocs/ds_min-main/output/detect_8\cotyledon_appear_1_20_crop_1742997691.jpg
Processed detection 1.20: cotyledon_appear (conf: 0.81)
Saved cropped cotyledon_appear to: C:/xampp/htdocs/ds_min-main/output/detect_8\cotyledon_appear_1_21_crop_1742997691.jpg
Processed detection 1.21: cotyledon_appear (conf: 0.81)
Saved cropped cotyledon_appear to: C:/xampp/htdocs/ds_min-main/output/detect_8\cotyledon_appear_1_22_crop_1742997691.jpg
Processed detection 1.22: cotyledon_appear (conf: 0.80)
Saved cropped cotyledon_appear to: C:/xampp/htdocs/ds_min-main/output/detect_8\cotyledon_appear_1_23_crop_1742997691.jpg
Processed detection 1.23: cotyledon_appear (conf: 0.80)
Saved cropped germinated_seed to: C:/xampp/htdocs/ds_min-main/output/detect_8\germinated_seed_1_24_crop_1742997691.jpg
Processed detection 1.24: germinated_seed (conf: 0.79)
Saved cropped germinated_seed to: C:/xampp/htdocs/ds_min-main/output/detect_8\germinated_seed_1_25_crop_1742997691.jpg
Processed detection 1.25: germinated_seed (conf: 0.79)
Saved cropped cotyledon_appear to: C:/xampp/htdocs/ds_min-main/output/detect_8\cotyledon_appear_1_26_crop_1742997691.jpg
Processed detection 1.26: cotyledon_appear (conf: 0.78)
Saved cropped cotyledon_appear to: C:/xampp/htdocs/ds_min-main/output/detect_8\cotyledon_appear_1_27_crop_1742997691.jpg
Processed detection 1.27: cotyledon_appear (conf: 0.78)
Saved cropped cotyledon_appear to: C:/xampp/htdocs/ds_min-main/output/detect_8\cotyledon_appear_1_28_crop_1742997691.jpg
Processed detection 1.28: cotyledon_appear (conf: 0.78)
Saved cropped cotyledon_appear to: C:/xampp/htdocs/ds_min-main/output/detect_8\cotyledon_appear_1_29_crop_1742997691.jpg
Processed detection 1.29: cotyledon_appear (conf: 0.77)
Saved cropped cotyledon_appear to: C:/xampp/htdocs/ds_min-main/output/detect_8\cotyledon_appear_1_30_crop_1742997691.jpg
Processed detection 1.30: cotyledon_appear (conf: 0.77)
Saved cropped not_germinated to: C:/xampp/htdocs/ds_min-main/output/detect_8\not_germinated_1_31_crop_1742997691.jpg
Processed detection 1.31: not_germinated (conf: 0.76)
Saved cropped cotyledon_appear to: C:/xampp/htdocs/ds_min-main/output/detect_8\cotyledon_appear_1_32_crop_1742997691.jpg
Processed detection 1.32: cotyledon_appear (conf: 0.76)
Saved cropped germinated_seed to: C:/xampp/htdocs/ds_min-main/output/detect_8\germinated_seed_1_33_crop_1742997691.jpg
Processed detection 1.33: germinated_seed (conf: 0.75)
Saved cropped cotyledon_appear to: C:/xampp/htdocs/ds_min-main/output/detect_8\cotyledon_appear_1_34_crop_1742997691.jpg
Processed detection 1.34: cotyledon_appear (conf: 0.75)
Saved cropped germinated_seed to: C:/xampp/htdocs/ds_min-main/output/detect_8\germinated_seed_1_35_crop_1742997691.jpg
Processed detection 1.35: germinated_seed (conf: 0.75)
Saved cropped cotyledon_appear to: C:/xampp/htdocs/ds_min-main/output/detect_8\cotyledon_appear_1_36_crop_1742997691.jpg
Processed detection 1.36: cotyledon_appear (conf: 0.74)
Saved cropped cotyledon_appear to: C:/xampp/htdocs/ds_min-main/output/detect_8\cotyledon_appear_1_37_crop_1742997691.jpg
Processed detection 1.37: cotyledon_appear (conf: 0.74)
Saved cropped not_germinated to: C:/xampp/htdocs/ds_min-main/output/detect_8\not_germinated_1_38_crop_1742997691.jpg
Processed detection 1.38: not_germinated (conf: 0.74)
Saved cropped cotyledon_appear to: C:/xampp/htdocs/ds_min-main/output/detect_8\cotyledon_appear_1_39_crop_1742997691.jpg
Processed detection 1.39: cotyledon_appear (conf: 0.72)
Saved cropped cotyledon_appear to: C:/xampp/htdocs/ds_min-main/output/detect_8\cotyledon_appear_1_40_crop_1742997691.jpg
Processed detection 1.40: cotyledon_appear (conf: 0.72)
Saved cropped cotyledon_appear to: C:/xampp/htdocs/ds_min-main/output/detect_8\cotyledon_appear_1_41_crop_1742997691.jpg
Processed detection 1.41: cotyledon_appear (conf: 0.72)
Saved cropped germinated_seed to: C:/xampp/htdocs/ds_min-main/output/detect_8\germinated_seed_1_42_crop_1742997691.jpg
Processed detection 1.42: germinated_seed (conf: 0.72)
Saved cropped germinated_seed to: C:/xampp/htdocs/ds_min-main/output/detect_8\germinated_seed_1_43_crop_1742997691.jpg
Processed detection 1.43: germinated_seed (conf: 0.71)
Saved cropped cotyledon_appear to: C:/xampp/htdocs/ds_min-main/output/detect_8\cotyledon_appear_1_44_crop_1742997691.jpg
Processed detection 1.44: cotyledon_appear (conf: 0.71)
Saved cropped germinated_seed to: C:/xampp/htdocs/ds_min-main/output/detect_8\germinated_seed_1_45_crop_1742997691.jpg
Processed detection 1.45: germinated_seed (conf: 0.70)
Saved cropped not_germinated to: C:/xampp/htdocs/ds_min-main/output/detect_8\not_germinated_1_46_crop_1742997691.jpg
Processed detection 1.46: not_germinated (conf: 0.69)
Saved cropped germinated_seed to: C:/xampp/htdocs/ds_min-main/output/detect_8\germinated_seed_1_47_crop_1742997691.jpg
Processed detection 1.47: germinated_seed (conf: 0.69)
Saved cropped cotyledon_appear to: C:/xampp/htdocs/ds_min-main/output/detect_8\cotyledon_appear_1_48_crop_1742997691.jpg
Processed detection 1.48: cotyledon_appear (conf: 0.69)
Saved cropped cotyledon_appear to: C:/xampp/htdocs/ds_min-main/output/detect_8\cotyledon_appear_1_49_crop_1742997691.jpg
Processed detection 1.49: cotyledon_appear (conf: 0.69)
Saved cropped cotyledon_appear to: C:/xampp/htdocs/ds_min-main/output/detect_8\cotyledon_appear_1_50_crop_1742997691.jpg
Processed detection 1.50: cotyledon_appear (conf: 0.69)
Saved cropped germinated_seed to: C:/xampp/htdocs/ds_min-main/output/detect_8\germinated_seed_1_51_crop_1742997691.jpg
Processed detection 1.51: germinated_seed (conf: 0.68)
Saved cropped germinated_seed to: C:/xampp/htdocs/ds_min-main/output/detect_8\germinated_seed_1_52_crop_1742997691.jpg
Processed detection 1.52: germinated_seed (conf: 0.68)
Saved cropped cotyledon_appear to: C:/xampp/htdocs/ds_min-main/output/detect_8\cotyledon_appear_1_53_crop_1742997691.jpg
Processed detection 1.53: cotyledon_appear (conf: 0.68)
Saved cropped germinated_seed to: C:/xampp/htdocs/ds_min-main/output/detect_8\germinated_seed_1_54_crop_1742997691.jpg
Processed detection 1.54: germinated_seed (conf: 0.66)
Saved cropped cotyledon_appear to: C:/xampp/htdocs/ds_min-main/output/detect_8\cotyledon_appear_1_55_crop_1742997691.jpg
Processed detection 1.55: cotyledon_appear (conf: 0.66)
Saved cropped not_germinated to: C:/xampp/htdocs/ds_min-main/output/detect_8\not_germinated_1_56_crop_1742997691.jpg
Processed detection 1.56: not_germinated (conf: 0.66)
Saved cropped germinated_seed to: C:/xampp/htdocs/ds_min-main/output/detect_8\germinated_seed_1_57_crop_1742997691.jpg
Processed detection 1.57: germinated_seed (conf: 0.65)
Saved cropped cotyledon_appear to: C:/xampp/htdocs/ds_min-main/output/detect_8\cotyledon_appear_1_58_crop_1742997691.jpg
Processed detection 1.58: cotyledon_appear (conf: 0.65)
Saved cropped germinated_seed to: C:/xampp/htdocs/ds_min-main/output/detect_8\germinated_seed_1_59_crop_1742997691.jpg
Processed detection 1.59: germinated_seed (conf: 0.64)
Saved cropped germinated_seed to: C:/xampp/htdocs/ds_min-main/output/detect_8\germinated_seed_1_60_crop_1742997691.jpg
Processed detection 1.60: germinated_seed (conf: 0.63)
Saved cropped not_germinated to: C:/xampp/htdocs/ds_min-main/output/detect_8\not_germinated_1_61_crop_1742997691.jpg
Processed detection 1.61: not_germinated (conf: 0.63)
Saved cropped germinated_seed to: C:/xampp/htdocs/ds_min-main/output/detect_8\germinated_seed_1_62_crop_1742997691.jpg
Processed detection 1.62: germinated_seed (conf: 0.62)
Saved cropped germinated_seed to: C:/xampp/htdocs/ds_min-main/output/detect_8\germinated_seed_1_63_crop_1742997691.jpg
Processed detection 1.63: germinated_seed (conf: 0.62)
Saved cropped cotyledon_appear to: C:/xampp/htdocs/ds_min-main/output/detect_8\cotyledon_appear_1_64_crop_1742997691.jpg
Processed detection 1.64: cotyledon_appear (conf: 0.61)
Saved cropped germinated_seed to: C:/xampp/htdocs/ds_min-main/output/detect_8\germinated_seed_1_65_crop_1742997691.jpg
Processed detection 1.65: germinated_seed (conf: 0.60)
Saved cropped not_germinated to: C:/xampp/htdocs/ds_min-main/output/detect_8\not_germinated_1_66_crop_1742997691.jpg
Processed detection 1.66: not_germinated (conf: 0.60)
Saved cropped not_germinated to: C:/xampp/htdocs/ds_min-main/output/detect_8\not_germinated_1_67_crop_1742997691.jpg
Processed detection 1.67: not_germinated (conf: 0.59)
Saved cropped germinated_seed to: C:/xampp/htdocs/ds_min-main/output/detect_8\germinated_seed_1_68_crop_1742997691.jpg
Processed detection 1.68: germinated_seed (conf: 0.58)
Saved cropped germinated_seed to: C:/xampp/htdocs/ds_min-main/output/detect_8\germinated_seed_1_69_crop_1742997691.jpg
Processed detection 1.69: germinated_seed (conf: 0.54)
Saved cropped cotyledon_appear to: C:/xampp/htdocs/ds_min-main/output/detect_8\cotyledon_appear_1_70_crop_1742997691.jpg
Processed detection 1.70: cotyledon_appear (conf: 0.52)
Saved cropped germinated_seed to: C:/xampp/htdocs/ds_min-main/output/detect_8\germinated_seed_1_71_crop_1742997691.jpg
Processed detection 1.71: germinated_seed (conf: 0.51)
Saved cropped germinated_seed to: C:/xampp/htdocs/ds_min-main/output/detect_8\germinated_seed_1_72_crop_1742997691.jpg
Processed detection 1.72: germinated_seed (conf: 0.51)
Saved cropped not_germinated to: C:/xampp/htdocs/ds_min-main/output/detect_8\not_germinated_1_73_crop_1742997691.jpg
Processed detection 1.73: not_germinated (conf: 0.50)
Saved cropped not_germinated to: C:/xampp/htdocs/ds_min-main/output/detect_8\not_germinated_1_74_crop_1742997691.jpg
Processed detection 1.74: not_germinated (conf: 0.49)
Saved cropped not_germinated to: C:/xampp/htdocs/ds_min-main/output/detect_8\not_germinated_1_75_crop_1742997691.jpg
Processed detection 1.75: not_germinated (conf: 0.47)
Saved cropped cotyledon_appear to: C:/xampp/htdocs/ds_min-main/output/detect_8\cotyledon_appear_1_76_crop_1742997691.jpg
Processed detection 1.76: cotyledon_appear (conf: 0.47)
Saved cropped germinated_seed to: C:/xampp/htdocs/ds_min-main/output/detect_8\germinated_seed_1_77_crop_1742997691.jpg
Processed detection 1.77: germinated_seed (conf: 0.47)
Saved cropped germinated_seed to: C:/xampp/htdocs/ds_min-main/output/detect_8\germinated_seed_1_78_crop_1742997691.jpg
Processed detection 1.78: germinated_seed (conf: 0.45)
Saved cropped not_germinated to: C:/xampp/htdocs/ds_min-main/output/detect_8\not_germinated_1_79_crop_1742997691.jpg
Processed detection 1.79: not_germinated (conf: 0.42)
Saved cropped germinated_seed to: C:/xampp/htdocs/ds_min-main/output/detect_8\germinated_seed_1_80_crop_1742997691.jpg
Processed detection 1.80: germinated_seed (conf: 0.42)
Saved cropped not_germinated to: C:/xampp/htdocs/ds_min-main/output/detect_8\not_germinated_1_81_crop_1742997691.jpg
Processed detection 1.81: not_germinated (conf: 0.40)
Saved cropped not_germinated to: C:/xampp/htdocs/ds_min-main/output/detect_8\not_germinated_1_82_crop_1742997691.jpg
Processed detection 1.82: not_germinated (conf: 0.40)
Saved cropped cotyledon_appear to: C:/xampp/htdocs/ds_min-main/output/detect_8\cotyledon_appear_1_83_crop_1742997691.jpg
Processed detection 1.83: cotyledon_appear (conf: 0.40)
Saved cropped cotyledon_appear to: C:/xampp/htdocs/ds_min-main/output/detect_8\cotyledon_appear_1_84_crop_1742997691.jpg
Processed detection 1.84: cotyledon_appear (conf: 0.40)
Saved cropped germinated_seed to: C:/xampp/htdocs/ds_min-main/output/detect_8\germinated_seed_1_85_crop_1742997691.jpg
Processed detection 1.85: germinated_seed (conf: 0.38)
Saved cropped not_germinated to: C:/xampp/htdocs/ds_min-main/output/detect_8\not_germinated_1_86_crop_1742997691.jpg
Processed detection 1.86: not_germinated (conf: 0.36)
Saved cropped germinated_seed to: C:/xampp/htdocs/ds_min-main/output/detect_8\germinated_seed_1_87_crop_1742997691.jpg
Processed detection 1.87: germinated_seed (conf: 0.28)
Saved detection results to: C:/xampp/htdocs/ds_min-main/output/detect_8\1742997691_detections.json
Saved result visualization to: C:/xampp/htdocs/ds_min-main/output/detect_8\1742997691_result.jpg
Detection complete. Found 87 objects.
DETECTION_RESULTS_START
{"timestamp": "1742997691", "detections": [{"id": 1, "class": "cotyledon_appear", "confidence": 87.99, "bbox": {"x1": 2181, "y1": 4053, "x2": 2601, "y2": 4454, "width": 419, "height": 400}, "crop_image": "cotyledon_appear_1_1_crop_1742997691.jpg"}, {"id": 2, "class": "cotyledon_appear", "confidence": 87.22, "bbox": {"x1": 2120, "y1": 1124, "x2": 2527, "y2": 1512, "width": 407, "height": 388}, "crop_image": "cotyledon_appear_1_2_crop_1742997691.jpg"}, {"id": 3, "class": "cotyledon_appear", "confidence": 85.72, "bbox": {"x1": 1675, "y1": 4047, "x2": 2095, "y2": 4434, "width": 420, "height": 386}, "crop_image": "cotyledon_appear_1_3_crop_1742997691.jpg"}, {"id": 4, "class": "cotyledon_appear", "confidence": 85.33, "bbox": {"x1": 2613, "y1": 1061, "x2": 2997, "y2": 1470, "width": 383, "height": 409}, "crop_image": "cotyledon_appear_1_4_crop_1742997691.jpg"}, {"id": 5, "class": "cotyledon_appear", "confidence": 85.02, "bbox": {"x1": 2632, "y1": 2040, "x2": 3024, "y2": 2432, "width": 391, "height": 392}, "crop_image": "cotyledon_appear_1_5_crop_1742997691.jpg"}, {"id": 6, "class": "germinated_seed", "confidence": 84.77, "bbox": {"x1": 2098, "y1": 224, "x2": 2495, "y2": 590, "width": 396, "height": 366}, "crop_image": "germinated_seed_1_6_crop_1742997691.jpg"}, {"id": 7, "class": "cotyledon_appear", "confidence": 84.76, "bbox": {"x1": 695, "y1": 4034, "x2": 1098, "y2": 4427, "width": 403, "height": 392}, "crop_image": "cotyledon_appear_1_7_crop_1742997691.jpg"}, {"id": 8, "class": "cotyledon_appear", "confidence": 84.18, "bbox": {"x1": 1181, "y1": 4034, "x2": 1559, "y2": 4471, "width": 378, "height": 436}, "crop_image": "cotyledon_appear_1_8_crop_1742997691.jpg"}, {"id": 9, "class": "cotyledon_appear", "confidence": 84.12, "bbox": {"x1": 2659, "y1": 3540, "x2": 3057, "y2": 3931, "width": 397, "height": 391}, "crop_image": "cotyledon_appear_1_9_crop_1742997691.jpg"}, {"id": 10, "class": "cotyledon_appear", "confidence": 84.0, "bbox": {"x1": 186, "y1": 4026, "x2": 593, "y2": 4396, "width": 406, "height": 369}, "crop_image": "cotyledon_appear_1_10_crop_1742997691.jpg"}, {"id": 11, "class": "germinated_seed", "confidence": 83.58, "bbox": {"x1": 1640, "y1": 663, "x2": 2019, "y2": 1064, "width": 379, "height": 400}, "crop_image": "germinated_seed_1_11_crop_1742997691.jpg"}, {"id": 12, "class": "cotyledon_appear", "confidence": 83.26, "bbox": {"x1": 2667, "y1": 3063, "x2": 3084, "y2": 3435, "width": 416, "height": 372}, "crop_image": "cotyledon_appear_1_12_crop_1742997691.jpg"}, {"id": 13, "class": "cotyledon_appear", "confidence": 82.97, "bbox": {"x1": 699, "y1": 3553, "x2": 1072, "y2": 3928, "width": 373, "height": 374}, "crop_image": "cotyledon_appear_1_13_crop_1742997691.jpg"}, {"id": 14, "class": "cotyledon_appear", "confidence": 82.74, "bbox": {"x1": 1662, "y1": 1138, "x2": 2034, "y2": 1548, "width": 371, "height": 409}, "crop_image": "cotyledon_appear_1_14_crop_1742997691.jpg"}, {"id": 15, "class": "cotyledon_appear", "confidence": 82.2, "bbox": {"x1": 171, "y1": 2587, "x2": 594, "y2": 2957, "width": 423, "height": 370}, "crop_image": "cotyledon_appear_1_15_crop_1742997691.jpg"}, {"id": 16, "class": "cotyledon_appear", "confidence": 81.38, "bbox": {"x1": 3073, "y1": 626, "x2": 3512, "y2": 1007, "width": 438, "height": 380}, "crop_image": "cotyledon_appear_1_16_crop_1742997691.jpg"}, {"id": 17, "class": "cotyledon_appear", "confidence": 81.31, "bbox": {"x1": 1690, "y1": 3538, "x2": 2066, "y2": 3956, "width": 375, "height": 417}, "crop_image": "cotyledon_appear_1_17_crop_1742997691.jpg"}, {"id": 18, "class": "not_germinated", "confidence": 81.14, "bbox": {"x1": 183, "y1": 1613, "x2": 616, "y2": 1973, "width": 433, "height": 359}, "crop_image": "not_germinated_1_18_crop_1742997691.jpg"}, {"id": 19, "class": "cotyledon_appear", "confidence": 80.93, "bbox": {"x1": 1652, "y1": 1633, "x2": 2052, "y2": 1962, "width": 399, "height": 329}, "crop_image": "cotyledon_appear_1_19_crop_1742997691.jpg"}, {"id": 20, "class": "cotyledon_appear", "confidence": 80.92, "bbox": {"x1": 2188, "y1": 2063, "x2": 2543, "y2": 2441, "width": 354, "height": 377}, "crop_image": "cotyledon_appear_1_20_crop_1742997691.jpg"}, {"id": 21, "class": "cotyledon_appear", "confidence": 80.65, "bbox": {"x1": 3059, "y1": 150, "x2": 3486, "y2": 539, "width": 427, "height": 388}, "crop_image": "cotyledon_appear_1_21_crop_1742997691.jpg"}, {"id": 22, "class": "cotyledon_appear", "confidence": 80.17, "bbox": {"x1": 2585, "y1": 661, "x2": 2989, "y2": 1011, "width": 403, "height": 349}, "crop_image": "cotyledon_appear_1_22_crop_1742997691.jpg"}, {"id": 23, "class": "cotyledon_appear", "confidence": 79.71, "bbox": {"x1": 1190, "y1": 661, "x2": 1560, "y2": 1053, "width": 370, "height": 391}, "crop_image": "cotyledon_appear_1_23_crop_1742997691.jpg"}, {"id": 24, "class": "germinated_seed", "confidence": 79.01, "bbox": {"x1": 2635, "y1": 1614, "x2": 2994, "y2": 1977, "width": 358, "height": 362}, "crop_image": "germinated_seed_1_24_crop_1742997691.jpg"}, {"id": 25, "class": "germinated_seed", "confidence": 78.59, "bbox": {"x1": 1661, "y1": 2093, "x2": 2006, "y2": 2457, "width": 344, "height": 363}, "crop_image": "germinated_seed_1_25_crop_1742997691.jpg"}, {"id": 26, "class": "cotyledon_appear", "confidence": 78.1, "bbox": {"x1": 3157, "y1": 2527, "x2": 3602, "y2": 2927, "width": 444, "height": 400}, "crop_image": "cotyledon_appear_1_26_crop_1742997691.jpg"}, {"id": 27, "class": "cotyledon_appear", "confidence": 77.82, "bbox": {"x1": 2597, "y1": 124, "x2": 2989, "y2": 568, "width": 392, "height": 443}, "crop_image": "cotyledon_appear_1_27_crop_1742997691.jpg"}, {"id": 28, "class": "cotyledon_appear", "confidence": 77.7, "bbox": {"x1": 2183, "y1": 2571, "x2": 2566, "y2": 2945, "width": 383, "height": 373}, "crop_image": "cotyledon_appear_1_28_crop_1742997691.jpg"}, {"id": 29, "class": "cotyledon_appear", "confidence": 77.27, "bbox": {"x1": 1200, "y1": 3556, "x2": 1555, "y2": 3966, "width": 355, "height": 410}, "crop_image": "cotyledon_appear_1_29_crop_1742997691.jpg"}, {"id": 30, "class": "cotyledon_appear", "confidence": 76.81, "bbox": {"x1": 2147, "y1": 1599, "x2": 2585, "y2": 1951, "width": 437, "height": 351}, "crop_image": "cotyledon_appear_1_30_crop_1742997691.jpg"}, {"id": 31, "class": "not_germinated", "confidence": 76.1, "bbox": {"x1": 1648, "y1": 255, "x2": 2027, "y2": 602, "width": 379, "height": 347}, "crop_image": "not_germinated_1_31_crop_1742997691.jpg"}, {"id": 32, "class": "cotyledon_appear", "confidence": 76.0, "bbox": {"x1": 3157, "y1": 3544, "x2": 3562, "y2": 3945, "width": 404, "height": 401}, "crop_image": "cotyledon_appear_1_32_crop_1742997691.jpg"}, {"id": 33, "class": "germinated_seed", "confidence": 75.37, "bbox": {"x1": 2700, "y1": 4050, "x2": 3039, "y2": 4391, "width": 339, "height": 340}, "crop_image": "germinated_seed_1_33_crop_1742997691.jpg"}, {"id": 34, "class": "cotyledon_appear", "confidence": 75.17, "bbox": {"x1": 698, "y1": 1143, "x2": 1083, "y2": 1507, "width": 385, "height": 363}, "crop_image": "cotyledon_appear_1_34_crop_1742997691.jpg"}, {"id": 35, "class": "germinated_seed", "confidence": 74.9, "bbox": {"x1": 1162, "y1": 3092, "x2": 1533, "y2": 3461, "width": 370, "height": 369}, "crop_image": "germinated_seed_1_35_crop_1742997691.jpg"}, {"id": 36, "class": "cotyledon_appear", "confidence": 73.68, "bbox": {"x1": 3139, "y1": 2007, "x2": 3578, "y2": 2431, "width": 438, "height": 424}, "crop_image": "cotyledon_appear_1_36_crop_1742997691.jpg"}, {"id": 37, "class": "cotyledon_appear", "confidence": 73.61, "bbox": {"x1": 3164, "y1": 4053, "x2": 3557, "y2": 4455, "width": 392, "height": 401}, "crop_image": "cotyledon_appear_1_37_crop_1742997691.jpg"}, {"id": 38, "class": "not_germinated", "confidence": 73.6, "bbox": {"x1": 209, "y1": 2115, "x2": 607, "y2": 2475, "width": 398, "height": 359}, "crop_image": "not_germinated_1_38_crop_1742997691.jpg"}, {"id": 39, "class": "cotyledon_appear", "confidence": 72.22, "bbox": {"x1": 1659, "y1": 2527, "x2": 2027, "y2": 2950, "width": 367, "height": 422}, "crop_image": "cotyledon_appear_1_39_crop_1742997691.jpg"}, {"id": 40, "class": "cotyledon_appear", "confidence": 72.0, "bbox": {"x1": 2673, "y1": 5010, "x2": 3073, "y2": 5352, "width": 399, "height": 342}, "crop_image": "cotyledon_appear_1_40_crop_1742997691.jpg"}, {"id": 41, "class": "cotyledon_appear", "confidence": 71.87, "bbox": {"x1": 236, "y1": 1088, "x2": 615, "y2": 1523, "width": 378, "height": 435}, "crop_image": "cotyledon_appear_1_41_crop_1742997691.jpg"}, {"id": 42, "class": "germinated_seed", "confidence": 71.67, "bbox": {"x1": 689, "y1": 238, "x2": 1082, "y2": 583, "width": 392, "height": 345}, "crop_image": "germinated_seed_1_42_crop_1742997691.jpg"}, {"id": 43, "class": "germinated_seed", "confidence": 71.5, "bbox": {"x1": 1630, "y1": 3084, "x2": 2014, "y2": 3430, "width": 383, "height": 345}, "crop_image": "germinated_seed_1_43_crop_1742997691.jpg"}, {"id": 44, "class": "cotyledon_appear", "confidence": 71.2, "bbox": {"x1": 671, "y1": 3074, "x2": 1069, "y2": 3501, "width": 397, "height": 427}, "crop_image": "cotyledon_appear_1_44_crop_1742997691.jpg"}, {"id": 45, "class": "germinated_seed", "confidence": 69.99, "bbox": {"x1": 3156, "y1": 3055, "x2": 3545, "y2": 3423, "width": 389, "height": 367}, "crop_image": "germinated_seed_1_45_crop_1742997691.jpg"}, {"id": 46, "class": "not_germinated", "confidence": 69.15, "bbox": {"x1": 182, "y1": 4513, "x2": 595, "y2": 4906, "width": 412, "height": 392}, "crop_image": "not_germinated_1_46_crop_1742997691.jpg"}, {"id": 47, "class": "germinated_seed", "confidence": 68.95, "bbox": {"x1": 1212, "y1": 4519, "x2": 1574, "y2": 4877, "width": 361, "height": 357}, "crop_image": "germinated_seed_1_47_crop_1742997691.jpg"}, {"id": 48, "class": "cotyledon_appear", "confidence": 68.84, "bbox": {"x1": 1184, "y1": 5001, "x2": 1579, "y2": 5379, "width": 395, "height": 377}, "crop_image": "cotyledon_appear_1_48_crop_1742997691.jpg"}, {"id": 49, "class": "cotyledon_appear", "confidence": 68.81, "bbox": {"x1": 1201, "y1": 1633, "x2": 1555, "y2": 1990, "width": 353, "height": 357}, "crop_image": "cotyledon_appear_1_49_crop_1742997691.jpg"}, {"id": 50, "class": "cotyledon_appear", "confidence": 68.74, "bbox": {"x1": 682, "y1": 4516, "x2": 1089, "y2": 4912, "width": 406, "height": 396}, "crop_image": "cotyledon_appear_1_50_crop_1742997691.jpg"}, {"id": 51, "class": "germinated_seed", "confidence": 68.2, "bbox": {"x1": 684, "y1": 1625, "x2": 1055, "y2": 2000, "width": 371, "height": 374}, "crop_image": "germinated_seed_1_51_crop_1742997691.jpg"}, {"id": 52, "class": "germinated_seed", "confidence": 67.98, "bbox": {"x1": 1675, "y1": 4534, "x2": 2049, "y2": 4895, "width": 373, "height": 360}, "crop_image": "germinated_seed_1_52_crop_1742997691.jpg"}, {"id": 53, "class": "cotyledon_appear", "confidence": 67.57, "bbox": {"x1": 3180, "y1": 4533, "x2": 3575, "y2": 4936, "width": 394, "height": 402}, "crop_image": "cotyledon_appear_1_53_crop_1742997691.jpg"}, {"id": 54, "class": "germinated_seed", "confidence": 66.27, "bbox": {"x1": 706, "y1": 2606, "x2": 1071, "y2": 2960, "width": 365, "height": 353}, "crop_image": "germinated_seed_1_54_crop_1742997691.jpg"}, {"id": 55, "class": "cotyledon_appear", "confidence": 66.26, "bbox": {"x1": 2178, "y1": 4510, "x2": 2550, "y2": 4882, "width": 372, "height": 371}, "crop_image": "cotyledon_appear_1_55_crop_1742997691.jpg"}, {"id": 56, "class": "not_germinated", "confidence": 65.6, "bbox": {"x1": 1172, "y1": 1169, "x2": 1549, "y2": 1531, "width": 377, "height": 362}, "crop_image": "not_germinated_1_56_crop_1742997691.jpg"}, {"id": 57, "class": "germinated_seed", "confidence": 65.32, "bbox": {"x1": 690, "y1": 5007, "x2": 1085, "y2": 5357, "width": 394, "height": 349}, "crop_image": "germinated_seed_1_57_crop_1742997691.jpg"}, {"id": 58, "class": "cotyledon_appear", "confidence": 65.32, "bbox": {"x1": 2185, "y1": 4996, "x2": 2550, "y2": 5417, "width": 364, "height": 421}, "crop_image": "cotyledon_appear_1_58_crop_1742997691.jpg"}, {"id": 59, "class": "germinated_seed", "confidence": 64.14, "bbox": {"x1": 727, "y1": 2093, "x2": 1071, "y2": 2455, "width": 343, "height": 362}, "crop_image": "germinated_seed_1_59_crop_1742997691.jpg"}, {"id": 60, "class": "germinated_seed", "confidence": 62.91, "bbox": {"x1": 169, "y1": 3050, "x2": 600, "y2": 3442, "width": 430, "height": 392}, "crop_image": "germinated_seed_1_60_crop_1742997691.jpg"}, {"id": 61, "class": "not_germinated", "confidence": 62.82, "bbox": {"x1": 2627, "y1": 2589, "x2": 2981, "y2": 2947, "width": 353, "height": 358}, "crop_image": "not_germinated_1_61_crop_1742997691.jpg"}, {"id": 62, "class": "germinated_seed", "confidence": 62.2, "bbox": {"x1": 3093, "y1": 1097, "x2": 3504, "y2": 1475, "width": 410, "height": 378}, "crop_image": "germinated_seed_1_62_crop_1742997691.jpg"}, {"id": 63, "class": "germinated_seed", "confidence": 61.53, "bbox": {"x1": 2154, "y1": 3537, "x2": 2555, "y2": 3909, "width": 400, "height": 372}, "crop_image": "germinated_seed_1_63_crop_1742997691.jpg"}, {"id": 64, "class": "cotyledon_appear", "confidence": 61.39, "bbox": {"x1": 1149, "y1": 2096, "x2": 1584, "y2": 2465, "width": 435, "height": 369}, "crop_image": "cotyledon_appear_1_64_crop_1742997691.jpg"}, {"id": 65, "class": "germinated_seed", "confidence": 60.17, "bbox": {"x1": 184, "y1": 5010, "x2": 613, "y2": 5393, "width": 429, "height": 383}, "crop_image": "germinated_seed_1_65_crop_1742997691.jpg"}, {"id": 66, "class": "not_germinated", "confidence": 59.61, "bbox": {"x1": 695, "y1": 684, "x2": 1055, "y2": 1037, "width": 359, "height": 353}, "crop_image": "not_germinated_1_66_crop_1742997691.jpg"}, {"id": 67, "class": "not_germinated", "confidence": 58.59, "bbox": {"x1": 227, "y1": 680, "x2": 614, "y2": 1031, "width": 386, "height": 350}, "crop_image": "not_germinated_1_67_crop_1742997691.jpg"}, {"id": 68, "class": "germinated_seed", "confidence": 58.25, "bbox": {"x1": 2177, "y1": 3058, "x2": 2552, "y2": 3416, "width": 375, "height": 358}, "crop_image": "germinated_seed_1_68_crop_1742997691.jpg"}, {"id": 69, "class": "germinated_seed", "confidence": 54.02, "bbox": {"x1": 3112, "y1": 1582, "x2": 3506, "y2": 1939, "width": 394, "height": 357}, "crop_image": "germinated_seed_1_69_crop_1742997691.jpg"}, {"id": 70, "class": "cotyledon_appear", "confidence": 51.97, "bbox": {"x1": 221, "y1": 129, "x2": 618, "y2": 603, "width": 397, "height": 473}, "crop_image": "cotyledon_appear_1_70_crop_1742997691.jpg"}, {"id": 71, "class": "germinated_seed", "confidence": 51.05, "bbox": {"x1": 1702, "y1": 5010, "x2": 2037, "y2": 5317, "width": 335, "height": 307}, "crop_image": "germinated_seed_1_71_crop_1742997691.jpg"}, {"id": 72, "class": "germinated_seed", "confidence": 50.8, "bbox": {"x1": 676, "y1": 4514, "x2": 1096, "y2": 4913, "width": 419, "height": 399}, "crop_image": "germinated_seed_1_72_crop_1742997691.jpg"}, {"id": 73, "class": "not_germinated", "confidence": 50.19, "bbox": {"x1": 2130, "y1": 682, "x2": 2483, "y2": 1042, "width": 353, "height": 359}, "crop_image": "not_germinated_1_73_crop_1742997691.jpg"}, {"id": 74, "class": "not_germinated", "confidence": 48.76, "bbox": {"x1": 1177, "y1": 275, "x2": 1570, "y2": 595, "width": 393, "height": 320}, "crop_image": "not_germinated_1_74_crop_1742997691.jpg"}, {"id": 75, "class": "not_germinated", "confidence": 47.27, "bbox": {"x1": 2694, "y1": 4523, "x2": 3047, "y2": 4925, "width": 352, "height": 402}, "crop_image": "not_germinated_1_75_crop_1742997691.jpg"}, {"id": 76, "class": "cotyledon_appear", "confidence": 47.02, "bbox": {"x1": 2178, "y1": 3058, "x2": 2552, "y2": 3414, "width": 374, "height": 355}, "crop_image": "cotyledon_appear_1_76_crop_1742997691.jpg"}, {"id": 77, "class": "germinated_seed", "confidence": 46.58, "bbox": {"x1": 220, "y1": 132, "x2": 619, "y2": 606, "width": 398, "height": 473}, "crop_image": "germinated_seed_1_77_crop_1742997691.jpg"}, {"id": 78, "class": "germinated_seed", "confidence": 44.81, "bbox": {"x1": 1159, "y1": 2595, "x2": 1516, "y2": 2950, "width": 357, "height": 354}, "crop_image": "germinated_seed_1_78_crop_1742997691.jpg"}, {"id": 79, "class": "not_germinated", "confidence": 42.5, "bbox": {"x1": 159, "y1": 3584, "x2": 587, "y2": 3917, "width": 427, "height": 333}, "crop_image": "not_germinated_1_79_crop_1742997691.jpg"}, {"id": 80, "class": "germinated_seed", "confidence": 42.31, "bbox": {"x1": 164, "y1": 3578, "x2": 592, "y2": 3920, "width": 427, "height": 341}, "crop_image": "germinated_seed_1_80_crop_1742997691.jpg"}, {"id": 81, "class": "not_germinated", "confidence": 40.14, "bbox": {"x1": 193, "y1": 5010, "x2": 615, "y2": 5393, "width": 422, "height": 382}, "crop_image": "not_germinated_1_81_crop_1742997691.jpg"}, {"id": 82, "class": "not_germinated", "confidence": 39.97, "bbox": {"x1": 1157, "y1": 2599, "x2": 1519, "y2": 2953, "width": 361, "height": 353}, "crop_image": "not_germinated_1_82_crop_1742997691.jpg"}, {"id": 83, "class": "cotyledon_appear", "confidence": 39.8, "bbox": {"x1": 739, "y1": 2095, "x2": 1077, "y2": 2455, "width": 338, "height": 360}, "crop_image": "cotyledon_appear_1_83_crop_1742997691.jpg"}, {"id": 84, "class": "cotyledon_appear", "confidence": 39.69, "bbox": {"x1": 3092, "y1": 1101, "x2": 3507, "y2": 1475, "width": 414, "height": 373}, "crop_image": "cotyledon_appear_1_84_crop_1742997691.jpg"}, {"id": 85, "class": "germinated_seed", "confidence": 38.35, "bbox": {"x1": 1177, "y1": 277, "x2": 1570, "y2": 595, "width": 393, "height": 318}, "crop_image": "germinated_seed_1_85_crop_1742997691.jpg"}, {"id": 86, "class": "not_germinated", "confidence": 36.43, "bbox": {"x1": 3178, "y1": 5038, "x2": 3508, "y2": 5409, "width": 329, "height": 370}, "crop_image": "not_germinated_1_86_crop_1742997691.jpg"}, {"id": 87, "class": "germinated_seed", "confidence": 28.02, "bbox": {"x1": 3181, "y1": 5041, "x2": 3511, "y2": 5414, "width": 330, "height": 372}, "crop_image": "germinated_seed_1_87_crop_1742997691.jpg"}]}
DETECTION_RESULTS_END
[26-Mar-2025 15:02:50 Europe/Berlin] Return code: 0
[26-Mar-2025 15:02:50 Europe/Berlin] Processing line: Model path: C:/xampp/htdocs/ds_min-main/pg/deeplearning/chili_yolov8.pt (exists: True)
[26-Mar-2025 15:02:50 Europe/Berlin] Processing line: Upload path: C:/xampp/htdocs/ds_min-main/output/detect_8/raw__DSC1494.JPG (exists: True)
[26-Mar-2025 15:02:50 Europe/Berlin] Processing line: Results dir: C:/xampp/htdocs/ds_min-main/output/detect_8 (exists: True)
[26-Mar-2025 15:02:50 Europe/Berlin] Processing line: Using HSV ranges:
[26-Mar-2025 15:02:50 Europe/Berlin] Processing line: Range 1: H=[155-255], S=[160-240], V=[160-255]
[26-Mar-2025 15:02:50 Europe/Berlin] Processing line: Range 2: H=[0-30], S=[160-240], V=[160-255]
[26-Mar-2025 15:02:50 Europe/Berlin] Processing line: Starting detection process...
[26-Mar-2025 15:02:50 Europe/Berlin] Processing line: 
[26-Mar-2025 15:02:50 Europe/Berlin] Processing line: image 1/1 C:\xampp\htdocs\ds_min-main\output\detect_8\raw__DSC1494.JPG: 640x448 44 cotyledon_appears, 28 germinated_seeds, 15 not_germinateds, 2264.1ms
[26-Mar-2025 15:02:50 Europe/Berlin] Processing line: Speed: 70.6ms preprocess, 2264.1ms inference, 24.1ms postprocess per image at shape (1, 3, 640, 448)
[26-Mar-2025 15:02:50 Europe/Berlin] Processing line: Saved cropped cotyledon_appear to: C:/xampp/htdocs/ds_min-main/output/detect_8\cotyledon_appear_1_1_crop_1742997691.jpg
[26-Mar-2025 15:02:50 Europe/Berlin] Processing line: Processed detection 1.1: cotyledon_appear (conf: 0.88)
[26-Mar-2025 15:02:50 Europe/Berlin] Processing line: Saved cropped cotyledon_appear to: C:/xampp/htdocs/ds_min-main/output/detect_8\cotyledon_appear_1_2_crop_1742997691.jpg
[26-Mar-2025 15:02:50 Europe/Berlin] Processing line: Processed detection 1.2: cotyledon_appear (conf: 0.87)
[26-Mar-2025 15:02:50 Europe/Berlin] Processing line: Saved cropped cotyledon_appear to: C:/xampp/htdocs/ds_min-main/output/detect_8\cotyledon_appear_1_3_crop_1742997691.jpg
[26-Mar-2025 15:02:50 Europe/Berlin] Processing line: Processed detection 1.3: cotyledon_appear (conf: 0.86)
[26-Mar-2025 15:02:50 Europe/Berlin] Processing line: Saved cropped cotyledon_appear to: C:/xampp/htdocs/ds_min-main/output/detect_8\cotyledon_appear_1_4_crop_1742997691.jpg
[26-Mar-2025 15:02:50 Europe/Berlin] Processing line: Processed detection 1.4: cotyledon_appear (conf: 0.85)
[26-Mar-2025 15:02:50 Europe/Berlin] Processing line: Saved cropped cotyledon_appear to: C:/xampp/htdocs/ds_min-main/output/detect_8\cotyledon_appear_1_5_crop_1742997691.jpg
[26-Mar-2025 15:02:50 Europe/Berlin] Processing line: Processed detection 1.5: cotyledon_appear (conf: 0.85)
[26-Mar-2025 15:02:50 Europe/Berlin] Processing line: Saved cropped germinated_seed to: C:/xampp/htdocs/ds_min-main/output/detect_8\germinated_seed_1_6_crop_1742997691.jpg
[26-Mar-2025 15:02:50 Europe/Berlin] Processing line: Processed detection 1.6: germinated_seed (conf: 0.85)
[26-Mar-2025 15:02:50 Europe/Berlin] Processing line: Saved cropped cotyledon_appear to: C:/xampp/htdocs/ds_min-main/output/detect_8\cotyledon_appear_1_7_crop_1742997691.jpg
[26-Mar-2025 15:02:50 Europe/Berlin] Processing line: Processed detection 1.7: cotyledon_appear (conf: 0.85)
[26-Mar-2025 15:02:50 Europe/Berlin] Processing line: Saved cropped cotyledon_appear to: C:/xampp/htdocs/ds_min-main/output/detect_8\cotyledon_appear_1_8_crop_1742997691.jpg
[26-Mar-2025 15:02:50 Europe/Berlin] Processing line: Processed detection 1.8: cotyledon_appear (conf: 0.84)
[26-Mar-2025 15:02:50 Europe/Berlin] Processing line: Saved cropped cotyledon_appear to: C:/xampp/htdocs/ds_min-main/output/detect_8\cotyledon_appear_1_9_crop_1742997691.jpg
[26-Mar-2025 15:02:50 Europe/Berlin] Processing line: Processed detection 1.9: cotyledon_appear (conf: 0.84)
[26-Mar-2025 15:02:50 Europe/Berlin] Processing line: Saved cropped cotyledon_appear to: C:/xampp/htdocs/ds_min-main/output/detect_8\cotyledon_appear_1_10_crop_1742997691.jpg
[26-Mar-2025 15:02:50 Europe/Berlin] Processing line: Processed detection 1.10: cotyledon_appear (conf: 0.84)
[26-Mar-2025 15:02:50 Europe/Berlin] Processing line: Saved cropped germinated_seed to: C:/xampp/htdocs/ds_min-main/output/detect_8\germinated_seed_1_11_crop_1742997691.jpg
[26-Mar-2025 15:02:50 Europe/Berlin] Processing line: Processed detection 1.11: germinated_seed (conf: 0.84)
[26-Mar-2025 15:02:50 Europe/Berlin] Processing line: Saved cropped cotyledon_appear to: C:/xampp/htdocs/ds_min-main/output/detect_8\cotyledon_appear_1_12_crop_1742997691.jpg
[26-Mar-2025 15:02:50 Europe/Berlin] Processing line: Processed detection 1.12: cotyledon_appear (conf: 0.83)
[26-Mar-2025 15:02:50 Europe/Berlin] Processing line: Saved cropped cotyledon_appear to: C:/xampp/htdocs/ds_min-main/output/detect_8\cotyledon_appear_1_13_crop_1742997691.jpg
[26-Mar-2025 15:02:50 Europe/Berlin] Processing line: Processed detection 1.13: cotyledon_appear (conf: 0.83)
[26-Mar-2025 15:02:50 Europe/Berlin] Processing line: Saved cropped cotyledon_appear to: C:/xampp/htdocs/ds_min-main/output/detect_8\cotyledon_appear_1_14_crop_1742997691.jpg
[26-Mar-2025 15:02:50 Europe/Berlin] Processing line: Processed detection 1.14: cotyledon_appear (conf: 0.83)
[26-Mar-2025 15:02:50 Europe/Berlin] Processing line: Saved cropped cotyledon_appear to: C:/xampp/htdocs/ds_min-main/output/detect_8\cotyledon_appear_1_15_crop_1742997691.jpg
[26-Mar-2025 15:02:50 Europe/Berlin] Processing line: Processed detection 1.15: cotyledon_appear (conf: 0.82)
[26-Mar-2025 15:02:50 Europe/Berlin] Processing line: Saved cropped cotyledon_appear to: C:/xampp/htdocs/ds_min-main/output/detect_8\cotyledon_appear_1_16_crop_1742997691.jpg
[26-Mar-2025 15:02:50 Europe/Berlin] Processing line: Processed detection 1.16: cotyledon_appear (conf: 0.81)
[26-Mar-2025 15:02:50 Europe/Berlin] Processing line: Saved cropped cotyledon_appear to: C:/xampp/htdocs/ds_min-main/output/detect_8\cotyledon_appear_1_17_crop_1742997691.jpg
[26-Mar-2025 15:02:50 Europe/Berlin] Processing line: Processed detection 1.17: cotyledon_appear (conf: 0.81)
[26-Mar-2025 15:02:50 Europe/Berlin] Processing line: Saved cropped not_germinated to: C:/xampp/htdocs/ds_min-main/output/detect_8\not_germinated_1_18_crop_1742997691.jpg
[26-Mar-2025 15:02:50 Europe/Berlin] Processing line: Processed detection 1.18: not_germinated (conf: 0.81)
[26-Mar-2025 15:02:50 Europe/Berlin] Processing line: Saved cropped cotyledon_appear to: C:/xampp/htdocs/ds_min-main/output/detect_8\cotyledon_appear_1_19_crop_1742997691.jpg
[26-Mar-2025 15:02:50 Europe/Berlin] Processing line: Processed detection 1.19: cotyledon_appear (conf: 0.81)
[26-Mar-2025 15:02:50 Europe/Berlin] Processing line: Saved cropped cotyledon_appear to: C:/xampp/htdocs/ds_min-main/output/detect_8\cotyledon_appear_1_20_crop_1742997691.jpg
[26-Mar-2025 15:02:50 Europe/Berlin] Processing line: Processed detection 1.20: cotyledon_appear (conf: 0.81)
[26-Mar-2025 15:02:50 Europe/Berlin] Processing line: Saved cropped cotyledon_appear to: C:/xampp/htdocs/ds_min-main/output/detect_8\cotyledon_appear_1_21_crop_1742997691.jpg
[26-Mar-2025 15:02:50 Europe/Berlin] Processing line: Processed detection 1.21: cotyledon_appear (conf: 0.81)
[26-Mar-2025 15:02:50 Europe/Berlin] Processing line: Saved cropped cotyledon_appear to: C:/xampp/htdocs/ds_min-main/output/detect_8\cotyledon_appear_1_22_crop_1742997691.jpg
[26-Mar-2025 15:02:50 Europe/Berlin] Processing line: Processed detection 1.22: cotyledon_appear (conf: 0.80)
[26-Mar-2025 15:02:50 Europe/Berlin] Processing line: Saved cropped cotyledon_appear to: C:/xampp/htdocs/ds_min-main/output/detect_8\cotyledon_appear_1_23_crop_1742997691.jpg
[26-Mar-2025 15:02:50 Europe/Berlin] Processing line: Processed detection 1.23: cotyledon_appear (conf: 0.80)
[26-Mar-2025 15:02:50 Europe/Berlin] Processing line: Saved cropped germinated_seed to: C:/xampp/htdocs/ds_min-main/output/detect_8\germinated_seed_1_24_crop_1742997691.jpg
[26-Mar-2025 15:02:50 Europe/Berlin] Processing line: Processed detection 1.24: germinated_seed (conf: 0.79)
[26-Mar-2025 15:02:50 Europe/Berlin] Processing line: Saved cropped germinated_seed to: C:/xampp/htdocs/ds_min-main/output/detect_8\germinated_seed_1_25_crop_1742997691.jpg
[26-Mar-2025 15:02:50 Europe/Berlin] Processing line: Processed detection 1.25: germinated_seed (conf: 0.79)
[26-Mar-2025 15:02:50 Europe/Berlin] Processing line: Saved cropped cotyledon_appear to: C:/xampp/htdocs/ds_min-main/output/detect_8\cotyledon_appear_1_26_crop_1742997691.jpg
[26-Mar-2025 15:02:50 Europe/Berlin] Processing line: Processed detection 1.26: cotyledon_appear (conf: 0.78)
[26-Mar-2025 15:02:50 Europe/Berlin] Processing line: Saved cropped cotyledon_appear to: C:/xampp/htdocs/ds_min-main/output/detect_8\cotyledon_appear_1_27_crop_1742997691.jpg
[26-Mar-2025 15:02:50 Europe/Berlin] Processing line: Processed detection 1.27: cotyledon_appear (conf: 0.78)
[26-Mar-2025 15:02:50 Europe/Berlin] Processing line: Saved cropped cotyledon_appear to: C:/xampp/htdocs/ds_min-main/output/detect_8\cotyledon_appear_1_28_crop_1742997691.jpg
[26-Mar-2025 15:02:50 Europe/Berlin] Processing line: Processed detection 1.28: cotyledon_appear (conf: 0.78)
[26-Mar-2025 15:02:50 Europe/Berlin] Processing line: Saved cropped cotyledon_appear to: C:/xampp/htdocs/ds_min-main/output/detect_8\cotyledon_appear_1_29_crop_1742997691.jpg
[26-Mar-2025 15:02:50 Europe/Berlin] Processing line: Processed detection 1.29: cotyledon_appear (conf: 0.77)
[26-Mar-2025 15:02:50 Europe/Berlin] Processing line: Saved cropped cotyledon_appear to: C:/xampp/htdocs/ds_min-main/output/detect_8\cotyledon_appear_1_30_crop_1742997691.jpg
[26-Mar-2025 15:02:50 Europe/Berlin] Processing line: Processed detection 1.30: cotyledon_appear (conf: 0.77)
[26-Mar-2025 15:02:50 Europe/Berlin] Processing line: Saved cropped not_germinated to: C:/xampp/htdocs/ds_min-main/output/detect_8\not_germinated_1_31_crop_1742997691.jpg
[26-Mar-2025 15:02:50 Europe/Berlin] Processing line: Processed detection 1.31: not_germinated (conf: 0.76)
[26-Mar-2025 15:02:50 Europe/Berlin] Processing line: Saved cropped cotyledon_appear to: C:/xampp/htdocs/ds_min-main/output/detect_8\cotyledon_appear_1_32_crop_1742997691.jpg
[26-Mar-2025 15:02:50 Europe/Berlin] Processing line: Processed detection 1.32: cotyledon_appear (conf: 0.76)
[26-Mar-2025 15:02:50 Europe/Berlin] Processing line: Saved cropped germinated_seed to: C:/xampp/htdocs/ds_min-main/output/detect_8\germinated_seed_1_33_crop_1742997691.jpg
[26-Mar-2025 15:02:50 Europe/Berlin] Processing line: Processed detection 1.33: germinated_seed (conf: 0.75)
[26-Mar-2025 15:02:50 Europe/Berlin] Processing line: Saved cropped cotyledon_appear to: C:/xampp/htdocs/ds_min-main/output/detect_8\cotyledon_appear_1_34_crop_1742997691.jpg
[26-Mar-2025 15:02:50 Europe/Berlin] Processing line: Processed detection 1.34: cotyledon_appear (conf: 0.75)
[26-Mar-2025 15:02:50 Europe/Berlin] Processing line: Saved cropped germinated_seed to: C:/xampp/htdocs/ds_min-main/output/detect_8\germinated_seed_1_35_crop_1742997691.jpg
[26-Mar-2025 15:02:50 Europe/Berlin] Processing line: Processed detection 1.35: germinated_seed (conf: 0.75)
[26-Mar-2025 15:02:50 Europe/Berlin] Processing line: Saved cropped cotyledon_appear to: C:/xampp/htdocs/ds_min-main/output/detect_8\cotyledon_appear_1_36_crop_1742997691.jpg
[26-Mar-2025 15:02:50 Europe/Berlin] Processing line: Processed detection 1.36: cotyledon_appear (conf: 0.74)
[26-Mar-2025 15:02:50 Europe/Berlin] Processing line: Saved cropped cotyledon_appear to: C:/xampp/htdocs/ds_min-main/output/detect_8\cotyledon_appear_1_37_crop_1742997691.jpg
[26-Mar-2025 15:02:50 Europe/Berlin] Processing line: Processed detection 1.37: cotyledon_appear (conf: 0.74)
[26-Mar-2025 15:02:50 Europe/Berlin] Processing line: Saved cropped not_germinated to: C:/xampp/htdocs/ds_min-main/output/detect_8\not_germinated_1_38_crop_1742997691.jpg
[26-Mar-2025 15:02:50 Europe/Berlin] Processing line: Processed detection 1.38: not_germinated (conf: 0.74)
[26-Mar-2025 15:02:50 Europe/Berlin] Processing line: Saved cropped cotyledon_appear to: C:/xampp/htdocs/ds_min-main/output/detect_8\cotyledon_appear_1_39_crop_1742997691.jpg
[26-Mar-2025 15:02:50 Europe/Berlin] Processing line: Processed detection 1.39: cotyledon_appear (conf: 0.72)
[26-Mar-2025 15:02:50 Europe/Berlin] Processing line: Saved cropped cotyledon_appear to: C:/xampp/htdocs/ds_min-main/output/detect_8\cotyledon_appear_1_40_crop_1742997691.jpg
[26-Mar-2025 15:02:50 Europe/Berlin] Processing line: Processed detection 1.40: cotyledon_appear (conf: 0.72)
[26-Mar-2025 15:02:50 Europe/Berlin] Processing line: Saved cropped cotyledon_appear to: C:/xampp/htdocs/ds_min-main/output/detect_8\cotyledon_appear_1_41_crop_1742997691.jpg
[26-Mar-2025 15:02:50 Europe/Berlin] Processing line: Processed detection 1.41: cotyledon_appear (conf: 0.72)
[26-Mar-2025 15:02:50 Europe/Berlin] Processing line: Saved cropped germinated_seed to: C:/xampp/htdocs/ds_min-main/output/detect_8\germinated_seed_1_42_crop_1742997691.jpg
[26-Mar-2025 15:02:50 Europe/Berlin] Processing line: Processed detection 1.42: germinated_seed (conf: 0.72)
[26-Mar-2025 15:02:50 Europe/Berlin] Processing line: Saved cropped germinated_seed to: C:/xampp/htdocs/ds_min-main/output/detect_8\germinated_seed_1_43_crop_1742997691.jpg
[26-Mar-2025 15:02:50 Europe/Berlin] Processing line: Processed detection 1.43: germinated_seed (conf: 0.71)
[26-Mar-2025 15:02:50 Europe/Berlin] Processing line: Saved cropped cotyledon_appear to: C:/xampp/htdocs/ds_min-main/output/detect_8\cotyledon_appear_1_44_crop_1742997691.jpg
[26-Mar-2025 15:02:50 Europe/Berlin] Processing line: Processed detection 1.44: cotyledon_appear (conf: 0.71)
[26-Mar-2025 15:02:50 Europe/Berlin] Processing line: Saved cropped germinated_seed to: C:/xampp/htdocs/ds_min-main/output/detect_8\germinated_seed_1_45_crop_1742997691.jpg
[26-Mar-2025 15:02:50 Europe/Berlin] Processing line: Processed detection 1.45: germinated_seed (conf: 0.70)
[26-Mar-2025 15:02:50 Europe/Berlin] Processing line: Saved cropped not_germinated to: C:/xampp/htdocs/ds_min-main/output/detect_8\not_germinated_1_46_crop_1742997691.jpg
[26-Mar-2025 15:02:50 Europe/Berlin] Processing line: Processed detection 1.46: not_germinated (conf: 0.69)
[26-Mar-2025 15:02:50 Europe/Berlin] Processing line: Saved cropped germinated_seed to: C:/xampp/htdocs/ds_min-main/output/detect_8\germinated_seed_1_47_crop_1742997691.jpg
[26-Mar-2025 15:02:50 Europe/Berlin] Processing line: Processed detection 1.47: germinated_seed (conf: 0.69)
[26-Mar-2025 15:02:50 Europe/Berlin] Processing line: Saved cropped cotyledon_appear to: C:/xampp/htdocs/ds_min-main/output/detect_8\cotyledon_appear_1_48_crop_1742997691.jpg
[26-Mar-2025 15:02:50 Europe/Berlin] Processing line: Processed detection 1.48: cotyledon_appear (conf: 0.69)
[26-Mar-2025 15:02:50 Europe/Berlin] Processing line: Saved cropped cotyledon_appear to: C:/xampp/htdocs/ds_min-main/output/detect_8\cotyledon_appear_1_49_crop_1742997691.jpg
[26-Mar-2025 15:02:50 Europe/Berlin] Processing line: Processed detection 1.49: cotyledon_appear (conf: 0.69)
[26-Mar-2025 15:02:50 Europe/Berlin] Processing line: Saved cropped cotyledon_appear to: C:/xampp/htdocs/ds_min-main/output/detect_8\cotyledon_appear_1_50_crop_1742997691.jpg
[26-Mar-2025 15:02:50 Europe/Berlin] Processing line: Processed detection 1.50: cotyledon_appear (conf: 0.69)
[26-Mar-2025 15:02:50 Europe/Berlin] Processing line: Saved cropped germinated_seed to: C:/xampp/htdocs/ds_min-main/output/detect_8\germinated_seed_1_51_crop_1742997691.jpg
[26-Mar-2025 15:02:50 Europe/Berlin] Processing line: Processed detection 1.51: germinated_seed (conf: 0.68)
[26-Mar-2025 15:02:50 Europe/Berlin] Processing line: Saved cropped germinated_seed to: C:/xampp/htdocs/ds_min-main/output/detect_8\germinated_seed_1_52_crop_1742997691.jpg
[26-Mar-2025 15:02:50 Europe/Berlin] Processing line: Processed detection 1.52: germinated_seed (conf: 0.68)
[26-Mar-2025 15:02:50 Europe/Berlin] Processing line: Saved cropped cotyledon_appear to: C:/xampp/htdocs/ds_min-main/output/detect_8\cotyledon_appear_1_53_crop_1742997691.jpg
[26-Mar-2025 15:02:50 Europe/Berlin] Processing line: Processed detection 1.53: cotyledon_appear (conf: 0.68)
[26-Mar-2025 15:02:50 Europe/Berlin] Processing line: Saved cropped germinated_seed to: C:/xampp/htdocs/ds_min-main/output/detect_8\germinated_seed_1_54_crop_1742997691.jpg
[26-Mar-2025 15:02:50 Europe/Berlin] Processing line: Processed detection 1.54: germinated_seed (conf: 0.66)
[26-Mar-2025 15:02:50 Europe/Berlin] Processing line: Saved cropped cotyledon_appear to: C:/xampp/htdocs/ds_min-main/output/detect_8\cotyledon_appear_1_55_crop_1742997691.jpg
[26-Mar-2025 15:02:50 Europe/Berlin] Processing line: Processed detection 1.55: cotyledon_appear (conf: 0.66)
[26-Mar-2025 15:02:50 Europe/Berlin] Processing line: Saved cropped not_germinated to: C:/xampp/htdocs/ds_min-main/output/detect_8\not_germinated_1_56_crop_1742997691.jpg
[26-Mar-2025 15:02:50 Europe/Berlin] Processing line: Processed detection 1.56: not_germinated (conf: 0.66)
[26-Mar-2025 15:02:50 Europe/Berlin] Processing line: Saved cropped germinated_seed to: C:/xampp/htdocs/ds_min-main/output/detect_8\germinated_seed_1_57_crop_1742997691.jpg
[26-Mar-2025 15:02:50 Europe/Berlin] Processing line: Processed detection 1.57: germinated_seed (conf: 0.65)
[26-Mar-2025 15:02:50 Europe/Berlin] Processing line: Saved cropped cotyledon_appear to: C:/xampp/htdocs/ds_min-main/output/detect_8\cotyledon_appear_1_58_crop_1742997691.jpg
[26-Mar-2025 15:02:50 Europe/Berlin] Processing line: Processed detection 1.58: cotyledon_appear (conf: 0.65)
[26-Mar-2025 15:02:50 Europe/Berlin] Processing line: Saved cropped germinated_seed to: C:/xampp/htdocs/ds_min-main/output/detect_8\germinated_seed_1_59_crop_1742997691.jpg
[26-Mar-2025 15:02:50 Europe/Berlin] Processing line: Processed detection 1.59: germinated_seed (conf: 0.64)
[26-Mar-2025 15:02:50 Europe/Berlin] Processing line: Saved cropped germinated_seed to: C:/xampp/htdocs/ds_min-main/output/detect_8\germinated_seed_1_60_crop_1742997691.jpg
[26-Mar-2025 15:02:50 Europe/Berlin] Processing line: Processed detection 1.60: germinated_seed (conf: 0.63)
[26-Mar-2025 15:02:50 Europe/Berlin] Processing line: Saved cropped not_germinated to: C:/xampp/htdocs/ds_min-main/output/detect_8\not_germinated_1_61_crop_1742997691.jpg
[26-Mar-2025 15:02:50 Europe/Berlin] Processing line: Processed detection 1.61: not_germinated (conf: 0.63)
[26-Mar-2025 15:02:50 Europe/Berlin] Processing line: Saved cropped germinated_seed to: C:/xampp/htdocs/ds_min-main/output/detect_8\germinated_seed_1_62_crop_1742997691.jpg
[26-Mar-2025 15:02:50 Europe/Berlin] Processing line: Processed detection 1.62: germinated_seed (conf: 0.62)
[26-Mar-2025 15:02:50 Europe/Berlin] Processing line: Saved cropped germinated_seed to: C:/xampp/htdocs/ds_min-main/output/detect_8\germinated_seed_1_63_crop_1742997691.jpg
[26-Mar-2025 15:02:50 Europe/Berlin] Processing line: Processed detection 1.63: germinated_seed (conf: 0.62)
[26-Mar-2025 15:02:50 Europe/Berlin] Processing line: Saved cropped cotyledon_appear to: C:/xampp/htdocs/ds_min-main/output/detect_8\cotyledon_appear_1_64_crop_1742997691.jpg
[26-Mar-2025 15:02:50 Europe/Berlin] Processing line: Processed detection 1.64: cotyledon_appear (conf: 0.61)
[26-Mar-2025 15:02:50 Europe/Berlin] Processing line: Saved cropped germinated_seed to: C:/xampp/htdocs/ds_min-main/output/detect_8\germinated_seed_1_65_crop_1742997691.jpg
[26-Mar-2025 15:02:50 Europe/Berlin] Processing line: Processed detection 1.65: germinated_seed (conf: 0.60)
[26-Mar-2025 15:02:50 Europe/Berlin] Processing line: Saved cropped not_germinated to: C:/xampp/htdocs/ds_min-main/output/detect_8\not_germinated_1_66_crop_1742997691.jpg
[26-Mar-2025 15:02:50 Europe/Berlin] Processing line: Processed detection 1.66: not_germinated (conf: 0.60)
[26-Mar-2025 15:02:50 Europe/Berlin] Processing line: Saved cropped not_germinated to: C:/xampp/htdocs/ds_min-main/output/detect_8\not_germinated_1_67_crop_1742997691.jpg
[26-Mar-2025 15:02:50 Europe/Berlin] Processing line: Processed detection 1.67: not_germinated (conf: 0.59)
[26-Mar-2025 15:02:50 Europe/Berlin] Processing line: Saved cropped germinated_seed to: C:/xampp/htdocs/ds_min-main/output/detect_8\germinated_seed_1_68_crop_1742997691.jpg
[26-Mar-2025 15:02:50 Europe/Berlin] Processing line: Processed detection 1.68: germinated_seed (conf: 0.58)
[26-Mar-2025 15:02:50 Europe/Berlin] Processing line: Saved cropped germinated_seed to: C:/xampp/htdocs/ds_min-main/output/detect_8\germinated_seed_1_69_crop_1742997691.jpg
[26-Mar-2025 15:02:50 Europe/Berlin] Processing line: Processed detection 1.69: germinated_seed (conf: 0.54)
[26-Mar-2025 15:02:50 Europe/Berlin] Processing line: Saved cropped cotyledon_appear to: C:/xampp/htdocs/ds_min-main/output/detect_8\cotyledon_appear_1_70_crop_1742997691.jpg
[26-Mar-2025 15:02:50 Europe/Berlin] Processing line: Processed detection 1.70: cotyledon_appear (conf: 0.52)
[26-Mar-2025 15:02:50 Europe/Berlin] Processing line: Saved cropped germinated_seed to: C:/xampp/htdocs/ds_min-main/output/detect_8\germinated_seed_1_71_crop_1742997691.jpg
[26-Mar-2025 15:02:50 Europe/Berlin] Processing line: Processed detection 1.71: germinated_seed (conf: 0.51)
[26-Mar-2025 15:02:50 Europe/Berlin] Processing line: Saved cropped germinated_seed to: C:/xampp/htdocs/ds_min-main/output/detect_8\germinated_seed_1_72_crop_1742997691.jpg
[26-Mar-2025 15:02:50 Europe/Berlin] Processing line: Processed detection 1.72: germinated_seed (conf: 0.51)
[26-Mar-2025 15:02:50 Europe/Berlin] Processing line: Saved cropped not_germinated to: C:/xampp/htdocs/ds_min-main/output/detect_8\not_germinated_1_73_crop_1742997691.jpg
[26-Mar-2025 15:02:50 Europe/Berlin] Processing line: Processed detection 1.73: not_germinated (conf: 0.50)
[26-Mar-2025 15:02:50 Europe/Berlin] Processing line: Saved cropped not_germinated to: C:/xampp/htdocs/ds_min-main/output/detect_8\not_germinated_1_74_crop_1742997691.jpg
[26-Mar-2025 15:02:50 Europe/Berlin] Processing line: Processed detection 1.74: not_germinated (conf: 0.49)
[26-Mar-2025 15:02:50 Europe/Berlin] Processing line: Saved cropped not_germinated to: C:/xampp/htdocs/ds_min-main/output/detect_8\not_germinated_1_75_crop_1742997691.jpg
[26-Mar-2025 15:02:50 Europe/Berlin] Processing line: Processed detection 1.75: not_germinated (conf: 0.47)
[26-Mar-2025 15:02:50 Europe/Berlin] Processing line: Saved cropped cotyledon_appear to: C:/xampp/htdocs/ds_min-main/output/detect_8\cotyledon_appear_1_76_crop_1742997691.jpg
[26-Mar-2025 15:02:50 Europe/Berlin] Processing line: Processed detection 1.76: cotyledon_appear (conf: 0.47)
[26-Mar-2025 15:02:50 Europe/Berlin] Processing line: Saved cropped germinated_seed to: C:/xampp/htdocs/ds_min-main/output/detect_8\germinated_seed_1_77_crop_1742997691.jpg
[26-Mar-2025 15:02:50 Europe/Berlin] Processing line: Processed detection 1.77: germinated_seed (conf: 0.47)
[26-Mar-2025 15:02:50 Europe/Berlin] Processing line: Saved cropped germinated_seed to: C:/xampp/htdocs/ds_min-main/output/detect_8\germinated_seed_1_78_crop_1742997691.jpg
[26-Mar-2025 15:02:50 Europe/Berlin] Processing line: Processed detection 1.78: germinated_seed (conf: 0.45)
[26-Mar-2025 15:02:50 Europe/Berlin] Processing line: Saved cropped not_germinated to: C:/xampp/htdocs/ds_min-main/output/detect_8\not_germinated_1_79_crop_1742997691.jpg
[26-Mar-2025 15:02:50 Europe/Berlin] Processing line: Processed detection 1.79: not_germinated (conf: 0.42)
[26-Mar-2025 15:02:50 Europe/Berlin] Processing line: Saved cropped germinated_seed to: C:/xampp/htdocs/ds_min-main/output/detect_8\germinated_seed_1_80_crop_1742997691.jpg
[26-Mar-2025 15:02:50 Europe/Berlin] Processing line: Processed detection 1.80: germinated_seed (conf: 0.42)
[26-Mar-2025 15:02:50 Europe/Berlin] Processing line: Saved cropped not_germinated to: C:/xampp/htdocs/ds_min-main/output/detect_8\not_germinated_1_81_crop_1742997691.jpg
[26-Mar-2025 15:02:50 Europe/Berlin] Processing line: Processed detection 1.81: not_germinated (conf: 0.40)
[26-Mar-2025 15:02:50 Europe/Berlin] Processing line: Saved cropped not_germinated to: C:/xampp/htdocs/ds_min-main/output/detect_8\not_germinated_1_82_crop_1742997691.jpg
[26-Mar-2025 15:02:50 Europe/Berlin] Processing line: Processed detection 1.82: not_germinated (conf: 0.40)
[26-Mar-2025 15:02:50 Europe/Berlin] Processing line: Saved cropped cotyledon_appear to: C:/xampp/htdocs/ds_min-main/output/detect_8\cotyledon_appear_1_83_crop_1742997691.jpg
[26-Mar-2025 15:02:50 Europe/Berlin] Processing line: Processed detection 1.83: cotyledon_appear (conf: 0.40)
[26-Mar-2025 15:02:50 Europe/Berlin] Processing line: Saved cropped cotyledon_appear to: C:/xampp/htdocs/ds_min-main/output/detect_8\cotyledon_appear_1_84_crop_1742997691.jpg
[26-Mar-2025 15:02:50 Europe/Berlin] Processing line: Processed detection 1.84: cotyledon_appear (conf: 0.40)
[26-Mar-2025 15:02:50 Europe/Berlin] Processing line: Saved cropped germinated_seed to: C:/xampp/htdocs/ds_min-main/output/detect_8\germinated_seed_1_85_crop_1742997691.jpg
[26-Mar-2025 15:02:50 Europe/Berlin] Processing line: Processed detection 1.85: germinated_seed (conf: 0.38)
[26-Mar-2025 15:02:50 Europe/Berlin] Processing line: Saved cropped not_germinated to: C:/xampp/htdocs/ds_min-main/output/detect_8\not_germinated_1_86_crop_1742997691.jpg
[26-Mar-2025 15:02:50 Europe/Berlin] Processing line: Processed detection 1.86: not_germinated (conf: 0.36)
[26-Mar-2025 15:02:50 Europe/Berlin] Processing line: Saved cropped germinated_seed to: C:/xampp/htdocs/ds_min-main/output/detect_8\germinated_seed_1_87_crop_1742997691.jpg
[26-Mar-2025 15:02:50 Europe/Berlin] Processing line: Processed detection 1.87: germinated_seed (conf: 0.28)
[26-Mar-2025 15:02:50 Europe/Berlin] Processing line: Saved detection results to: C:/xampp/htdocs/ds_min-main/output/detect_8\1742997691_detections.json
[26-Mar-2025 15:02:50 Europe/Berlin] Processing line: Saved result visualization to: C:/xampp/htdocs/ds_min-main/output/detect_8\1742997691_result.jpg
[26-Mar-2025 15:02:50 Europe/Berlin] Processing line: Detection complete. Found 87 objects.
[26-Mar-2025 15:02:50 Europe/Berlin] Processing line: DETECTION_RESULTS_START
[26-Mar-2025 15:02:50 Europe/Berlin] Processing line: {"timestamp": "1742997691", "detections": [{"id": 1, "class": "cotyledon_appear", "confidence": 87.99, "bbox": {"x1": 2181, "y1": 4053, "x2": 2601, "y2": 4454, "width": 419, "height": 400}, "crop_image": "cotyledon_appear_1_1_crop_1742997691.jpg"}, {"id": 2, "class": "cotyledon_appear", "confidence": 87.22, "bbox": {"x1": 2120, "y1": 1124, "x2": 2527, "y2": 1512, "width": 407, "height": 388}, "crop_image": "cotyledon_appear_1_2_crop_1742997691.jpg"}, {"id": 3, "class": "cotyledon_appear", "confidence": 85.72, "bbox": {"x1": 1675, "y1": 4047, "x2": 2095, "y2": 4434, "width": 420, "height": 386}, "crop_image": "cotyledon_appear_1_3_crop_1742997691.jpg"}, {"id": 4, "class": "cotyledon_appear", "confidence": 85.33, "bbox": {"x1": 2613, "y1": 1061, "x2": 2997, "y2": 1470, "width": 383, "height": 409}, "crop_image": "cotyledon_appear_1_4_crop_1742997691.jpg"}, {"id": 5, "class": "cotyledon_appear", "confidence": 85.02, "bbox": {"x1": 2632, "y1": 2040, "x2": 3024, "y2": 2432, "width": 391, "height": 392}, "crop_image": "cotyledon_appear_1_5_crop_1742997691.jpg"}, {"id": 6, "class": "germinated_seed", "confidence": 84.77, "bbox": {"x1": 2098, "y1": 224, "x2": 2495, "y2": 590, "width": 396, "height": 366}, "crop_image": "germinated_seed_1_6_crop_1742997691.jpg"}, {"id": 7, "class": "cotyledon_appear", "confidence": 84.76, "bbox": {"x1": 695, "y1": 4034, "x2": 1098, "y2": 4427, "width": 403, "height": 392}, "crop_image": "cotyledon_appear_1_7_crop_1742997691.jpg"}, {"id": 8, "class": "cotyledon_appear", "confidence": 84.18, "bbox": {"x1": 1181, "y1": 4034, "x2": 1559, "y2": 4471, "width": 378, "height": 436}, "crop_image": "cotyledon_appear_1_8_crop_1742997691.jpg"}, {"id": 9, "class": "cotyledon_appear", "confidence": 84.12, "bbox": {"x1": 2659, "y1": 3540, "x2": 3057, "y2": 3931, "width": 397, "height": 391}, "crop_image": "cotyledon_appear_1_9_crop_1742997691.jpg"}, {"id": 10, "class": "cotyledon_appear", "confidence": 84.0, "bbox": {"x1": 186, "y1": 4026, "x2": 593, "y2": 4396, "width": 406, "height": 369}, "crop_image": "cotyledon_appear_1_10_crop_1742997691.jpg"}, {"id": 11, "class": "germinated_seed", "confidence": 83.58, "bbox": {"x1": 1640, "y1": 663, "x2": 2019, "y2": 1064, "width": 379, "height": 400}, "crop_image": "germinated_seed_1_11_crop_1742997691.jpg"}, {"id": 12, "class": "cotyledon_appear", "confidence": 83.26, "bbox": {"x1": 2667, "y1": 3063, "x2": 3084, "y2": 3435, "width": 416, "height": 372}, "crop_image": "cotyledon_appear_1_12_crop_1742997691.jpg"}, {"id": 13, "class": "cotyledon_appear", "confidence": 82.97, "bbox": {"x1": 699, "y1": 3553, "x2": 1072, "y2": 3928, "width": 373, "height": 374}, "crop_image": "cotyledon_appear_1_13_crop_1742997691.jpg"}, {"id": 14, "class": "cotyledon_appear", "confidence": 82.74, "bbox": {"x1": 1662, "y1": 1138, "x2": 2034, "y2": 1548, "width": 371, "height": 409}, "crop_image": "cotyledon_appear_1_14_crop_1742997691.jpg"}, {"id": 15, "class": "cotyledon_appear", "confidence": 82.2, "bbox": {"x1": 171, "y1": 2587, "x2": 594, "y2": 2957, "width": 423, "height": 370}, "crop_image": "cotyledon_appear_1_15_crop_1742997691.jpg"}, {"id": 16, "class": "cotyledon_appear", "confidence": 81.38, "bbox": {"x1": 3073, "y1": 626, "x2": 3512, "y2": 1007, "width": 438, "height": 380}, "crop_image": "cotyledon_appear_1_16_crop_1742997691.jpg"}, {"id": 17, "class": "cotyledon_appear", "confidence": 81.31, "bbox": {"x1": 1690, "y1": 3538, "x2": 2066, "y2": 3956, "width": 375, "height": 417}, "crop_image": "cotyledon_appear_1_17_crop_1742997691.jpg"}, {"id": 18, "class": "not_germinated", "confidence": 81.14, "bbox": {"x1": 183, "y1": 1613, "x2": 616, "y2": 1973, "width": 433, "height": 359}, "crop_image": "not_germinated_1_18_crop_1742997691.jpg"}, {"id": 19, "class": "cotyledon_appear", "confidence": 80.93, "bbox": {"x1": 1652, "y1": 1633, "x2": 2052, "y2": 1962, "width": 399, "height": 329}, "crop_image": "cotyledon_appear_1_19_crop_1742997691.jpg"}, {"id": 20, "class": "cotyledon_appear", "confidence": 80.92, "bbox": {"x1": 2188, "y1": 2063, "x2": 2543, "y2": 2441, "width": 354, "height": 377}, "crop_image": "cotyledon_appear_1_20_crop_1742997691.jpg"}, {"id": 21, "class": "cotyledon_appear", "confidence": 80.65, "bbox": {"x1": 3059, "y1": 150, "x2": 3486, "y2": 539, "width": 427, "height": 388}, "crop_image": "cotyledon_appear_1_21_crop_1742997691.jpg"}, {"id": 22, "class": "cotyledon_appear", "confidence": 80.17, "bbox": {"x1": 2585, "y1": 661, "x2": 2989, "y2": 1011, "width": 403, "height": 349}, "crop_image": "cotyledon_appear_1_22_crop_1742997691.jpg"}, {"id": 23, "class": "cotyledon_appear", "confidence": 79.71, "bbox": {"x1": 1190, "y1": 661, "x2": 1560, "y2": 1053, "width": 370, "height": 391}, "crop_image": "cotyledon_appear_1_23_crop_1742997691.jpg"}, {"id": 24, "class": "germinated_seed", "confidence": 79.01, "bbox": {"x1": 2635, "y1": 1614, "x2": 2994, "y2": 1977, "width": 358, "height": 362}, "crop_image": "germinated_seed_1_24_crop_1742997691.jpg"}, {"id": 25, "class": "germinated_seed", "confidence": 78.59, "bbox": {"x1": 1661, "y1": 2093, "x2": 2006, "y2": 2457, "width": 344, "height": 363}, "crop_image": "germinated_seed_1_25_crop_1742997691.jpg"}, {"id": 26, "class": "cotyledon_appear", "confidence": 78.1, "bbox": {"x1": 3157, "y1": 2527, "x2": 3602, "y2": 2927, "width": 444, "height": 400}, "crop_image": "cotyledon_appear_1_26_crop_1742997691.jpg"}, {"id": 27, "class": "cotyledon_appear", "confidence": 77.82, "bbox": {"x1": 2597, "y1": 124, "x2": 2989, "y2": 568, "width": 392, "height": 443}, "crop_image": "cotyledon_appear_1_27_crop_1742997691.jpg"}, {"id": 28, "class": "cotyledon_appear", "confidence": 77.7, "bbox": {"x1": 2183, "y1": 2571, "x2": 2566, "y2": 2945, "width": 383, "height": 373}, "crop_image": "cotyledon_appear_1_28_crop_1742997691.jpg"}, {"id": 29, "class": "cotyledon_appear", "confidence": 77.27, "bbox": {"x1": 1200, "y1": 3556, "x2": 1555, "y2": 3966, "width": 355, "height": 410}, "crop_image": "cotyledon_appear_1_29_crop_1742997691.jpg"}, {"id": 30, "class": "cotyledon_appear", "confidence": 76.81, "bbox": {"x1": 2147, "y1": 1599, "x2": 2585, "y2": 1951, "width": 437, "height": 351}, "crop_image": "cotyledon_appear_1_30_crop_1742997691.jpg"}, {"id": 31, "class": "not_germinated", "confidence": 76.1, "bbox": {"x1": 1648, "y1": 255, "x2": 2027, "y2": 602, "width": 379, "height": 347}, "crop_image": "not_germinated_1_31_crop_1742997691.jpg"}, {"id": 32, "class": "cotyledon_appear", "confidence": 76.0, "bbox": {"x1": 3157, "y1": 3544, "x2": 3562, "y2": 3945, "width": 404, "height": 401}, "crop_image": "cotyledon_appear_1_32_crop_1742997691.jpg"}, {"id": 33, "class": "germinated_seed", "confidence": 75.37, "bbox": {"x1": 2700, "y1": 4050, "x2": 3039, "y2": 4391, "width": 339, "height": 340}, "crop_image": "germinated_seed_1_33_crop_1742997691.jpg"}, {"id": 34, "class": "cotyledon_appear", "confidence": 75.17, "bbox": {"x1": 698, "y1": 1143, "x2": 1083, "y2": 1507, "width": 385, "height": 363}, "crop_image": "cotyledon_appear_1_34_crop_1742997691.jpg"}, {"id": 35, "class": "germinated_seed", "confidence": 74.9, "bbox": {"x1": 1162, "y1": 3092, "x2": 1533, "y2": 3461, "width": 370, "height": 369}, "crop_image": "germinated_seed_1_35_crop_1742997691.jpg"}, {"id": 36, "class": "cotyledon_appear", "confidence": 73.68, "bbox": {"x1": 3139, "y1": 2007, "x2": 3578, "y2": 2431, "width": 438, "height": 424}, "crop_image": "cotyledon_appear_1_36_crop_1742997691.jpg"}, {"id": 37, "class": "cotyledon_appear", "confidence": 73.61, "bbox": {"x1": 3164, "y1": 4053, "x2": 3557, "y2": 4455, "width": 392, "height": 401}, "crop_image": "cotyledon_appear_1_37_crop_1742997691.jpg"}, {"id": 38, "class": "not_germinated", "confidence": 73.6, "bbox": {"x1": 209, "y1": 2115, "x2": 607, "y2": 2475, "width": 398, "height": 359}, "crop_image": "not_germinated_1_38_crop_1742997691.jpg"}, {"id": 39, "class": "cotyledon_appear", "confidence": 72.22, "bbox": {"x1": 1659, "y1": 2527, "x2": 2027, "y2": 2950, "width": 367, "height": 422}, "crop_image": "cotyledon_appear_1_39_crop_1742997691.jpg"}, {"id": 40, "class": "cotyledon_appear", "confidence": 72.0, "bbox": {"x1": 2673, "y1": 5010, "x2": 3073, "y2": 5352, "width": 399, "height": 342}, "crop_image": "cotyledon_appear_1_40_crop_1742997691.jpg"}, {"id": 41, "class": "cotyledon_appear", "confidence": 71.87, "bbox": {"x1": 236, "y1": 1088, "x2": 615, "y2": 1523, "width": 378, "height": 435}, "crop_image": "cotyledon_appear_1_41_crop_1742997691.jpg"}, {"id": 42, "class": "germinated_seed", "confidence": 71.67, "bbox": {"x1": 689, "y1": 238, "x2": 1082, "y2": 583, "width": 392, "height": 345}, "crop_image": "germinated_seed_1_42_crop_1742997691.jpg"}, {"id": 43, "class": "germinated_seed", "confidence": 71.5, "bbox": {"x1": 1630, "y1": 3084, "x2": 2014, "y2": 3430, "width": 383, "height": 345}, "crop_image": "germinated_seed_1_43_crop_1742997691.jpg"}, {"id": 44, "class": "cotyledon_appear", "confidence": 71.2, "bbox": {"x1": 671, "y1": 3074, "x2": 1069, "y2": 3501, "width": 397, "height": 427}, "crop_image": "cotyledon_appear_1_44_crop_1742997691.jpg"}, {"id": 45, "class": "germinated_seed", "confidence": 69.99, "bbox": {"x1": 3156, "y1": 3055, "x2": 3545, "y2": 3423, "width": 389, "height": 367}, "crop_image": "germinated_seed_1_45_crop_1742997691.jpg"}, {"id": 46, "class": "not_germinated", "confidence": 69.15, "bbox": {"x1": 182, "y1": 4513, "x2": 595, "y2": 4906, "width": 412, "height": 392}, "crop_image": "not_germinated_1_46_crop_1742997691.jpg"}, {"id": 47, "class": "germinated_seed", "confidence": 68.95, "bbox": {"x1": 1212, "y1": 4519, "x2": 1574, "y2": 4877, "width": 361, "height": 357}, "crop_image": "germinated_seed_1_47_crop_1742997691.jpg"}, {"id": 48, "class": "cotyledon_appear", "confidence": 68.84, "bbox": {"x1": 1184, "y1": 5001, "x2": 1579, "y2": 5379, "width": 395, "height": 377}, "crop_image": "cotyledon_appear_1_48_crop_1742997691.jpg"}, {"id": 49, "class": "cotyledon_appear", "confidence": 68.81, "bbox": {"x1": 1201, "y1": 1633, "x2": 1555, "y2": 1990, "width": 353, "height": 357}, "crop_image": "cotyledon_appear_1_49_crop_1742997691.jpg"}, {"id": 50, "class": "cotyledon_appear", "confidence": 68.74, "bbox": {"x1": 682, "y1": 4516, "x2": 1089, "y2": 4912, "width": 406, "height": 396}, "crop_image": "cotyledon_appear_1_50_crop_1742997691.jpg"}, {"id": 51, "class": "germinated_seed", "confidence": 68.2, "bbox": {"x1": 684, "y1": 1625, "x2": 1055, "y2": 2000, "width": 371, "height": 374}, "crop_image": "germinated_seed_1_51_crop_1742997691.jpg"}, {"id": 52, "class": "germinated_seed", "confidence": 67.98, "bbox": {"x1": 1675, "y1": 4534, "x2": 2049, "y2": 4895, "width": 373, "height": 360}, "crop_image": "germinated_seed_1_52_crop_1742997691.jpg"}, {"id": 53, "class": "cotyledon_appear", "confidence": 67.57, "bbox": {"x1": 3180, "y1": 4533, "x2": 3575, "y2": 4936, "width": 394, "height": 402}, "crop_image": "cotyledon_appear_1_53_crop_1742997691.jpg"}, {"id": 54, "class": "germinated_seed", "confidence": 66.27, "bbox": {"x1": 706, "y1": 2606, "x2": 1071, "y2": 2960, "width": 365, "height": 353}, "crop_image": "germinated_seed_1_54_crop_1742997691.jpg"}, {"id": 55, "class": "cotyledon_appear", "confidence": 66.26, "bbox": {"x1": 2178, "y1": 4510, "x2": 2550, "y2": 4882, "width": 372, "height": 371}, "crop_image": "cotyledon_appear_1_55_crop_1742997691.jpg"}, {"id": 56, "class": "not_germinated", "confidence": 65.6, "bbox": {"x1": 1172, "y1": 1169, "x2": 1549, "y2": 1531, "width": 377, "height": 362}, "crop_image": "not_germinated_1_56_crop_1742997691.jpg"}, {"id": 57, "class": "germinated_seed", "confidence": 65.32, "bbox": {"x1": 690, "y1": 5007, "x2": 1085, "y2": 5357, "width": 394, "height": 349}, "crop_image": "germinated_seed_1_57_crop_1742997691.jpg"}, {"id": 58, "class": "cotyledon_appear", "confidence": 65.32, "bbox": {"x1": 2185, "y1": 4996, "x2": 2550, "y2": 5417, "width": 364, "height": 421}, "crop_image": "cotyledon_appear_1_58_crop_1742997691.jpg"}, {"id": 59, "class": "germinated_seed", "confidence": 64.14, "bbox": {"x1": 727, "y1": 2093, "x2": 1071, "y2": 2455, "width": 343, "height": 362}, "crop_image": "germinated_seed_1_59_crop_1742997691.jpg"}, {"id": 60, "class": "germinated_seed", "confidence": 62.91, "bbox": {"x1": 169, "y1": 3050, "x2": 600, "y2": 3442, "width": 430, "height": 392}, "crop_image": "germinated_seed_1_60_crop_1742997691.jpg"}, {"id": 61, "class": "not_germinated", "confidence": 62.82, "bbox": {"x1": 2627, "y1": 2589, "x2": 2981, "y2": 2947, "width": 353, "height": 358}, "crop_image": "not_germinated_1_61_crop_1742997691.jpg"}, {"id": 62, "class": "germinated_seed", "confidence": 62.2, "bbox": {"x1": 3093, "y1": 1097, "x2": 3504, "y2": 1475, "width": 410, "height": 378}, "crop_image": "germinated_seed_1_62_crop_1742997691.jpg"}, {"id": 63, "class": "germinated_seed", "confidence": 61.53, "bbox": {"x1": 2154, "y1": 3537, "x2": 2555, "y2": 3909, "width": 400, "height": 372}, "crop_image": "germinated_seed_1_63_crop_1742997691.jpg"}, {"id": 64, "class": "cotyledon_appear", "confidence": 61.39, "bbox": {"x1": 1149, "y1": 2096, "x2": 1584, "y2": 2465, "width": 435, "height": 369}, "crop_image": "cotyledon_appear_1_64_crop_1742997691.jpg"}, {"id": 65, "class": "germinated_seed", "confidence": 60.17, "bbox": {"x1": 184, "y1": 5010, "x2": 613, "y2": 5393, "width": 429, "height": 383}, "crop_image": "germinated_seed_1_65_crop_1742997691.jpg"}, {"id": 66, "class": "not_germinated", "confidence": 59.61, "bbox": {"x1": 695, "y1": 684, "x2": 1055, "y2": 1037, "width": 359, "height": 353}, "crop_image": "not_germinated_1_66_crop_1742997691.jpg"}, {"id": 67, "class": "not_germinated", "confidence": 58.59, "bbox": {"x1": 227, "y1": 680, "x2": 614, "y2": 1031, "width": 386, "height": 350}, "crop_image": "not_germinated_1_67_crop_1742997691.jpg"}, {"id": 68, "class": "germinated_seed", "confidence": 58.25, "bbox": {"x1": 2177, "y1": 3058, "x2": 2552, "y2": 3416, "width": 375, "height": 358}, "crop_image": "germinated_seed_1_68_crop_1742997691.jpg"}, {"id": 69, "class": "germinated_seed", "confidence": 54.02, "bbox": {"x1": 3112, "y1": 1582, "x2": 3506, "y2": 1939, "width": 394, "height": 357}, "crop_image": "germinated_seed_1_69_crop_1742997691.jpg"}, {"id": 70, "class": "cotyledon_appear", "confidence": 51.97, "bbox": {"x1": 221, "y1": 129, "x2": 618, "y2": 603, "width": 397, "height": 473}, "crop_image": "cotyledon_appear_1_70_crop_1742997691.jpg"}, {"id": 71, "class": "germinated_seed", "confidence": 51.05, "bbox": {"x1": 1702, "y1": 5010, "x2": 2037, "y2": 5317, "width": 335, "height": 307}, "crop_image": "germinated_seed_1_71_crop_1742997691.jpg"}, {"id": 72, "class": "germinated_seed", "confidence": 50.8, "bbox": {"x1": 676, "y1": 4514, "x2": 1096, "y2": 4913, "width": 419, "height": 399}, "crop_image": "germinated_seed_1_72_crop_1742997691.jpg"}, {"id": 73, "class": "not_germinated", "confidence": 50.19, "bbox": {"x1": 2130, "y1": 682, "x2": 2483, "y2": 1042, "width": 353, "height": 359}, "crop_image": "not_germinated_1_73_crop_1742997691.jpg"}, {"id": 74, "class": "not_germinated", "confidence": 48.76, "bbox": {"x1": 1177, "y1": 275, "x2": 1570, "y2": 595, "width": 393, "height": 320}, "crop_image": "not_germinated_1_74_crop_1742997691.jpg"}, {"id": 75, "class": "not_germinated", "confidence": 47.27, "bbox": {"x1": 2694, "y1": 4523, "x2": 3047, "y2": 4925, "width": 352, "height": 402}, "crop_image": "not_germinated_1_75_crop_1742997691.jpg"}, {"id": 76, "class": "cotyledon_appear", "confidence": 47.02, "bbox": {"x1": 2178, "y1": 3058, "x2": 2552, "y2": 3414, "width": 374, "height": 355}, "crop_image": "cotyledon_appear_1_76_crop_1742997691.jpg"}, {"id": 77, "class": "germinated_seed", "confidence": 46.58, "bbox": {"x1": 220, "y1": 132, "x2": 619, "y2": 606, "width": 398, "height": 473}, "crop_image": "germinated_seed_1_77_crop_1742997691.jpg"}, {"id": 78, "class": "germinated_seed", "confidence": 44.81, "bbox": {"x1": 1159, "y1": 2595, "x2": 1516, "y2": 2950, "width": 357, "height": 354}, "crop_image": "germinated_seed_1_78_crop_1742997691.jpg"}, {"id": 79, "class": "not_germinated", "confidence": 42.5, "bbox": {"x1": 159, "y1": 3584, "x2": 587, "y2": 3917, "width": 427, "height": 333}, "crop_image": "not_germinated_1_79_crop_1742997691.jpg"}, {"id": 80, "class": "germinated_seed", "confidence": 42.31, "bbox": {"x1": 164, "y1": 3578, "x2": 592, "y2": 3920, "width": 427, "height": 341}, "crop_image": "germinated_seed_1_80_crop_1742997691.jpg"}, {"id": 81, "class": "not_germinated", "confidence": 40.14, "bbox": {"x1": 193, "y1": 5010, "x2": 615, "y2": 5393, "width": 422, "height": 382}, "crop_image": "not_germinated_1_81_crop_1742997691.jpg"}, {"id": 82, "class": "not_germinated", "confidence": 39.97, "bbox": {"x1": 1157, "y1": 2599, "x2": 1519, "y2": 2953, "width": 361, "height": 353}, "crop_image": "not_germinated_1_82_crop_1742997691.jpg"}, {"id": 83, "class": "cotyledon_appear", "confidence": 39.8, "bbox": {"x1": 739, "y1": 2095, "x2": 1077, "y2": 2455, "width": 338, "height": 360}, "crop_image": "cotyledon_appear_1_83_crop_1742997691.jpg"}, {"id": 84, "class": "cotyledon_appear", "confidence": 39.69, "bbox": {"x1": 3092, "y1": 1101, "x2": 3507, "y2": 1475, "width": 414, "height": 373}, "crop_image": "cotyledon_appear_1_84_crop_1742997691.jpg"}, {"id": 85, "class": "germinated_seed", "confidence": 38.35, "bbox": {"x1": 1177, "y1": 277, "x2": 1570, "y2": 595, "width": 393, "height": 318}, "crop_image": "germinated_seed_1_85_crop_1742997691.jpg"}, {"id": 86, "class": "not_germinated", "confidence": 36.43, "bbox": {"x1": 3178, "y1": 5038, "x2": 3508, "y2": 5409, "width": 329, "height": 370}, "crop_image": "not_germinated_1_86_crop_1742997691.jpg"}, {"id": 87, "class": "germinated_seed", "confidence": 28.02, "bbox": {"x1": 3181, "y1": 5041, "x2": 3511, "y2": 5414, "width": 330, "height": 372}, "crop_image": "germinated_seed_1_87_crop_1742997691.jpg"}]}
[26-Mar-2025 15:02:50 Europe/Berlin] Processing line: DETECTION_RESULTS_END
[26-Mar-2025 15:02:50 Europe/Berlin] Parsing JSON data: {"timestamp": "1742997691", "detections": [{"id": 1, "class": "cotyledon_appear", "confidence": 87.99, "bbox": {"x1": 2181, "y1": 4053, "x2": 2601, "y2": 4454, "width": 419, "height": 400}, "crop_image": "cotyledon_appear_1_1_crop_1742997691.jpg"}, {"id": 2, "class": "cotyledon_appear", "confidence": 87.22, "bbox": {"x1": 2120, "y1": 1124, "x2": 2527, "y2": 1512, "width": 407, "height": 388}, "crop_image": "cotyledon_appear_1_2_crop_1742997691.jpg"}, {"id": 3, "class": "cotyledon_appear", "confidence": 85.72, "bbox": {"x1": 1675, "y1": 4047, "x2": 2095, "y2": 4434, "width": 420, "height": 386}, "crop_image": "cotyledon_appear_1_3_crop_1742997691.jpg"}, {"id": 4, "class": "cotyledon_appear", "confidence": 85.33, "bbox": {"x1": 2613, "y1": 1061, "x2": 2997, "y2": 1470, "width": 383, "height": 409}, "crop_image": "cotyledon_appear_1_4_crop_1742997691.jpg"}, {"id": 5, "class": "cotyledon_appear", "confidence": 85.02, "bbox": {"x1": 2632, "y1": 2040, "x2": 3024, "y2": 2432, "width": 391, "height": 392}, "crop_image": "cotyledon_appear_1_5_crop_1742997691.jpg"}, {"id": 6, "class": "germinated_seed", "confidence": 84.77, "bbox": {"x1": 2098, "y1": 224, "x2": 2495, "y2": 590, "width": 396, "height": 366}, "crop_image": "germinated_seed_1_6_crop_1742997691.jpg"}, {"id": 7, "class": "cotyledon_appear", "confidence": 84.76, "bbox": {"x1": 695, "y1": 4034, "x2": 1098, "y2": 4427, "width": 403, "height": 392}, "crop_image": "cotyledon_appear_1_7_crop_1742997691.jpg"}, {"id": 8, "class": "cotyledon_appear", "confidence": 84.18, "bbox": {"x1": 1181, "y1": 4034, "x2": 1559, "y2": 4471, "width": 378, "height": 436}, "crop_image": "cotyledon_appear_1_8_crop_1742997691.jpg"}, {"id": 9, "class": "cotyledon_appear", "confidence": 84.12, "bbox": {"x1": 2659, "y1": 3540, "x2": 3057, "y2": 3931, "width": 397, "height": 391}, "crop_image": "cotyledon_appear_1_9_crop_1742997691.jpg"}, {"id": 10, "class": "cotyledon_appear", "confidence": 84.0, "bbox": {"x1": 186, "y1": 4026, "x2": 593, "y2": 4396, "width": 406, "height": 369}, "crop_image": "cotyledon_appear_1_10_crop_1742997691.jpg"}, {"id": 11, "class": "germinated_seed", "confidence": 83.58, "bbox": {"x1": 1640, "y1": 663, "x2": 2019, "y2": 1064, "width": 379, "height": 400}, "crop_image": "germinated_seed_1_11_crop_1742997691.jpg"}, {"id": 12, "class": "cotyledon_appear", "confidence": 83.26, "bbox": {"x1": 2667, "y1": 3063, "x2": 3084, "y2": 3435, "width": 416, "height": 372}, "crop_image": "cotyledon_appear_1_12_crop_1742997691.jpg"}, {"id": 13, "class": "cotyledon_appear", "confidence": 82.97, "bbox": {"x1": 699, "y1": 3553, "x2": 1072, "y2": 3928, "width": 373, "height": 374}, "crop_image": "cotyledon_appear_1_13_crop_1742997691.jpg"}, {"id": 14, "class": "cotyledon_appear", "confidence": 82.74, "bbox": {"x1": 1662, "y1": 1138, "x2": 2034, "y2": 1548, "width": 371, "height": 409}, "crop_image": "cotyledon_appear_1_14_crop_1742997691.jpg"}, {"id": 15, "class": "cotyledon_appear", "confidence": 82.2, "bbox": {"x1": 171, "y1": 2587, "x2": 594, "y2": 2957, "width": 423, "height": 370}, "crop_image": "cotyledon_appear_1_15_crop_1742997691.jpg"}, {"id": 16, "class": "cotyledon_appear", "confidence": 81.38, "bbox": {"x1": 3073, "y1": 626, "x2": 3512, "y2": 1007, "width": 438, "height": 380}, "crop_image": "cotyledon_appear_1_16_crop_1742997691.jpg"}, {"id": 17, "class": "cotyledon_appear", "confidence": 81.31, "bbox": {"x1": 1690, "y1": 3538, "x2": 2066, "y2": 3956, "width": 375, "height": 417}, "crop_image": "cotyledon_appear_1_17_crop_1742997691.jpg"}, {"id": 18, "class": "not_germinated", "confidence": 81.14, "bbox": {"x1": 183, "y1": 1613, "x2": 616, "y2": 1973, "width": 433, "height": 359}, "crop_image": "not_germinated_1_18_crop_1742997691.jpg"}, {"id": 19, "class": "cotyledon_appear", "confidence": 80.93, "bbox": {"x1": 1652, "y1": 1633, "x2": 2052, "y2": 1962, "width": 399, "height": 329}, "crop_image": "cotyledon_appear_1_19_crop_1742997691.jpg"}, {"id": 20, "class": "cotyledon_appear", "confidence": 80.92, "bbox": {"x1": 2188, "y1": 2063, "x2": 2543, "y2": 2441, "width": 354, "height": 377}, "crop_image": "cotyledon_appear_1_20_crop_1742997691.jpg"}, {"id": 21, "class": "cotyledon_appear", "confidence": 80.65, "bbox": {"x1": 3059, "y1": 150, "x2": 3486, "y2": 539, "width": 427, "height": 388}, "crop_image": "cotyledon_appear_1_21_crop_1742997691.jpg"}, {"id": 22, "class": "cotyledon_appear", "confidence": 80.17, "bbox": {"x1": 2585, "y1": 661, "x2": 2989, "y2": 1011, "width": 403, "height": 349}, "crop_image": "cotyledon_appear_1_22_crop_1742997691.jpg"}, {"id": 23, "class": "cotyledon_appear", "confidence": 79.71, "bbox": {"x1": 1190, "y1": 661, "x2": 1560, "y2": 1053, "width": 370, "height": 391}, "crop_image": "cotyledon_appear_1_23_crop_1742997691.jpg"}, {"id": 24, "class": "germinated_seed", "confidence": 79.01, "bbox": {"x1": 2635, "y1": 1614, "x2": 2994, "y2": 1977, "width": 358, "height": 362}, "crop_image": "germinated_seed_1_24_crop_1742997691.jpg"}, {"id": 25, "class": "germinated_seed", "confidence": 78.59, "bbox": {"x1": 1661, "y1": 2093, "x2": 2006, "y2": 2457, "width": 344, "height": 363}, "crop_image": "germinated_seed_1_25_crop_1742997691.jpg"}, {"id": 26, "class": "cotyledon_appear", "confidence": 78.1, "bbox": {"x1": 3157, "y1": 2527, "x2": 3602, "y2": 2927, "width": 444, "height": 400}, "crop_image": "cotyledon_appear_1_26_crop_1742997691.jpg"}, {"id": 27, "class": "cotyledon_appear", "confidence": 77.82, "bbox": {"x1": 2597, "y1": 124, "x2": 2989, "y2": 568, "width": 392, "height": 443}, "crop_image": "cotyledon_appear_1_27_crop_1742997691.jpg"}, {"id": 28, "class": "cotyledon_appear", "confidence": 77.7, "bbox": {"x1": 2183, "y1": 2571, "x2": 2566, "y2": 2945, "width": 383, "height": 373}, "crop_image": "cotyledon_appear_1_28_crop_1742997691.jpg"}, {"id": 29, "class": "cotyledon_appear", "confidence": 77.27, "bbox": {"x1": 1200, "y1": 3556, "x2": 1555, "y2": 3966, "width": 355, "height": 410}, "crop_image": "cotyledon_appear_1_29_crop_1742997691.jpg"}, {"id": 30, "class": "cotyledon_appear", "confidence": 76.81, "bbox": {"x1": 2147, "y1": 1599, "x2": 2585, "y2": 1951, "width": 437, "height": 351}, "crop_image": "cotyledon_appear_1_30_crop_1742997691.jpg"}, {"id": 31, "class": "not_germinated", "confidence": 76.1, "bbox": {"x1": 1648, "y1": 255, "x2": 2027, "y2": 602, "width": 379, "height": 347}, "crop_image": "not_germinated_1_31_crop_1742997691.jpg"}, {"id": 32, "class": "cotyledon_appear", "confidence": 76.0, "bbox": {"x1": 3157, "y1": 3544, "x2": 3562, "y2": 3945, "width": 404, "height": 401}, "crop_image": "cotyledon_appear_1_32_crop_1742997691.jpg"}, {"id": 33, "class": "germinated_seed", "confidence": 75.37, "bbox": {"x1": 2700, "y1": 4050, "x2": 3039, "y2": 4391, "width": 339, "height": 340}, "crop_image": "germinated_seed_1_33_crop_1742997691.jpg"}, {"id": 34, "class": "cotyledon_appear", "confidence": 75.17, "bbox": {"x1": 698, "y1": 1143, "x2": 1083, "y2": 1507, "width": 385, "height": 363}, "crop_image": "cotyledon_appear_1_34_crop_1742997691.jpg"}, {"id": 35, "class": "germinated_seed", "confidence": 74.9, "bbox": {"x1": 1162, "y1": 3092, "x2": 1533, "y2": 3461, "width": 370, "height": 369}, "crop_image": "germinated_seed_1_35_crop_1742997691.jpg"}, {"id": 36, "class": "cotyledon_appear", "confidence": 73.68, "bbox": {"x1": 3139, "y1": 2007, "x2": 3578, "y2": 2431, "width": 438, "height": 424}, "crop_image": "cotyledon_appear_1_36_crop_1742997691.jpg"}, {"id": 37, "class": "cotyledon_appear", "confidence": 73.61, "bbox": {"x1": 3164, "y1": 4053, "x2": 3557, "y2": 4455, "width": 392, "height": 401}, "crop_image": "cotyledon_appear_1_37_crop_1742997691.jpg"}, {"id": 38, "class": "not_germinated", "confidence": 73.6, "bbox": {"x1": 209, "y1": 2115, "x2": 607, "y2": 2475, "width": 398, "height": 359}, "crop_image": "not_germinated_1_38_crop_1742997691.jpg"}, {"id": 39, "class": "cotyledon_appear", "confidence": 72.22, "bbox": {"x1": 1659, "y1": 2527, "x2": 2027, "y2": 2950, "width": 367, "height": 422}, "crop_image": "cotyledon_appear_1_39_crop_1742997691.jpg"}, {"id": 40, "class": "cotyledon_appear", "confidence": 72.0, "bbox": {"x1": 2673, "y1": 5010, "x2": 3073, "y2": 5352, "width": 399, "height": 342}, "crop_image": "cotyledon_appear_1_40_crop_1742997691.jpg"}, {"id": 41, "class": "cotyledon_appear", "confidence": 71.87, "bbox": {"x1": 236, "y1": 1088, "x2": 615, "y2": 1523, "width": 378, "height": 435}, "crop_image": "cotyledon_appear_1_41_crop_1742997691.jpg"}, {"id": 42, "class": "germinated_seed", "confidence": 71.67, "bbox": {"x1": 689, "y1": 238, "x2": 1082, "y2": 583, "width": 392, "height": 345}, "crop_image": "germinated_seed_1_42_crop_1742997691.jpg"}, {"id": 43, "class": "germinated_seed", "confidence": 71.5, "bbox": {"x1": 1630, "y1": 3084, "x2": 2014, "y2": 3430, "width": 383, "height": 345}, "crop_image": "germinated_seed_1_43_crop_1742997691.jpg"}, {"id": 44, "class": "cotyledon_appear", "confidence": 71.2, "bbox": {"x1": 671, "y1": 3074, "x2": 1069, "y2": 3501, "width": 397, "height": 427}, "crop_image": "cotyledon_appear_1_44_crop_1742997691.jpg"}, {"id": 45, "class": "germinated_seed", "confidence": 69.99, "bbox": {"x1": 3156, "y1": 3055, "x2": 3545, "y2": 3423, "width": 389, "height": 367}, "crop_image": "germinated_seed_1_45_crop_1742997691.jpg"}, {"id": 46, "class": "not_germinated", "confidence": 69.15, "bbox": {"x1": 182, "y1": 4513, "x2": 595, "y2": 4906, "width": 412, "height": 392}, "crop_image": "not_germinated_1_46_crop_1742997691.jpg"}, {"id": 47, "class": "germinated_seed", "confidence": 68.95, "bbox": {"x1": 1212, "y1": 4519, "x2": 1574, "y2": 4877, "width": 361, "height": 357}, "crop_image": "germinated_seed_1_47_crop_1742997691.jpg"}, {"id": 48, "class": "cotyledon_appear", "confidence": 68.84, "bbox": {"x1": 1184, "y1": 5001, "x2": 1579, "y2": 5379, "width": 395, "height": 377}, "crop_image": "cotyledon_appear_1_48_crop_1742997691.jpg"}, {"id": 49, "class": "cotyledon_appear", "confidence": 68.81, "bbox": {"x1": 1201, "y1": 1633, "x2": 1555, "y2": 1990, "width": 353, "height": 357}, "crop_image": "cotyledon_appear_1_49_crop_1742997691.jpg"}, {"id": 50, "class": "cotyledon_appear", "confidence": 68.74, "bbox": {"x1": 682, "y1": 4516, "x2": 1089, "y2": 4912, "width": 406, "height": 396}, "crop_image": "cotyledon_appear_1_50_crop_1742997691.jpg"}, {"id": 51, "class": "germinated_seed", "confidence": 68.2, "bbox": {"x1": 684, "y1": 1625, "x2": 1055, "y2": 2000, "width": 371, "height": 374}, "crop_image": "germinated_seed_1_51_crop_1742997691.jpg"}, {"id": 52, "class": "germinated_seed", "confidence": 67.98, "bbox": {"x1": 1675, "y1": 4534, "x2": 2049, "y2": 4895, "width": 373, "height": 360}, "crop_image": "germinated_seed_1_52_crop_1742997691.jpg"}, {"id": 53, "class": "cotyledon_appear", "confidence": 67.57, "bbox": {"x1": 3180, "y1": 4533, "x2": 3575, "y2": 4936, "width": 394, "height": 402}, "crop_image": "cotyledon_appear_1_53_crop_1742997691.jpg"}, {"id": 54, "class": "germinated_seed", "confidence": 66.27, "bbox": {"x1": 706, "y1": 2606, "x2": 1071, "y2": 2960, "width": 365, "height": 353}, "crop_image": "germinated_seed_1_54_crop_1742997691.jpg"}, {"id": 55, "class": "cotyledon_appear", "confidence": 66.26, "bbox": {"x1": 2178, "y1": 4510, "x2": 2550, "y2": 4882, "width": 372, "height": 371}, "crop_image": "cotyledon_appear_1_55_crop_1742997691.jpg"}, {"id": 56, "class": "not_germinated", "confidence": 65.6, "bbox": {"x1": 1172, "y1": 1169, "x2": 1549, "y2": 1531, "width": 377, "height": 362}, "crop_image": "not_germinated_1_56_crop_1742997691.jpg"}, {"id": 57, "class": "germinated_seed", "confidence": 65.32, "bbox": {"x1": 690, "y1": 5007, "x2": 1085, "y2": 5357, "width": 394, "height": 349}, "crop_image": "germinated_seed_1_57_crop_1742997691.jpg"}, {"id": 58, "class": "cotyledon_appear", "confidence": 65.32, "bbox": {"x1": 2185, "y1": 4996, "x2": 2550, "y2": 5417, "width": 364, "height": 421}, "crop_image": "cotyledon_appear_1_58_crop_1742997691.jpg"}, {"id": 59, "class": "germinated_seed", "confidence": 64.14, "bbox": {"x1": 727, "y1": 2093, "x2": 1071, "y2": 2455, "width": 343, "height": 362}, "crop_image": "germinated_seed_1_59_crop_1742997691.jpg"}, {"id": 60, "class": "germinated_seed", "confidence": 62.91, "bbox": {"x1": 169, "y1": 3050, "x2": 600, "y2": 3442, "width": 430, "height": 392}, "crop_image": "germinated_seed_1_60_crop_1742997691.jpg"}, {"id": 61, "class": "not_germinated", "confidence": 62.82, "bbox": {"x1": 2627, "y1": 2589, "x2": 2981, "y2": 2947, "width": 353, "height": 358}, "crop_image": "not_germinated_1_61_crop_1742997691.jpg"}, {"id": 62, "class": "germinated_seed", "confidence": 62.2, "bbox": {"x1": 3093, "y1": 1097, "x2": 3504, "y2": 1475, "width": 410, "height": 378}, "crop_image": "germinated_seed_1_62_crop_1742997691.jpg"}, {"id": 63, "class": "germinated_seed", "confidence": 61.53, "bbox": {"x1": 2154, "y1": 3537, "x2": 2555, "y2": 3909, "width": 400, "height": 372}, "crop_image": "germinated_seed_1_63_crop_1742997691.jpg"}, {"id": 64, "class": "cotyledon_appear", "confidence": 61.39, "bbox": {"x1": 1149, "y1": 2096, "x2": 1584, "y2": 2465, "width": 435, "height": 369}, "crop_image": "cotyledon_appear_1_64_crop_1742997691.jpg"}, {"id": 65, "class": "germinated_seed", "confidence": 60.17, "bbox": {"x1": 184, "y1": 5010, "x2": 613, "y2": 5393, "width": 429, "height": 383}, "crop_image": "germinated_seed_1_65_crop_1742997691.jpg"}, {"id": 66, "class": "not_germinated", "confidence": 59.61, "bbox": {"x1": 695, "y1": 684, "x2": 1055, "y2": 1037, "width": 359, "height": 353}, "crop_image": "not_germinated_1_66_crop_1742997691.jpg"}, {"id": 67, "class": "not_germinated", "confidence": 58.59, "bbox": {"x1": 227, "y1": 680, "x2": 614, "y2": 1031, "width": 386, "height": 350}, "crop_image": "not_germinated_1_67_crop_1742997691.jpg"}, {"id": 68, "class": "germinated_seed", "confidence": 58.25, "bbox": {"x1": 2177, "y1": 3058, "x2": 2552, "y2": 3416, "width": 375, "height": 358}, "crop_image": "germinated_seed_1_68_crop_1742997691.jpg"}, {"id": 69, "class": "germinated_seed", "confidence": 54.02, "bbox": {"x1": 3112, "y1": 1582, "x2": 3506, "y2": 1939, "width": 394, "height": 357}, "crop_image": "germinated_seed_1_69_crop_1742997691.jpg"}, {"id": 70, "class": "cotyledon_appear", "confidence": 51.97, "bbox": {"x1": 221, "y1": 129, "x2": 618, "y2": 603, "width": 397, "height": 473}, "crop_image": "cotyledon_appear_1_70_crop_1742997691.jpg"}, {"id": 71, "class": "germinated_seed", "confidence": 51.05, "bbox": {"x1": 1702, "y1": 5010, "x2": 2037, "y2": 5317, "width": 335, "height": 307}, "crop_image": "germinated_seed_1_71_crop_1742997691.jpg"}, {"id": 72, "class": "germinated_seed", "confidence": 50.8, "bbox": {"x1": 676, "y1": 4514, "x2": 1096, "y2": 4913, "width": 419, "height": 399}, "crop_image": "germinated_seed_1_72_crop_1742997691.jpg"}, {"id": 73, "class": "not_germinated", "confidence": 50.19, "bbox": {"x1": 2130, "y1": 682, "x2": 2483, "y2": 1042, "width": 353, "height": 359}, "crop_image": "not_germinated_1_73_crop_1742997691.jpg"}, {"id": 74, "class": "not_germinated", "confidence": 48.76, "bbox": {"x1": 1177, "y1": 275, "x2": 1570, "y2": 595, "width": 393, "height": 320}, "crop_image": "not_germinated_1_74_crop_1742997691.jpg"}, {"id": 75, "class": "not_germinated", "confidence": 47.27, "bbox": {"x1": 2694, "y1": 4523, "x2": 3047, "y2": 4925, "width": 352, "height": 402}, "crop_image": "not_germinated_1_75_crop_1742997691.jpg"}, {"id": 76, "class": "cotyledon_appear", "confidence": 47.02, "bbox": {"x1": 2178, "y1": 3058, "x2": 2552, "y2": 3414, "width": 374, "height": 355}, "crop_image": "cotyledon_appear_1_76_crop_1742997691.jpg"}, {"id": 77, "class": "germinated_seed", "confidence": 46.58, "bbox": {"x1": 220, "y1": 132, "x2": 619, "y2": 606, "width": 398, "height": 473}, "crop_image": "germinated_seed_1_77_crop_1742997691.jpg"}, {"id": 78, "class": "germinated_seed", "confidence": 44.81, "bbox": {"x1": 1159, "y1": 2595, "x2": 1516, "y2": 2950, "width": 357, "height": 354}, "crop_image": "germinated_seed_1_78_crop_1742997691.jpg"}, {"id": 79, "class": "not_germinated", "confidence": 42.5, "bbox": {"x1": 159, "y1": 3584, "x2": 587, "y2": 3917, "width": 427, "height": 333}, "crop_image": "not_germinated_1_79_crop_1742997691.jpg"}, {"id": 80, "class": "germinated_seed", "confidence": 42.31, "bbox": {"x1": 164, "y1": 3578, "x2": 592, "y2": 3920, "width": 427, "height": 341}, "crop_image": "germinated_seed_1_80_crop_1742997691.jpg"}, {"id": 81, "class": "not_germinated", "confidence": 40.14, "bbox": {"x1": 193, "y1": 5010, "x2": 615, "y2": 5393, "width": 422, "height": 382}, "crop_image": "not_germinated_1_81_crop_1742997691.jpg"}, {"id": 82, "class": "not_germinated", "confidence": 39.97, "bbox": {"x1": 1157, "y1": 2599, "x2": 1519, "y2": 2953, "width": 361, "height": 353}, "crop_image": "not_germinated_1_82_crop_1742997691.jpg"}, {"id": 83, "class": "cotyledon_appear", "confidence": 39.8, "bbox": {"x1": 739, "y1": 2095, "x2": 1077, "y2": 2455, "width": 338, "height": 360}, "crop_image": "cotyledon_appear_1_83_crop_1742997691.jpg"}, {"id": 84, "class": "cotyledon_appear", "confidence": 39.69, "bbox": {"x1": 3092, "y1": 1101, "x2": 3507, "y2": 1475, "width": 414, "height": 373}, "crop_image": "cotyledon_appear_1_84_crop_1742997691.jpg"}, {"id": 85, "class": "germinated_seed", "confidence": 38.35, "bbox": {"x1": 1177, "y1": 277, "x2": 1570, "y2": 595, "width": 393, "height": 318}, "crop_image": "germinated_seed_1_85_crop_1742997691.jpg"}, {"id": 86, "class": "not_germinated", "confidence": 36.43, "bbox": {"x1": 3178, "y1": 5038, "x2": 3508, "y2": 5409, "width": 329, "height": 370}, "crop_image": "not_germinated_1_86_crop_1742997691.jpg"}, {"id": 87, "class": "germinated_seed", "confidence": 28.02, "bbox": {"x1": 3181, "y1": 5041, "x2": 3511, "y2": 5414, "width": 330, "height": 372}, "crop_image": "germinated_seed_1_87_crop_1742997691.jpg"}]}
[26-Mar-2025 15:02:50 Europe/Berlin] Successfully parsed detection data
[05-Apr-2025 07:51:16 Europe/Berlin] File uploaded successfully to: C:\xampp\htdocs\ds_min-main/output/detect_9/raw__DSC1466.JPG
[05-Apr-2025 07:51:16 Europe/Berlin] Selected model: combined
[05-Apr-2025 07:51:16 Europe/Berlin] Model path: C:/xampp/htdocs/ds_min-main/pg/deeplearning/chili_yolov8.pt (exists: yes)
[05-Apr-2025 07:51:16 Europe/Berlin] Upload path: C:/xampp/htdocs/ds_min-main/output/detect_9/raw__DSC1466.JPG (exists: yes)
[05-Apr-2025 07:51:16 Europe/Berlin] Results dir: C:/xampp/htdocs/ds_min-main/results (exists: yes)
[05-Apr-2025 07:51:16 Europe/Berlin] Starting detection process...
[05-Apr-2025 07:51:16 Europe/Berlin] Executing command: cd "C:\xampp\htdocs\ds_min-main" && "C:/Users/Jasmine Tasmara/AppData/Local/Programs/Python/Python38/python.exe" "C:\Users\Jasmine Tasmara\AppData\Local\Temp\detAED3.tmp.py" 2>&1
[05-Apr-2025 07:51:54 Europe/Berlin] Command output:
Model path: C:/xampp/htdocs/ds_min-main/pg/deeplearning/chili_yolov8.pt (exists: True)
Upload path: C:/xampp/htdocs/ds_min-main/output/detect_9/raw__DSC1466.JPG (exists: True)
Results dir: C:/xampp/htdocs/ds_min-main/output/detect_9 (exists: True)
Using HSV ranges:
Range 1: H=[155-255], S=[160-240], V=[160-255]
Range 2: H=[0-30], S=[160-240], V=[160-255]
Starting detection process...

image 1/1 C:\xampp\htdocs\ds_min-main\output\detect_9\raw__DSC1466.JPG: 640x448 19 cotyledon_appears, 55 germinated_seeds, 5 not_germinateds, 228.1ms
Speed: 7.2ms preprocess, 228.1ms inference, 6.0ms postprocess per image at shape (1, 3, 640, 448)
Saved cropped germinated_seed to: C:/xampp/htdocs/ds_min-main/output/detect_9\germinated_seed_1_1_crop_1743832276.jpg
Processed detection 1.1: germinated_seed (conf: 0.90)
Saved cropped germinated_seed to: C:/xampp/htdocs/ds_min-main/output/detect_9\germinated_seed_1_2_crop_1743832276.jpg
Processed detection 1.2: germinated_seed (conf: 0.87)
Saved cropped germinated_seed to: C:/xampp/htdocs/ds_min-main/output/detect_9\germinated_seed_1_3_crop_1743832276.jpg
Processed detection 1.3: germinated_seed (conf: 0.86)
Saved cropped germinated_seed to: C:/xampp/htdocs/ds_min-main/output/detect_9\germinated_seed_1_4_crop_1743832276.jpg
Processed detection 1.4: germinated_seed (conf: 0.84)
Saved cropped germinated_seed to: C:/xampp/htdocs/ds_min-main/output/detect_9\germinated_seed_1_5_crop_1743832276.jpg
Processed detection 1.5: germinated_seed (conf: 0.84)
Saved cropped germinated_seed to: C:/xampp/htdocs/ds_min-main/output/detect_9\germinated_seed_1_6_crop_1743832276.jpg
Processed detection 1.6: germinated_seed (conf: 0.82)
Saved cropped germinated_seed to: C:/xampp/htdocs/ds_min-main/output/detect_9\germinated_seed_1_7_crop_1743832276.jpg
Processed detection 1.7: germinated_seed (conf: 0.80)
Saved cropped germinated_seed to: C:/xampp/htdocs/ds_min-main/output/detect_9\germinated_seed_1_8_crop_1743832276.jpg
Processed detection 1.8: germinated_seed (conf: 0.80)
Saved cropped germinated_seed to: C:/xampp/htdocs/ds_min-main/output/detect_9\germinated_seed_1_9_crop_1743832276.jpg
Processed detection 1.9: germinated_seed (conf: 0.80)
Saved cropped germinated_seed to: C:/xampp/htdocs/ds_min-main/output/detect_9\germinated_seed_1_10_crop_1743832276.jpg
Processed detection 1.10: germinated_seed (conf: 0.77)
Saved cropped germinated_seed to: C:/xampp/htdocs/ds_min-main/output/detect_9\germinated_seed_1_11_crop_1743832276.jpg
Processed detection 1.11: germinated_seed (conf: 0.73)
Saved cropped cotyledon_appear to: C:/xampp/htdocs/ds_min-main/output/detect_9\cotyledon_appear_1_12_crop_1743832276.jpg
Processed detection 1.12: cotyledon_appear (conf: 0.72)
Saved cropped germinated_seed to: C:/xampp/htdocs/ds_min-main/output/detect_9\germinated_seed_1_13_crop_1743832276.jpg
Processed detection 1.13: germinated_seed (conf: 0.72)
Saved cropped germinated_seed to: C:/xampp/htdocs/ds_min-main/output/detect_9\germinated_seed_1_14_crop_1743832276.jpg
Processed detection 1.14: germinated_seed (conf: 0.72)
Saved cropped germinated_seed to: C:/xampp/htdocs/ds_min-main/output/detect_9\germinated_seed_1_15_crop_1743832276.jpg
Processed detection 1.15: germinated_seed (conf: 0.72)
Saved cropped not_germinated to: C:/xampp/htdocs/ds_min-main/output/detect_9\not_germinated_1_16_crop_1743832276.jpg
Processed detection 1.16: not_germinated (conf: 0.71)
Saved cropped germinated_seed to: C:/xampp/htdocs/ds_min-main/output/detect_9\germinated_seed_1_17_crop_1743832276.jpg
Processed detection 1.17: germinated_seed (conf: 0.70)
Saved cropped cotyledon_appear to: C:/xampp/htdocs/ds_min-main/output/detect_9\cotyledon_appear_1_18_crop_1743832276.jpg
Processed detection 1.18: cotyledon_appear (conf: 0.70)
Saved cropped germinated_seed to: C:/xampp/htdocs/ds_min-main/output/detect_9\germinated_seed_1_19_crop_1743832276.jpg
Processed detection 1.19: germinated_seed (conf: 0.69)
Saved cropped germinated_seed to: C:/xampp/htdocs/ds_min-main/output/detect_9\germinated_seed_1_20_crop_1743832276.jpg
Processed detection 1.20: germinated_seed (conf: 0.69)
Saved cropped germinated_seed to: C:/xampp/htdocs/ds_min-main/output/detect_9\germinated_seed_1_21_crop_1743832276.jpg
Processed detection 1.21: germinated_seed (conf: 0.68)
Saved cropped germinated_seed to: C:/xampp/htdocs/ds_min-main/output/detect_9\germinated_seed_1_22_crop_1743832276.jpg
Processed detection 1.22: germinated_seed (conf: 0.68)
Saved cropped cotyledon_appear to: C:/xampp/htdocs/ds_min-main/output/detect_9\cotyledon_appear_1_23_crop_1743832276.jpg
Processed detection 1.23: cotyledon_appear (conf: 0.68)
Saved cropped cotyledon_appear to: C:/xampp/htdocs/ds_min-main/output/detect_9\cotyledon_appear_1_24_crop_1743832276.jpg
Processed detection 1.24: cotyledon_appear (conf: 0.67)
Saved cropped germinated_seed to: C:/xampp/htdocs/ds_min-main/output/detect_9\germinated_seed_1_25_crop_1743832276.jpg
Processed detection 1.25: germinated_seed (conf: 0.67)
Saved cropped germinated_seed to: C:/xampp/htdocs/ds_min-main/output/detect_9\germinated_seed_1_26_crop_1743832276.jpg
Processed detection 1.26: germinated_seed (conf: 0.67)
Saved cropped germinated_seed to: C:/xampp/htdocs/ds_min-main/output/detect_9\germinated_seed_1_27_crop_1743832276.jpg
Processed detection 1.27: germinated_seed (conf: 0.66)
Saved cropped germinated_seed to: C:/xampp/htdocs/ds_min-main/output/detect_9\germinated_seed_1_28_crop_1743832276.jpg
Processed detection 1.28: germinated_seed (conf: 0.65)
Saved cropped germinated_seed to: C:/xampp/htdocs/ds_min-main/output/detect_9\germinated_seed_1_29_crop_1743832276.jpg
Processed detection 1.29: germinated_seed (conf: 0.65)
Saved cropped germinated_seed to: C:/xampp/htdocs/ds_min-main/output/detect_9\germinated_seed_1_30_crop_1743832276.jpg
Processed detection 1.30: germinated_seed (conf: 0.64)
Saved cropped cotyledon_appear to: C:/xampp/htdocs/ds_min-main/output/detect_9\cotyledon_appear_1_31_crop_1743832276.jpg
Processed detection 1.31: cotyledon_appear (conf: 0.64)
Saved cropped germinated_seed to: C:/xampp/htdocs/ds_min-main/output/detect_9\germinated_seed_1_32_crop_1743832276.jpg
Processed detection 1.32: germinated_seed (conf: 0.64)
Saved cropped germinated_seed to: C:/xampp/htdocs/ds_min-main/output/detect_9\germinated_seed_1_33_crop_1743832276.jpg
Processed detection 1.33: germinated_seed (conf: 0.64)
Saved cropped germinated_seed to: C:/xampp/htdocs/ds_min-main/output/detect_9\germinated_seed_1_34_crop_1743832276.jpg
Processed detection 1.34: germinated_seed (conf: 0.63)
Saved cropped germinated_seed to: C:/xampp/htdocs/ds_min-main/output/detect_9\germinated_seed_1_35_crop_1743832276.jpg
Processed detection 1.35: germinated_seed (conf: 0.63)
Saved cropped germinated_seed to: C:/xampp/htdocs/ds_min-main/output/detect_9\germinated_seed_1_36_crop_1743832276.jpg
Processed detection 1.36: germinated_seed (conf: 0.63)
Saved cropped germinated_seed to: C:/xampp/htdocs/ds_min-main/output/detect_9\germinated_seed_1_37_crop_1743832276.jpg
Processed detection 1.37: germinated_seed (conf: 0.63)
Saved cropped germinated_seed to: C:/xampp/htdocs/ds_min-main/output/detect_9\germinated_seed_1_38_crop_1743832276.jpg
Processed detection 1.38: germinated_seed (conf: 0.63)
Saved cropped germinated_seed to: C:/xampp/htdocs/ds_min-main/output/detect_9\germinated_seed_1_39_crop_1743832276.jpg
Processed detection 1.39: germinated_seed (conf: 0.63)
Saved cropped cotyledon_appear to: C:/xampp/htdocs/ds_min-main/output/detect_9\cotyledon_appear_1_40_crop_1743832276.jpg
Processed detection 1.40: cotyledon_appear (conf: 0.61)
Saved cropped germinated_seed to: C:/xampp/htdocs/ds_min-main/output/detect_9\germinated_seed_1_41_crop_1743832276.jpg
Processed detection 1.41: germinated_seed (conf: 0.61)
Saved cropped germinated_seed to: C:/xampp/htdocs/ds_min-main/output/detect_9\germinated_seed_1_42_crop_1743832276.jpg
Processed detection 1.42: germinated_seed (conf: 0.61)
Saved cropped cotyledon_appear to: C:/xampp/htdocs/ds_min-main/output/detect_9\cotyledon_appear_1_43_crop_1743832276.jpg
Processed detection 1.43: cotyledon_appear (conf: 0.60)
Saved cropped germinated_seed to: C:/xampp/htdocs/ds_min-main/output/detect_9\germinated_seed_1_44_crop_1743832276.jpg
Processed detection 1.44: germinated_seed (conf: 0.59)
Saved cropped germinated_seed to: C:/xampp/htdocs/ds_min-main/output/detect_9\germinated_seed_1_45_crop_1743832276.jpg
Processed detection 1.45: germinated_seed (conf: 0.58)
Saved cropped germinated_seed to: C:/xampp/htdocs/ds_min-main/output/detect_9\germinated_seed_1_46_crop_1743832276.jpg
Processed detection 1.46: germinated_seed (conf: 0.58)
Saved cropped cotyledon_appear to: C:/xampp/htdocs/ds_min-main/output/detect_9\cotyledon_appear_1_47_crop_1743832276.jpg
Processed detection 1.47: cotyledon_appear (conf: 0.57)
Saved cropped cotyledon_appear to: C:/xampp/htdocs/ds_min-main/output/detect_9\cotyledon_appear_1_48_crop_1743832276.jpg
Processed detection 1.48: cotyledon_appear (conf: 0.57)
Saved cropped germinated_seed to: C:/xampp/htdocs/ds_min-main/output/detect_9\germinated_seed_1_49_crop_1743832276.jpg
Processed detection 1.49: germinated_seed (conf: 0.57)
Saved cropped germinated_seed to: C:/xampp/htdocs/ds_min-main/output/detect_9\germinated_seed_1_50_crop_1743832276.jpg
Processed detection 1.50: germinated_seed (conf: 0.57)
Saved cropped germinated_seed to: C:/xampp/htdocs/ds_min-main/output/detect_9\germinated_seed_1_51_crop_1743832276.jpg
Processed detection 1.51: germinated_seed (conf: 0.56)
Saved cropped cotyledon_appear to: C:/xampp/htdocs/ds_min-main/output/detect_9\cotyledon_appear_1_52_crop_1743832276.jpg
Processed detection 1.52: cotyledon_appear (conf: 0.56)
Saved cropped cotyledon_appear to: C:/xampp/htdocs/ds_min-main/output/detect_9\cotyledon_appear_1_53_crop_1743832276.jpg
Processed detection 1.53: cotyledon_appear (conf: 0.56)
Saved cropped germinated_seed to: C:/xampp/htdocs/ds_min-main/output/detect_9\germinated_seed_1_54_crop_1743832276.jpg
Processed detection 1.54: germinated_seed (conf: 0.56)
Saved cropped germinated_seed to: C:/xampp/htdocs/ds_min-main/output/detect_9\germinated_seed_1_55_crop_1743832276.jpg
Processed detection 1.55: germinated_seed (conf: 0.55)
Saved cropped germinated_seed to: C:/xampp/htdocs/ds_min-main/output/detect_9\germinated_seed_1_56_crop_1743832276.jpg
Processed detection 1.56: germinated_seed (conf: 0.54)
Saved cropped germinated_seed to: C:/xampp/htdocs/ds_min-main/output/detect_9\germinated_seed_1_57_crop_1743832276.jpg
Processed detection 1.57: germinated_seed (conf: 0.53)
Saved cropped cotyledon_appear to: C:/xampp/htdocs/ds_min-main/output/detect_9\cotyledon_appear_1_58_crop_1743832276.jpg
Processed detection 1.58: cotyledon_appear (conf: 0.53)
Saved cropped cotyledon_appear to: C:/xampp/htdocs/ds_min-main/output/detect_9\cotyledon_appear_1_59_crop_1743832276.jpg
Processed detection 1.59: cotyledon_appear (conf: 0.51)
Saved cropped cotyledon_appear to: C:/xampp/htdocs/ds_min-main/output/detect_9\cotyledon_appear_1_60_crop_1743832276.jpg
Processed detection 1.60: cotyledon_appear (conf: 0.50)
Saved cropped germinated_seed to: C:/xampp/htdocs/ds_min-main/output/detect_9\germinated_seed_1_61_crop_1743832276.jpg
Processed detection 1.61: germinated_seed (conf: 0.50)
Saved cropped germinated_seed to: C:/xampp/htdocs/ds_min-main/output/detect_9\germinated_seed_1_62_crop_1743832276.jpg
Processed detection 1.62: germinated_seed (conf: 0.49)
Saved cropped cotyledon_appear to: C:/xampp/htdocs/ds_min-main/output/detect_9\cotyledon_appear_1_63_crop_1743832276.jpg
Processed detection 1.63: cotyledon_appear (conf: 0.48)
Saved cropped cotyledon_appear to: C:/xampp/htdocs/ds_min-main/output/detect_9\cotyledon_appear_1_64_crop_1743832276.jpg
Processed detection 1.64: cotyledon_appear (conf: 0.48)
Saved cropped germinated_seed to: C:/xampp/htdocs/ds_min-main/output/detect_9\germinated_seed_1_65_crop_1743832276.jpg
Processed detection 1.65: germinated_seed (conf: 0.48)
Saved cropped germinated_seed to: C:/xampp/htdocs/ds_min-main/output/detect_9\germinated_seed_1_66_crop_1743832276.jpg
Processed detection 1.66: germinated_seed (conf: 0.47)
Saved cropped not_germinated to: C:/xampp/htdocs/ds_min-main/output/detect_9\not_germinated_1_67_crop_1743832276.jpg
Processed detection 1.67: not_germinated (conf: 0.46)
Saved cropped not_germinated to: C:/xampp/htdocs/ds_min-main/output/detect_9\not_germinated_1_68_crop_1743832276.jpg
Processed detection 1.68: not_germinated (conf: 0.44)
Saved cropped cotyledon_appear to: C:/xampp/htdocs/ds_min-main/output/detect_9\cotyledon_appear_1_69_crop_1743832276.jpg
Processed detection 1.69: cotyledon_appear (conf: 0.44)
Saved cropped germinated_seed to: C:/xampp/htdocs/ds_min-main/output/detect_9\germinated_seed_1_70_crop_1743832276.jpg
Processed detection 1.70: germinated_seed (conf: 0.43)
Saved cropped germinated_seed to: C:/xampp/htdocs/ds_min-main/output/detect_9\germinated_seed_1_71_crop_1743832276.jpg
Processed detection 1.71: germinated_seed (conf: 0.43)
Saved cropped germinated_seed to: C:/xampp/htdocs/ds_min-main/output/detect_9\germinated_seed_1_72_crop_1743832276.jpg
Processed detection 1.72: germinated_seed (conf: 0.43)
Saved cropped cotyledon_appear to: C:/xampp/htdocs/ds_min-main/output/detect_9\cotyledon_appear_1_73_crop_1743832276.jpg
Processed detection 1.73: cotyledon_appear (conf: 0.40)
Saved cropped not_germinated to: C:/xampp/htdocs/ds_min-main/output/detect_9\not_germinated_1_74_crop_1743832276.jpg
Processed detection 1.74: not_germinated (conf: 0.35)
Saved cropped cotyledon_appear to: C:/xampp/htdocs/ds_min-main/output/detect_9\cotyledon_appear_1_75_crop_1743832276.jpg
Processed detection 1.75: cotyledon_appear (conf: 0.33)
Saved cropped germinated_seed to: C:/xampp/htdocs/ds_min-main/output/detect_9\germinated_seed_1_76_crop_1743832276.jpg
Processed detection 1.76: germinated_seed (conf: 0.33)
Saved cropped germinated_seed to: C:/xampp/htdocs/ds_min-main/output/detect_9\germinated_seed_1_77_crop_1743832276.jpg
Processed detection 1.77: germinated_seed (conf: 0.33)
Saved cropped germinated_seed to: C:/xampp/htdocs/ds_min-main/output/detect_9\germinated_seed_1_78_crop_1743832276.jpg
Processed detection 1.78: germinated_seed (conf: 0.30)
Saved cropped not_germinated to: C:/xampp/htdocs/ds_min-main/output/detect_9\not_germinated_1_79_crop_1743832276.jpg
Processed detection 1.79: not_germinated (conf: 0.25)
Saved detection results to: C:/xampp/htdocs/ds_min-main/output/detect_9\1743832276_detections.json
Saved result visualization to: C:/xampp/htdocs/ds_min-main/output/detect_9\1743832276_result.jpg
Detection complete. Found 79 objects.
DETECTION_RESULTS_START
{"timestamp": "1743832276", "detections": [{"id": 1, "class": "germinated_seed", "confidence": 89.85, "bbox": {"x1": 1389, "y1": 2120, "x2": 1737, "y2": 2474, "width": 348, "height": 354}, "crop_image": "germinated_seed_1_1_crop_1743832276.jpg"}, {"id": 2, "class": "germinated_seed", "confidence": 87.3, "bbox": {"x1": 1347, "y1": 1057, "x2": 1731, "y2": 1389, "width": 383, "height": 331}, "crop_image": "germinated_seed_1_2_crop_1743832276.jpg"}, {"id": 3, "class": "germinated_seed", "confidence": 86.13, "bbox": {"x1": 1957, "y1": 1590, "x2": 2323, "y2": 1951, "width": 366, "height": 360}, "crop_image": "germinated_seed_1_3_crop_1743832276.jpg"}, {"id": 4, "class": "germinated_seed", "confidence": 84.32, "bbox": {"x1": 303, "y1": 3329, "x2": 641, "y2": 3700, "width": 337, "height": 371}, "crop_image": "germinated_seed_1_4_crop_1743832276.jpg"}, {"id": 5, "class": "germinated_seed", "confidence": 84.26, "bbox": {"x1": 104, "y1": 327, "x2": 502, "y2": 747, "width": 397, "height": 420}, "crop_image": "germinated_seed_1_5_crop_1743832276.jpg"}, {"id": 6, "class": "germinated_seed", "confidence": 81.72, "bbox": {"x1": 2462, "y1": 425, "x2": 2801, "y2": 800, "width": 339, "height": 374}, "crop_image": "germinated_seed_1_6_crop_1743832276.jpg"}, {"id": 7, "class": "germinated_seed", "confidence": 80.34, "bbox": {"x1": 1370, "y1": 391, "x2": 1702, "y2": 786, "width": 331, "height": 394}, "crop_image": "germinated_seed_1_7_crop_1743832276.jpg"}, {"id": 8, "class": "germinated_seed", "confidence": 80.13, "bbox": {"x1": 1368, "y1": 3273, "x2": 1732, "y2": 3587, "width": 363, "height": 313}, "crop_image": "germinated_seed_1_8_crop_1743832276.jpg"}, {"id": 9, "class": "germinated_seed", "confidence": 79.57, "bbox": {"x1": 1959, "y1": 2099, "x2": 2322, "y2": 2488, "width": 363, "height": 388}, "crop_image": "germinated_seed_1_9_crop_1743832276.jpg"}, {"id": 10, "class": "germinated_seed", "confidence": 76.68, "bbox": {"x1": 211, "y1": 1616, "x2": 578, "y2": 1956, "width": 366, "height": 340}, "crop_image": "germinated_seed_1_10_crop_1743832276.jpg"}, {"id": 11, "class": "germinated_seed", "confidence": 73.11, "bbox": {"x1": 2511, "y1": 0, "x2": 2884, "y2": 213, "width": 373, "height": 213}, "crop_image": "germinated_seed_1_11_crop_1743832276.jpg"}, {"id": 12, "class": "cotyledon_appear", "confidence": 72.34, "bbox": {"x1": 2026, "y1": 3796, "x2": 2411, "y2": 4178, "width": 384, "height": 382}, "crop_image": "cotyledon_appear_1_12_crop_1743832276.jpg"}, {"id": 13, "class": "germinated_seed", "confidence": 71.98, "bbox": {"x1": 1457, "y1": 3823, "x2": 1779, "y2": 4169, "width": 322, "height": 345}, "crop_image": "germinated_seed_1_13_crop_1743832276.jpg"}, {"id": 14, "class": "germinated_seed", "confidence": 71.73, "bbox": {"x1": 739, "y1": 1555, "x2": 1120, "y2": 1901, "width": 380, "height": 345}, "crop_image": "germinated_seed_1_14_crop_1743832276.jpg"}, {"id": 15, "class": "germinated_seed", "confidence": 71.68, "bbox": {"x1": 2006, "y1": 3259, "x2": 2349, "y2": 3596, "width": 342, "height": 336}, "crop_image": "germinated_seed_1_15_crop_1743832276.jpg"}, {"id": 16, "class": "not_germinated", "confidence": 70.73, "bbox": {"x1": 2533, "y1": 2732, "x2": 2929, "y2": 3095, "width": 395, "height": 362}, "crop_image": "not_germinated_1_16_crop_1743832276.jpg"}, {"id": 17, "class": "germinated_seed", "confidence": 69.92, "bbox": {"x1": 1380, "y1": 1477, "x2": 1771, "y2": 1961, "width": 391, "height": 483}, "crop_image": "germinated_seed_1_17_crop_1743832276.jpg"}, {"id": 18, "class": "cotyledon_appear", "confidence": 69.67, "bbox": {"x1": 3077, "y1": 422, "x2": 3445, "y2": 810, "width": 367, "height": 387}, "crop_image": "cotyledon_appear_1_18_crop_1743832276.jpg"}, {"id": 19, "class": "germinated_seed", "confidence": 69.4, "bbox": {"x1": 132, "y1": 0, "x2": 526, "y2": 190, "width": 393, "height": 190}, "crop_image": "germinated_seed_1_19_crop_1743832276.jpg"}, {"id": 20, "class": "germinated_seed", "confidence": 68.54, "bbox": {"x1": 1947, "y1": 5363, "x2": 2281, "y2": 5566, "width": 334, "height": 202}, "crop_image": "germinated_seed_1_20_crop_1743832276.jpg"}, {"id": 21, "class": "germinated_seed", "confidence": 68.22, "bbox": {"x1": 1447, "y1": 4898, "x2": 1776, "y2": 5215, "width": 328, "height": 316}, "crop_image": "germinated_seed_1_21_crop_1743832276.jpg"}, {"id": 22, "class": "germinated_seed", "confidence": 68.15, "bbox": {"x1": 1942, "y1": 0, "x2": 2298, "y2": 237, "width": 356, "height": 237}, "crop_image": "germinated_seed_1_22_crop_1743832276.jpg"}, {"id": 23, "class": "cotyledon_appear", "confidence": 67.55, "bbox": {"x1": 142, "y1": 2150, "x2": 535, "y2": 2487, "width": 392, "height": 336}, "crop_image": "cotyledon_appear_1_23_crop_1743832276.jpg"}, {"id": 24, "class": "cotyledon_appear", "confidence": 67.44, "bbox": {"x1": 848, "y1": 2747, "x2": 1247, "y2": 3057, "width": 399, "height": 310}, "crop_image": "cotyledon_appear_1_24_crop_1743832276.jpg"}, {"id": 25, "class": "germinated_seed", "confidence": 66.91, "bbox": {"x1": 3097, "y1": 3244, "x2": 3490, "y2": 3575, "width": 392, "height": 331}, "crop_image": "germinated_seed_1_25_crop_1743832276.jpg"}, {"id": 26, "class": "germinated_seed", "confidence": 66.88, "bbox": {"x1": 1357, "y1": 0, "x2": 1700, "y2": 208, "width": 342, "height": 208}, "crop_image": "germinated_seed_1_26_crop_1743832276.jpg"}, {"id": 27, "class": "germinated_seed", "confidence": 66.3, "bbox": {"x1": 1989, "y1": 4342, "x2": 2310, "y2": 4642, "width": 320, "height": 300}, "crop_image": "germinated_seed_1_27_crop_1743832276.jpg"}, {"id": 28, "class": "germinated_seed", "confidence": 65.33, "bbox": {"x1": 3044, "y1": 1536, "x2": 3438, "y2": 1952, "width": 393, "height": 415}, "crop_image": "germinated_seed_1_28_crop_1743832276.jpg"}, {"id": 29, "class": "germinated_seed", "confidence": 65.08, "bbox": {"x1": 2483, "y1": 2116, "x2": 2817, "y2": 2483, "width": 333, "height": 366}, "crop_image": "germinated_seed_1_29_crop_1743832276.jpg"}, {"id": 30, "class": "germinated_seed", "confidence": 64.25, "bbox": {"x1": 1440, "y1": 4371, "x2": 1791, "y2": 4707, "width": 351, "height": 335}, "crop_image": "germinated_seed_1_30_crop_1743832276.jpg"}, {"id": 31, "class": "cotyledon_appear", "confidence": 64.12, "bbox": {"x1": 835, "y1": 3246, "x2": 1151, "y2": 3600, "width": 315, "height": 354}, "crop_image": "cotyledon_appear_1_31_crop_1743832276.jpg"}, {"id": 32, "class": "germinated_seed", "confidence": 64.08, "bbox": {"x1": 3075, "y1": 2704, "x2": 3462, "y2": 3068, "width": 387, "height": 363}, "crop_image": "germinated_seed_1_32_crop_1743832276.jpg"}, {"id": 33, "class": "germinated_seed", "confidence": 63.88, "bbox": {"x1": 2492, "y1": 4850, "x2": 2882, "y2": 5275, "width": 389, "height": 424}, "crop_image": "germinated_seed_1_33_crop_1743832276.jpg"}, {"id": 34, "class": "germinated_seed", "confidence": 63.45, "bbox": {"x1": 173, "y1": 3912, "x2": 571, "y2": 4287, "width": 398, "height": 374}, "crop_image": "germinated_seed_1_34_crop_1743832276.jpg"}, {"id": 35, "class": "germinated_seed", "confidence": 63.4, "bbox": {"x1": 805, "y1": 1, "x2": 1163, "y2": 265, "width": 357, "height": 264}, "crop_image": "germinated_seed_1_35_crop_1743832276.jpg"}, {"id": 36, "class": "germinated_seed", "confidence": 63.12, "bbox": {"x1": 2516, "y1": 5343, "x2": 2872, "y2": 5567, "width": 355, "height": 223}, "crop_image": "germinated_seed_1_36_crop_1743832276.jpg"}, {"id": 37, "class": "germinated_seed", "confidence": 63.02, "bbox": {"x1": 1909, "y1": 917, "x2": 2289, "y2": 1383, "width": 380, "height": 465}, "crop_image": "germinated_seed_1_37_crop_1743832276.jpg"}, {"id": 38, "class": "germinated_seed", "confidence": 62.95, "bbox": {"x1": 146, "y1": 2773, "x2": 595, "y2": 3164, "width": 448, "height": 390}, "crop_image": "germinated_seed_1_38_crop_1743832276.jpg"}, {"id": 39, "class": "germinated_seed", "confidence": 62.71, "bbox": {"x1": 824, "y1": 408, "x2": 1187, "y2": 793, "width": 363, "height": 385}, "crop_image": "germinated_seed_1_39_crop_1743832276.jpg"}, {"id": 40, "class": "cotyledon_appear", "confidence": 61.48, "bbox": {"x1": 2544, "y1": 3801, "x2": 2934, "y2": 4218, "width": 389, "height": 416}, "crop_image": "cotyledon_appear_1_40_crop_1743832276.jpg"}, {"id": 41, "class": "germinated_seed", "confidence": 60.82, "bbox": {"x1": 1957, "y1": 326, "x2": 2313, "y2": 768, "width": 356, "height": 442}, "crop_image": "germinated_seed_1_41_crop_1743832276.jpg"}, {"id": 42, "class": "germinated_seed", "confidence": 60.61, "bbox": {"x1": 810, "y1": 1028, "x2": 1207, "y2": 1375, "width": 396, "height": 346}, "crop_image": "germinated_seed_1_42_crop_1743832276.jpg"}, {"id": 43, "class": "cotyledon_appear", "confidence": 59.98, "bbox": {"x1": 2574, "y1": 3243, "x2": 2945, "y2": 3562, "width": 371, "height": 319}, "crop_image": "cotyledon_appear_1_43_crop_1743832276.jpg"}, {"id": 44, "class": "germinated_seed", "confidence": 58.88, "bbox": {"x1": 2543, "y1": 3798, "x2": 2938, "y2": 4216, "width": 395, "height": 417}, "crop_image": "germinated_seed_1_44_crop_1743832276.jpg"}, {"id": 45, "class": "germinated_seed", "confidence": 57.6, "bbox": {"x1": 191, "y1": 877, "x2": 622, "y2": 1358, "width": 430, "height": 481}, "crop_image": "germinated_seed_1_45_crop_1743832276.jpg"}, {"id": 46, "class": "germinated_seed", "confidence": 57.52, "bbox": {"x1": 3084, "y1": 980, "x2": 3482, "y2": 1342, "width": 397, "height": 361}, "crop_image": "germinated_seed_1_46_crop_1743832276.jpg"}, {"id": 47, "class": "cotyledon_appear", "confidence": 57.36, "bbox": {"x1": 2498, "y1": 4849, "x2": 2863, "y2": 5277, "width": 365, "height": 428}, "crop_image": "cotyledon_appear_1_47_crop_1743832276.jpg"}, {"id": 48, "class": "cotyledon_appear", "confidence": 57.31, "bbox": {"x1": 1942, "y1": 2704, "x2": 2325, "y2": 3044, "width": 382, "height": 340}, "crop_image": "cotyledon_appear_1_48_crop_1743832276.jpg"}, {"id": 49, "class": "germinated_seed", "confidence": 56.89, "bbox": {"x1": 1960, "y1": 4856, "x2": 2255, "y2": 5182, "width": 295, "height": 326}, "crop_image": "germinated_seed_1_49_crop_1743832276.jpg"}, {"id": 50, "class": "germinated_seed", "confidence": 56.62, "bbox": {"x1": 937, "y1": 4936, "x2": 1244, "y2": 5244, "width": 307, "height": 307}, "crop_image": "germinated_seed_1_50_crop_1743832276.jpg"}, {"id": 51, "class": "germinated_seed", "confidence": 56.33, "bbox": {"x1": 3009, "y1": 0, "x2": 3388, "y2": 257, "width": 378, "height": 257}, "crop_image": "germinated_seed_1_51_crop_1743832276.jpg"}, {"id": 52, "class": "cotyledon_appear", "confidence": 55.66, "bbox": {"x1": 1378, "y1": 2653, "x2": 1784, "y2": 3051, "width": 406, "height": 397}, "crop_image": "cotyledon_appear_1_52_crop_1743832276.jpg"}, {"id": 53, "class": "cotyledon_appear", "confidence": 55.58, "bbox": {"x1": 2526, "y1": 4334, "x2": 2851, "y2": 4757, "width": 325, "height": 422}, "crop_image": "cotyledon_appear_1_53_crop_1743832276.jpg"}, {"id": 54, "class": "germinated_seed", "confidence": 55.56, "bbox": {"x1": 3055, "y1": 3786, "x2": 3370, "y2": 4165, "width": 315, "height": 378}, "crop_image": "germinated_seed_1_54_crop_1743832276.jpg"}, {"id": 55, "class": "germinated_seed", "confidence": 55.45, "bbox": {"x1": 3072, "y1": 4850, "x2": 3425, "y2": 5099, "width": 353, "height": 248}, "crop_image": "germinated_seed_1_55_crop_1743832276.jpg"}, {"id": 56, "class": "germinated_seed", "confidence": 53.57, "bbox": {"x1": 236, "y1": 4482, "x2": 599, "y2": 4808, "width": 363, "height": 325}, "crop_image": "germinated_seed_1_56_crop_1743832276.jpg"}, {"id": 57, "class": "germinated_seed", "confidence": 53.09, "bbox": {"x1": 1437, "y1": 5402, "x2": 1768, "y2": 5567, "width": 330, "height": 164}, "crop_image": "germinated_seed_1_57_crop_1743832276.jpg"}, {"id": 58, "class": "cotyledon_appear", "confidence": 53.01, "bbox": {"x1": 694, "y1": 2119, "x2": 1155, "y2": 2498, "width": 460, "height": 378}, "crop_image": "cotyledon_appear_1_58_crop_1743832276.jpg"}, {"id": 59, "class": "cotyledon_appear", "confidence": 51.27, "bbox": {"x1": 2468, "y1": 1551, "x2": 2913, "y2": 1961, "width": 445, "height": 409}, "crop_image": "cotyledon_appear_1_59_crop_1743832276.jpg"}, {"id": 60, "class": "cotyledon_appear", "confidence": 50.22, "bbox": {"x1": 3039, "y1": 2092, "x2": 3396, "y2": 2495, "width": 356, "height": 403}, "crop_image": "cotyledon_appear_1_60_crop_1743832276.jpg"}, {"id": 61, "class": "germinated_seed", "confidence": 49.99, "bbox": {"x1": 2469, "y1": 1553, "x2": 2906, "y2": 1953, "width": 437, "height": 400}, "crop_image": "germinated_seed_1_61_crop_1743832276.jpg"}, {"id": 62, "class": "germinated_seed", "confidence": 48.63, "bbox": {"x1": 3096, "y1": 4298, "x2": 3405, "y2": 4583, "width": 309, "height": 285}, "crop_image": "germinated_seed_1_62_crop_1743832276.jpg"}, {"id": 63, "class": "cotyledon_appear", "confidence": 48.38, "bbox": {"x1": 867, "y1": 3834, "x2": 1256, "y2": 4249, "width": 388, "height": 415}, "crop_image": "cotyledon_appear_1_63_crop_1743832276.jpg"}, {"id": 64, "class": "cotyledon_appear", "confidence": 48.02, "bbox": {"x1": 1952, "y1": 316, "x2": 2326, "y2": 782, "width": 374, "height": 466}, "crop_image": "cotyledon_appear_1_64_crop_1743832276.jpg"}, {"id": 65, "class": "germinated_seed", "confidence": 47.92, "bbox": {"x1": 1941, "y1": 2704, "x2": 2328, "y2": 3053, "width": 386, "height": 349}, "crop_image": "germinated_seed_1_65_crop_1743832276.jpg"}, {"id": 66, "class": "germinated_seed", "confidence": 47.15, "bbox": {"x1": 692, "y1": 2124, "x2": 1153, "y2": 2493, "width": 460, "height": 368}, "crop_image": "germinated_seed_1_66_crop_1743832276.jpg"}, {"id": 67, "class": "not_germinated", "confidence": 46.49, "bbox": {"x1": 2528, "y1": 971, "x2": 2908, "y2": 1351, "width": 380, "height": 379}, "crop_image": "not_germinated_1_67_crop_1743832276.jpg"}, {"id": 68, "class": "not_germinated", "confidence": 43.6, "bbox": {"x1": 844, "y1": 4378, "x2": 1192, "y2": 4708, "width": 347, "height": 329}, "crop_image": "not_germinated_1_68_crop_1743832276.jpg"}, {"id": 69, "class": "cotyledon_appear", "confidence": 43.56, "bbox": {"x1": 1918, "y1": 920, "x2": 2290, "y2": 1378, "width": 372, "height": 457}, "crop_image": "cotyledon_appear_1_69_crop_1743832276.jpg"}, {"id": 70, "class": "germinated_seed", "confidence": 43.15, "bbox": {"x1": 832, "y1": 3237, "x2": 1163, "y2": 3586, "width": 331, "height": 348}, "crop_image": "germinated_seed_1_70_crop_1743832276.jpg"}, {"id": 71, "class": "germinated_seed", "confidence": 42.87, "bbox": {"x1": 2528, "y1": 970, "x2": 2901, "y2": 1341, "width": 372, "height": 371}, "crop_image": "germinated_seed_1_71_crop_1743832276.jpg"}, {"id": 72, "class": "germinated_seed", "confidence": 42.53, "bbox": {"x1": 340, "y1": 4985, "x2": 680, "y2": 5331, "width": 340, "height": 346}, "crop_image": "germinated_seed_1_72_crop_1743832276.jpg"}, {"id": 73, "class": "cotyledon_appear", "confidence": 40.43, "bbox": {"x1": 3086, "y1": 985, "x2": 3487, "y2": 1345, "width": 400, "height": 360}, "crop_image": "cotyledon_appear_1_73_crop_1743832276.jpg"}, {"id": 74, "class": "not_germinated", "confidence": 34.74, "bbox": {"x1": 3062, "y1": 5380, "x2": 3390, "y2": 5568, "width": 328, "height": 187}, "crop_image": "not_germinated_1_74_crop_1743832276.jpg"}, {"id": 75, "class": "cotyledon_appear", "confidence": 33.34, "bbox": {"x1": 740, "y1": 1558, "x2": 1123, "y2": 1894, "width": 382, "height": 335}, "crop_image": "cotyledon_appear_1_75_crop_1743832276.jpg"}, {"id": 76, "class": "germinated_seed", "confidence": 33.25, "bbox": {"x1": 140, "y1": 2154, "x2": 539, "y2": 2491, "width": 399, "height": 337}, "crop_image": "germinated_seed_1_76_crop_1743832276.jpg"}, {"id": 77, "class": "germinated_seed", "confidence": 32.73, "bbox": {"x1": 868, "y1": 3831, "x2": 1260, "y2": 4258, "width": 392, "height": 426}, "crop_image": "germinated_seed_1_77_crop_1743832276.jpg"}, {"id": 78, "class": "germinated_seed", "confidence": 30.11, "bbox": {"x1": 941, "y1": 5417, "x2": 1267, "y2": 5565, "width": 325, "height": 148}, "crop_image": "germinated_seed_1_78_crop_1743832276.jpg"}, {"id": 79, "class": "not_germinated", "confidence": 25.36, "bbox": {"x1": 936, "y1": 5420, "x2": 1270, "y2": 5567, "width": 333, "height": 147}, "crop_image": "not_germinated_1_79_crop_1743832276.jpg"}]}
DETECTION_RESULTS_END
[05-Apr-2025 07:51:54 Europe/Berlin] Return code: 0
[05-Apr-2025 07:51:54 Europe/Berlin] Processing line: Model path: C:/xampp/htdocs/ds_min-main/pg/deeplearning/chili_yolov8.pt (exists: True)
[05-Apr-2025 07:51:54 Europe/Berlin] Processing line: Upload path: C:/xampp/htdocs/ds_min-main/output/detect_9/raw__DSC1466.JPG (exists: True)
[05-Apr-2025 07:51:54 Europe/Berlin] Processing line: Results dir: C:/xampp/htdocs/ds_min-main/output/detect_9 (exists: True)
[05-Apr-2025 07:51:54 Europe/Berlin] Processing line: Using HSV ranges:
[05-Apr-2025 07:51:54 Europe/Berlin] Processing line: Range 1: H=[155-255], S=[160-240], V=[160-255]
[05-Apr-2025 07:51:54 Europe/Berlin] Processing line: Range 2: H=[0-30], S=[160-240], V=[160-255]
[05-Apr-2025 07:51:54 Europe/Berlin] Processing line: Starting detection process...
[05-Apr-2025 07:51:54 Europe/Berlin] Processing line: 
[05-Apr-2025 07:51:54 Europe/Berlin] Processing line: image 1/1 C:\xampp\htdocs\ds_min-main\output\detect_9\raw__DSC1466.JPG: 640x448 19 cotyledon_appears, 55 germinated_seeds, 5 not_germinateds, 228.1ms
[05-Apr-2025 07:51:54 Europe/Berlin] Processing line: Speed: 7.2ms preprocess, 228.1ms inference, 6.0ms postprocess per image at shape (1, 3, 640, 448)
[05-Apr-2025 07:51:54 Europe/Berlin] Processing line: Saved cropped germinated_seed to: C:/xampp/htdocs/ds_min-main/output/detect_9\germinated_seed_1_1_crop_1743832276.jpg
[05-Apr-2025 07:51:54 Europe/Berlin] Processing line: Processed detection 1.1: germinated_seed (conf: 0.90)
[05-Apr-2025 07:51:54 Europe/Berlin] Processing line: Saved cropped germinated_seed to: C:/xampp/htdocs/ds_min-main/output/detect_9\germinated_seed_1_2_crop_1743832276.jpg
[05-Apr-2025 07:51:54 Europe/Berlin] Processing line: Processed detection 1.2: germinated_seed (conf: 0.87)
[05-Apr-2025 07:51:54 Europe/Berlin] Processing line: Saved cropped germinated_seed to: C:/xampp/htdocs/ds_min-main/output/detect_9\germinated_seed_1_3_crop_1743832276.jpg
[05-Apr-2025 07:51:54 Europe/Berlin] Processing line: Processed detection 1.3: germinated_seed (conf: 0.86)
[05-Apr-2025 07:51:54 Europe/Berlin] Processing line: Saved cropped germinated_seed to: C:/xampp/htdocs/ds_min-main/output/detect_9\germinated_seed_1_4_crop_1743832276.jpg
[05-Apr-2025 07:51:54 Europe/Berlin] Processing line: Processed detection 1.4: germinated_seed (conf: 0.84)
[05-Apr-2025 07:51:54 Europe/Berlin] Processing line: Saved cropped germinated_seed to: C:/xampp/htdocs/ds_min-main/output/detect_9\germinated_seed_1_5_crop_1743832276.jpg
[05-Apr-2025 07:51:54 Europe/Berlin] Processing line: Processed detection 1.5: germinated_seed (conf: 0.84)
[05-Apr-2025 07:51:54 Europe/Berlin] Processing line: Saved cropped germinated_seed to: C:/xampp/htdocs/ds_min-main/output/detect_9\germinated_seed_1_6_crop_1743832276.jpg
[05-Apr-2025 07:51:54 Europe/Berlin] Processing line: Processed detection 1.6: germinated_seed (conf: 0.82)
[05-Apr-2025 07:51:54 Europe/Berlin] Processing line: Saved cropped germinated_seed to: C:/xampp/htdocs/ds_min-main/output/detect_9\germinated_seed_1_7_crop_1743832276.jpg
[05-Apr-2025 07:51:54 Europe/Berlin] Processing line: Processed detection 1.7: germinated_seed (conf: 0.80)
[05-Apr-2025 07:51:54 Europe/Berlin] Processing line: Saved cropped germinated_seed to: C:/xampp/htdocs/ds_min-main/output/detect_9\germinated_seed_1_8_crop_1743832276.jpg
[05-Apr-2025 07:51:54 Europe/Berlin] Processing line: Processed detection 1.8: germinated_seed (conf: 0.80)
[05-Apr-2025 07:51:54 Europe/Berlin] Processing line: Saved cropped germinated_seed to: C:/xampp/htdocs/ds_min-main/output/detect_9\germinated_seed_1_9_crop_1743832276.jpg
[05-Apr-2025 07:51:54 Europe/Berlin] Processing line: Processed detection 1.9: germinated_seed (conf: 0.80)
[05-Apr-2025 07:51:54 Europe/Berlin] Processing line: Saved cropped germinated_seed to: C:/xampp/htdocs/ds_min-main/output/detect_9\germinated_seed_1_10_crop_1743832276.jpg
[05-Apr-2025 07:51:54 Europe/Berlin] Processing line: Processed detection 1.10: germinated_seed (conf: 0.77)
[05-Apr-2025 07:51:54 Europe/Berlin] Processing line: Saved cropped germinated_seed to: C:/xampp/htdocs/ds_min-main/output/detect_9\germinated_seed_1_11_crop_1743832276.jpg
[05-Apr-2025 07:51:54 Europe/Berlin] Processing line: Processed detection 1.11: germinated_seed (conf: 0.73)
[05-Apr-2025 07:51:54 Europe/Berlin] Processing line: Saved cropped cotyledon_appear to: C:/xampp/htdocs/ds_min-main/output/detect_9\cotyledon_appear_1_12_crop_1743832276.jpg
[05-Apr-2025 07:51:54 Europe/Berlin] Processing line: Processed detection 1.12: cotyledon_appear (conf: 0.72)
[05-Apr-2025 07:51:54 Europe/Berlin] Processing line: Saved cropped germinated_seed to: C:/xampp/htdocs/ds_min-main/output/detect_9\germinated_seed_1_13_crop_1743832276.jpg
[05-Apr-2025 07:51:54 Europe/Berlin] Processing line: Processed detection 1.13: germinated_seed (conf: 0.72)
[05-Apr-2025 07:51:54 Europe/Berlin] Processing line: Saved cropped germinated_seed to: C:/xampp/htdocs/ds_min-main/output/detect_9\germinated_seed_1_14_crop_1743832276.jpg
[05-Apr-2025 07:51:54 Europe/Berlin] Processing line: Processed detection 1.14: germinated_seed (conf: 0.72)
[05-Apr-2025 07:51:54 Europe/Berlin] Processing line: Saved cropped germinated_seed to: C:/xampp/htdocs/ds_min-main/output/detect_9\germinated_seed_1_15_crop_1743832276.jpg
[05-Apr-2025 07:51:54 Europe/Berlin] Processing line: Processed detection 1.15: germinated_seed (conf: 0.72)
[05-Apr-2025 07:51:54 Europe/Berlin] Processing line: Saved cropped not_germinated to: C:/xampp/htdocs/ds_min-main/output/detect_9\not_germinated_1_16_crop_1743832276.jpg
[05-Apr-2025 07:51:54 Europe/Berlin] Processing line: Processed detection 1.16: not_germinated (conf: 0.71)
[05-Apr-2025 07:51:54 Europe/Berlin] Processing line: Saved cropped germinated_seed to: C:/xampp/htdocs/ds_min-main/output/detect_9\germinated_seed_1_17_crop_1743832276.jpg
[05-Apr-2025 07:51:54 Europe/Berlin] Processing line: Processed detection 1.17: germinated_seed (conf: 0.70)
[05-Apr-2025 07:51:54 Europe/Berlin] Processing line: Saved cropped cotyledon_appear to: C:/xampp/htdocs/ds_min-main/output/detect_9\cotyledon_appear_1_18_crop_1743832276.jpg
[05-Apr-2025 07:51:54 Europe/Berlin] Processing line: Processed detection 1.18: cotyledon_appear (conf: 0.70)
[05-Apr-2025 07:51:54 Europe/Berlin] Processing line: Saved cropped germinated_seed to: C:/xampp/htdocs/ds_min-main/output/detect_9\germinated_seed_1_19_crop_1743832276.jpg
[05-Apr-2025 07:51:54 Europe/Berlin] Processing line: Processed detection 1.19: germinated_seed (conf: 0.69)
[05-Apr-2025 07:51:54 Europe/Berlin] Processing line: Saved cropped germinated_seed to: C:/xampp/htdocs/ds_min-main/output/detect_9\germinated_seed_1_20_crop_1743832276.jpg
[05-Apr-2025 07:51:54 Europe/Berlin] Processing line: Processed detection 1.20: germinated_seed (conf: 0.69)
[05-Apr-2025 07:51:54 Europe/Berlin] Processing line: Saved cropped germinated_seed to: C:/xampp/htdocs/ds_min-main/output/detect_9\germinated_seed_1_21_crop_1743832276.jpg
[05-Apr-2025 07:51:54 Europe/Berlin] Processing line: Processed detection 1.21: germinated_seed (conf: 0.68)
[05-Apr-2025 07:51:54 Europe/Berlin] Processing line: Saved cropped germinated_seed to: C:/xampp/htdocs/ds_min-main/output/detect_9\germinated_seed_1_22_crop_1743832276.jpg
[05-Apr-2025 07:51:54 Europe/Berlin] Processing line: Processed detection 1.22: germinated_seed (conf: 0.68)
[05-Apr-2025 07:51:54 Europe/Berlin] Processing line: Saved cropped cotyledon_appear to: C:/xampp/htdocs/ds_min-main/output/detect_9\cotyledon_appear_1_23_crop_1743832276.jpg
[05-Apr-2025 07:51:54 Europe/Berlin] Processing line: Processed detection 1.23: cotyledon_appear (conf: 0.68)
[05-Apr-2025 07:51:54 Europe/Berlin] Processing line: Saved cropped cotyledon_appear to: C:/xampp/htdocs/ds_min-main/output/detect_9\cotyledon_appear_1_24_crop_1743832276.jpg
[05-Apr-2025 07:51:54 Europe/Berlin] Processing line: Processed detection 1.24: cotyledon_appear (conf: 0.67)
[05-Apr-2025 07:51:54 Europe/Berlin] Processing line: Saved cropped germinated_seed to: C:/xampp/htdocs/ds_min-main/output/detect_9\germinated_seed_1_25_crop_1743832276.jpg
[05-Apr-2025 07:51:54 Europe/Berlin] Processing line: Processed detection 1.25: germinated_seed (conf: 0.67)
[05-Apr-2025 07:51:54 Europe/Berlin] Processing line: Saved cropped germinated_seed to: C:/xampp/htdocs/ds_min-main/output/detect_9\germinated_seed_1_26_crop_1743832276.jpg
[05-Apr-2025 07:51:54 Europe/Berlin] Processing line: Processed detection 1.26: germinated_seed (conf: 0.67)
[05-Apr-2025 07:51:54 Europe/Berlin] Processing line: Saved cropped germinated_seed to: C:/xampp/htdocs/ds_min-main/output/detect_9\germinated_seed_1_27_crop_1743832276.jpg
[05-Apr-2025 07:51:54 Europe/Berlin] Processing line: Processed detection 1.27: germinated_seed (conf: 0.66)
[05-Apr-2025 07:51:54 Europe/Berlin] Processing line: Saved cropped germinated_seed to: C:/xampp/htdocs/ds_min-main/output/detect_9\germinated_seed_1_28_crop_1743832276.jpg
[05-Apr-2025 07:51:54 Europe/Berlin] Processing line: Processed detection 1.28: germinated_seed (conf: 0.65)
[05-Apr-2025 07:51:54 Europe/Berlin] Processing line: Saved cropped germinated_seed to: C:/xampp/htdocs/ds_min-main/output/detect_9\germinated_seed_1_29_crop_1743832276.jpg
[05-Apr-2025 07:51:54 Europe/Berlin] Processing line: Processed detection 1.29: germinated_seed (conf: 0.65)
[05-Apr-2025 07:51:54 Europe/Berlin] Processing line: Saved cropped germinated_seed to: C:/xampp/htdocs/ds_min-main/output/detect_9\germinated_seed_1_30_crop_1743832276.jpg
[05-Apr-2025 07:51:54 Europe/Berlin] Processing line: Processed detection 1.30: germinated_seed (conf: 0.64)
[05-Apr-2025 07:51:54 Europe/Berlin] Processing line: Saved cropped cotyledon_appear to: C:/xampp/htdocs/ds_min-main/output/detect_9\cotyledon_appear_1_31_crop_1743832276.jpg
[05-Apr-2025 07:51:54 Europe/Berlin] Processing line: Processed detection 1.31: cotyledon_appear (conf: 0.64)
[05-Apr-2025 07:51:54 Europe/Berlin] Processing line: Saved cropped germinated_seed to: C:/xampp/htdocs/ds_min-main/output/detect_9\germinated_seed_1_32_crop_1743832276.jpg
[05-Apr-2025 07:51:54 Europe/Berlin] Processing line: Processed detection 1.32: germinated_seed (conf: 0.64)
[05-Apr-2025 07:51:54 Europe/Berlin] Processing line: Saved cropped germinated_seed to: C:/xampp/htdocs/ds_min-main/output/detect_9\germinated_seed_1_33_crop_1743832276.jpg
[05-Apr-2025 07:51:54 Europe/Berlin] Processing line: Processed detection 1.33: germinated_seed (conf: 0.64)
[05-Apr-2025 07:51:54 Europe/Berlin] Processing line: Saved cropped germinated_seed to: C:/xampp/htdocs/ds_min-main/output/detect_9\germinated_seed_1_34_crop_1743832276.jpg
[05-Apr-2025 07:51:54 Europe/Berlin] Processing line: Processed detection 1.34: germinated_seed (conf: 0.63)
[05-Apr-2025 07:51:54 Europe/Berlin] Processing line: Saved cropped germinated_seed to: C:/xampp/htdocs/ds_min-main/output/detect_9\germinated_seed_1_35_crop_1743832276.jpg
[05-Apr-2025 07:51:54 Europe/Berlin] Processing line: Processed detection 1.35: germinated_seed (conf: 0.63)
[05-Apr-2025 07:51:54 Europe/Berlin] Processing line: Saved cropped germinated_seed to: C:/xampp/htdocs/ds_min-main/output/detect_9\germinated_seed_1_36_crop_1743832276.jpg
[05-Apr-2025 07:51:54 Europe/Berlin] Processing line: Processed detection 1.36: germinated_seed (conf: 0.63)
[05-Apr-2025 07:51:54 Europe/Berlin] Processing line: Saved cropped germinated_seed to: C:/xampp/htdocs/ds_min-main/output/detect_9\germinated_seed_1_37_crop_1743832276.jpg
[05-Apr-2025 07:51:54 Europe/Berlin] Processing line: Processed detection 1.37: germinated_seed (conf: 0.63)
[05-Apr-2025 07:51:54 Europe/Berlin] Processing line: Saved cropped germinated_seed to: C:/xampp/htdocs/ds_min-main/output/detect_9\germinated_seed_1_38_crop_1743832276.jpg
[05-Apr-2025 07:51:54 Europe/Berlin] Processing line: Processed detection 1.38: germinated_seed (conf: 0.63)
[05-Apr-2025 07:51:54 Europe/Berlin] Processing line: Saved cropped germinated_seed to: C:/xampp/htdocs/ds_min-main/output/detect_9\germinated_seed_1_39_crop_1743832276.jpg
[05-Apr-2025 07:51:54 Europe/Berlin] Processing line: Processed detection 1.39: germinated_seed (conf: 0.63)
[05-Apr-2025 07:51:54 Europe/Berlin] Processing line: Saved cropped cotyledon_appear to: C:/xampp/htdocs/ds_min-main/output/detect_9\cotyledon_appear_1_40_crop_1743832276.jpg
[05-Apr-2025 07:51:54 Europe/Berlin] Processing line: Processed detection 1.40: cotyledon_appear (conf: 0.61)
[05-Apr-2025 07:51:54 Europe/Berlin] Processing line: Saved cropped germinated_seed to: C:/xampp/htdocs/ds_min-main/output/detect_9\germinated_seed_1_41_crop_1743832276.jpg
[05-Apr-2025 07:51:54 Europe/Berlin] Processing line: Processed detection 1.41: germinated_seed (conf: 0.61)
[05-Apr-2025 07:51:54 Europe/Berlin] Processing line: Saved cropped germinated_seed to: C:/xampp/htdocs/ds_min-main/output/detect_9\germinated_seed_1_42_crop_1743832276.jpg
[05-Apr-2025 07:51:54 Europe/Berlin] Processing line: Processed detection 1.42: germinated_seed (conf: 0.61)
[05-Apr-2025 07:51:54 Europe/Berlin] Processing line: Saved cropped cotyledon_appear to: C:/xampp/htdocs/ds_min-main/output/detect_9\cotyledon_appear_1_43_crop_1743832276.jpg
[05-Apr-2025 07:51:54 Europe/Berlin] Processing line: Processed detection 1.43: cotyledon_appear (conf: 0.60)
[05-Apr-2025 07:51:54 Europe/Berlin] Processing line: Saved cropped germinated_seed to: C:/xampp/htdocs/ds_min-main/output/detect_9\germinated_seed_1_44_crop_1743832276.jpg
[05-Apr-2025 07:51:54 Europe/Berlin] Processing line: Processed detection 1.44: germinated_seed (conf: 0.59)
[05-Apr-2025 07:51:54 Europe/Berlin] Processing line: Saved cropped germinated_seed to: C:/xampp/htdocs/ds_min-main/output/detect_9\germinated_seed_1_45_crop_1743832276.jpg
[05-Apr-2025 07:51:54 Europe/Berlin] Processing line: Processed detection 1.45: germinated_seed (conf: 0.58)
[05-Apr-2025 07:51:54 Europe/Berlin] Processing line: Saved cropped germinated_seed to: C:/xampp/htdocs/ds_min-main/output/detect_9\germinated_seed_1_46_crop_1743832276.jpg
[05-Apr-2025 07:51:54 Europe/Berlin] Processing line: Processed detection 1.46: germinated_seed (conf: 0.58)
[05-Apr-2025 07:51:54 Europe/Berlin] Processing line: Saved cropped cotyledon_appear to: C:/xampp/htdocs/ds_min-main/output/detect_9\cotyledon_appear_1_47_crop_1743832276.jpg
[05-Apr-2025 07:51:54 Europe/Berlin] Processing line: Processed detection 1.47: cotyledon_appear (conf: 0.57)
[05-Apr-2025 07:51:54 Europe/Berlin] Processing line: Saved cropped cotyledon_appear to: C:/xampp/htdocs/ds_min-main/output/detect_9\cotyledon_appear_1_48_crop_1743832276.jpg
[05-Apr-2025 07:51:54 Europe/Berlin] Processing line: Processed detection 1.48: cotyledon_appear (conf: 0.57)
[05-Apr-2025 07:51:54 Europe/Berlin] Processing line: Saved cropped germinated_seed to: C:/xampp/htdocs/ds_min-main/output/detect_9\germinated_seed_1_49_crop_1743832276.jpg
[05-Apr-2025 07:51:54 Europe/Berlin] Processing line: Processed detection 1.49: germinated_seed (conf: 0.57)
[05-Apr-2025 07:51:54 Europe/Berlin] Processing line: Saved cropped germinated_seed to: C:/xampp/htdocs/ds_min-main/output/detect_9\germinated_seed_1_50_crop_1743832276.jpg
[05-Apr-2025 07:51:54 Europe/Berlin] Processing line: Processed detection 1.50: germinated_seed (conf: 0.57)
[05-Apr-2025 07:51:54 Europe/Berlin] Processing line: Saved cropped germinated_seed to: C:/xampp/htdocs/ds_min-main/output/detect_9\germinated_seed_1_51_crop_1743832276.jpg
[05-Apr-2025 07:51:54 Europe/Berlin] Processing line: Processed detection 1.51: germinated_seed (conf: 0.56)
[05-Apr-2025 07:51:54 Europe/Berlin] Processing line: Saved cropped cotyledon_appear to: C:/xampp/htdocs/ds_min-main/output/detect_9\cotyledon_appear_1_52_crop_1743832276.jpg
[05-Apr-2025 07:51:54 Europe/Berlin] Processing line: Processed detection 1.52: cotyledon_appear (conf: 0.56)
[05-Apr-2025 07:51:54 Europe/Berlin] Processing line: Saved cropped cotyledon_appear to: C:/xampp/htdocs/ds_min-main/output/detect_9\cotyledon_appear_1_53_crop_1743832276.jpg
[05-Apr-2025 07:51:54 Europe/Berlin] Processing line: Processed detection 1.53: cotyledon_appear (conf: 0.56)
[05-Apr-2025 07:51:54 Europe/Berlin] Processing line: Saved cropped germinated_seed to: C:/xampp/htdocs/ds_min-main/output/detect_9\germinated_seed_1_54_crop_1743832276.jpg
[05-Apr-2025 07:51:54 Europe/Berlin] Processing line: Processed detection 1.54: germinated_seed (conf: 0.56)
[05-Apr-2025 07:51:54 Europe/Berlin] Processing line: Saved cropped germinated_seed to: C:/xampp/htdocs/ds_min-main/output/detect_9\germinated_seed_1_55_crop_1743832276.jpg
[05-Apr-2025 07:51:54 Europe/Berlin] Processing line: Processed detection 1.55: germinated_seed (conf: 0.55)
[05-Apr-2025 07:51:54 Europe/Berlin] Processing line: Saved cropped germinated_seed to: C:/xampp/htdocs/ds_min-main/output/detect_9\germinated_seed_1_56_crop_1743832276.jpg
[05-Apr-2025 07:51:54 Europe/Berlin] Processing line: Processed detection 1.56: germinated_seed (conf: 0.54)
[05-Apr-2025 07:51:54 Europe/Berlin] Processing line: Saved cropped germinated_seed to: C:/xampp/htdocs/ds_min-main/output/detect_9\germinated_seed_1_57_crop_1743832276.jpg
[05-Apr-2025 07:51:54 Europe/Berlin] Processing line: Processed detection 1.57: germinated_seed (conf: 0.53)
[05-Apr-2025 07:51:54 Europe/Berlin] Processing line: Saved cropped cotyledon_appear to: C:/xampp/htdocs/ds_min-main/output/detect_9\cotyledon_appear_1_58_crop_1743832276.jpg
[05-Apr-2025 07:51:54 Europe/Berlin] Processing line: Processed detection 1.58: cotyledon_appear (conf: 0.53)
[05-Apr-2025 07:51:54 Europe/Berlin] Processing line: Saved cropped cotyledon_appear to: C:/xampp/htdocs/ds_min-main/output/detect_9\cotyledon_appear_1_59_crop_1743832276.jpg
[05-Apr-2025 07:51:54 Europe/Berlin] Processing line: Processed detection 1.59: cotyledon_appear (conf: 0.51)
[05-Apr-2025 07:51:54 Europe/Berlin] Processing line: Saved cropped cotyledon_appear to: C:/xampp/htdocs/ds_min-main/output/detect_9\cotyledon_appear_1_60_crop_1743832276.jpg
[05-Apr-2025 07:51:54 Europe/Berlin] Processing line: Processed detection 1.60: cotyledon_appear (conf: 0.50)
[05-Apr-2025 07:51:54 Europe/Berlin] Processing line: Saved cropped germinated_seed to: C:/xampp/htdocs/ds_min-main/output/detect_9\germinated_seed_1_61_crop_1743832276.jpg
[05-Apr-2025 07:51:54 Europe/Berlin] Processing line: Processed detection 1.61: germinated_seed (conf: 0.50)
[05-Apr-2025 07:51:54 Europe/Berlin] Processing line: Saved cropped germinated_seed to: C:/xampp/htdocs/ds_min-main/output/detect_9\germinated_seed_1_62_crop_1743832276.jpg
[05-Apr-2025 07:51:54 Europe/Berlin] Processing line: Processed detection 1.62: germinated_seed (conf: 0.49)
[05-Apr-2025 07:51:54 Europe/Berlin] Processing line: Saved cropped cotyledon_appear to: C:/xampp/htdocs/ds_min-main/output/detect_9\cotyledon_appear_1_63_crop_1743832276.jpg
[05-Apr-2025 07:51:54 Europe/Berlin] Processing line: Processed detection 1.63: cotyledon_appear (conf: 0.48)
[05-Apr-2025 07:51:54 Europe/Berlin] Processing line: Saved cropped cotyledon_appear to: C:/xampp/htdocs/ds_min-main/output/detect_9\cotyledon_appear_1_64_crop_1743832276.jpg
[05-Apr-2025 07:51:54 Europe/Berlin] Processing line: Processed detection 1.64: cotyledon_appear (conf: 0.48)
[05-Apr-2025 07:51:54 Europe/Berlin] Processing line: Saved cropped germinated_seed to: C:/xampp/htdocs/ds_min-main/output/detect_9\germinated_seed_1_65_crop_1743832276.jpg
[05-Apr-2025 07:51:54 Europe/Berlin] Processing line: Processed detection 1.65: germinated_seed (conf: 0.48)
[05-Apr-2025 07:51:54 Europe/Berlin] Processing line: Saved cropped germinated_seed to: C:/xampp/htdocs/ds_min-main/output/detect_9\germinated_seed_1_66_crop_1743832276.jpg
[05-Apr-2025 07:51:54 Europe/Berlin] Processing line: Processed detection 1.66: germinated_seed (conf: 0.47)
[05-Apr-2025 07:51:54 Europe/Berlin] Processing line: Saved cropped not_germinated to: C:/xampp/htdocs/ds_min-main/output/detect_9\not_germinated_1_67_crop_1743832276.jpg
[05-Apr-2025 07:51:54 Europe/Berlin] Processing line: Processed detection 1.67: not_germinated (conf: 0.46)
[05-Apr-2025 07:51:54 Europe/Berlin] Processing line: Saved cropped not_germinated to: C:/xampp/htdocs/ds_min-main/output/detect_9\not_germinated_1_68_crop_1743832276.jpg
[05-Apr-2025 07:51:54 Europe/Berlin] Processing line: Processed detection 1.68: not_germinated (conf: 0.44)
[05-Apr-2025 07:51:54 Europe/Berlin] Processing line: Saved cropped cotyledon_appear to: C:/xampp/htdocs/ds_min-main/output/detect_9\cotyledon_appear_1_69_crop_1743832276.jpg
[05-Apr-2025 07:51:54 Europe/Berlin] Processing line: Processed detection 1.69: cotyledon_appear (conf: 0.44)
[05-Apr-2025 07:51:54 Europe/Berlin] Processing line: Saved cropped germinated_seed to: C:/xampp/htdocs/ds_min-main/output/detect_9\germinated_seed_1_70_crop_1743832276.jpg
[05-Apr-2025 07:51:54 Europe/Berlin] Processing line: Processed detection 1.70: germinated_seed (conf: 0.43)
[05-Apr-2025 07:51:54 Europe/Berlin] Processing line: Saved cropped germinated_seed to: C:/xampp/htdocs/ds_min-main/output/detect_9\germinated_seed_1_71_crop_1743832276.jpg
[05-Apr-2025 07:51:54 Europe/Berlin] Processing line: Processed detection 1.71: germinated_seed (conf: 0.43)
[05-Apr-2025 07:51:54 Europe/Berlin] Processing line: Saved cropped germinated_seed to: C:/xampp/htdocs/ds_min-main/output/detect_9\germinated_seed_1_72_crop_1743832276.jpg
[05-Apr-2025 07:51:54 Europe/Berlin] Processing line: Processed detection 1.72: germinated_seed (conf: 0.43)
[05-Apr-2025 07:51:54 Europe/Berlin] Processing line: Saved cropped cotyledon_appear to: C:/xampp/htdocs/ds_min-main/output/detect_9\cotyledon_appear_1_73_crop_1743832276.jpg
[05-Apr-2025 07:51:54 Europe/Berlin] Processing line: Processed detection 1.73: cotyledon_appear (conf: 0.40)
[05-Apr-2025 07:51:54 Europe/Berlin] Processing line: Saved cropped not_germinated to: C:/xampp/htdocs/ds_min-main/output/detect_9\not_germinated_1_74_crop_1743832276.jpg
[05-Apr-2025 07:51:54 Europe/Berlin] Processing line: Processed detection 1.74: not_germinated (conf: 0.35)
[05-Apr-2025 07:51:54 Europe/Berlin] Processing line: Saved cropped cotyledon_appear to: C:/xampp/htdocs/ds_min-main/output/detect_9\cotyledon_appear_1_75_crop_1743832276.jpg
[05-Apr-2025 07:51:54 Europe/Berlin] Processing line: Processed detection 1.75: cotyledon_appear (conf: 0.33)
[05-Apr-2025 07:51:54 Europe/Berlin] Processing line: Saved cropped germinated_seed to: C:/xampp/htdocs/ds_min-main/output/detect_9\germinated_seed_1_76_crop_1743832276.jpg
[05-Apr-2025 07:51:54 Europe/Berlin] Processing line: Processed detection 1.76: germinated_seed (conf: 0.33)
[05-Apr-2025 07:51:54 Europe/Berlin] Processing line: Saved cropped germinated_seed to: C:/xampp/htdocs/ds_min-main/output/detect_9\germinated_seed_1_77_crop_1743832276.jpg
[05-Apr-2025 07:51:54 Europe/Berlin] Processing line: Processed detection 1.77: germinated_seed (conf: 0.33)
[05-Apr-2025 07:51:54 Europe/Berlin] Processing line: Saved cropped germinated_seed to: C:/xampp/htdocs/ds_min-main/output/detect_9\germinated_seed_1_78_crop_1743832276.jpg
[05-Apr-2025 07:51:54 Europe/Berlin] Processing line: Processed detection 1.78: germinated_seed (conf: 0.30)
[05-Apr-2025 07:51:54 Europe/Berlin] Processing line: Saved cropped not_germinated to: C:/xampp/htdocs/ds_min-main/output/detect_9\not_germinated_1_79_crop_1743832276.jpg
[05-Apr-2025 07:51:54 Europe/Berlin] Processing line: Processed detection 1.79: not_germinated (conf: 0.25)
[05-Apr-2025 07:51:54 Europe/Berlin] Processing line: Saved detection results to: C:/xampp/htdocs/ds_min-main/output/detect_9\1743832276_detections.json
[05-Apr-2025 07:51:54 Europe/Berlin] Processing line: Saved result visualization to: C:/xampp/htdocs/ds_min-main/output/detect_9\1743832276_result.jpg
[05-Apr-2025 07:51:54 Europe/Berlin] Processing line: Detection complete. Found 79 objects.
[05-Apr-2025 07:51:54 Europe/Berlin] Processing line: DETECTION_RESULTS_START
[05-Apr-2025 07:51:54 Europe/Berlin] Processing line: {"timestamp": "1743832276", "detections": [{"id": 1, "class": "germinated_seed", "confidence": 89.85, "bbox": {"x1": 1389, "y1": 2120, "x2": 1737, "y2": 2474, "width": 348, "height": 354}, "crop_image": "germinated_seed_1_1_crop_1743832276.jpg"}, {"id": 2, "class": "germinated_seed", "confidence": 87.3, "bbox": {"x1": 1347, "y1": 1057, "x2": 1731, "y2": 1389, "width": 383, "height": 331}, "crop_image": "germinated_seed_1_2_crop_1743832276.jpg"}, {"id": 3, "class": "germinated_seed", "confidence": 86.13, "bbox": {"x1": 1957, "y1": 1590, "x2": 2323, "y2": 1951, "width": 366, "height": 360}, "crop_image": "germinated_seed_1_3_crop_1743832276.jpg"}, {"id": 4, "class": "germinated_seed", "confidence": 84.32, "bbox": {"x1": 303, "y1": 3329, "x2": 641, "y2": 3700, "width": 337, "height": 371}, "crop_image": "germinated_seed_1_4_crop_1743832276.jpg"}, {"id": 5, "class": "germinated_seed", "confidence": 84.26, "bbox": {"x1": 104, "y1": 327, "x2": 502, "y2": 747, "width": 397, "height": 420}, "crop_image": "germinated_seed_1_5_crop_1743832276.jpg"}, {"id": 6, "class": "germinated_seed", "confidence": 81.72, "bbox": {"x1": 2462, "y1": 425, "x2": 2801, "y2": 800, "width": 339, "height": 374}, "crop_image": "germinated_seed_1_6_crop_1743832276.jpg"}, {"id": 7, "class": "germinated_seed", "confidence": 80.34, "bbox": {"x1": 1370, "y1": 391, "x2": 1702, "y2": 786, "width": 331, "height": 394}, "crop_image": "germinated_seed_1_7_crop_1743832276.jpg"}, {"id": 8, "class": "germinated_seed", "confidence": 80.13, "bbox": {"x1": 1368, "y1": 3273, "x2": 1732, "y2": 3587, "width": 363, "height": 313}, "crop_image": "germinated_seed_1_8_crop_1743832276.jpg"}, {"id": 9, "class": "germinated_seed", "confidence": 79.57, "bbox": {"x1": 1959, "y1": 2099, "x2": 2322, "y2": 2488, "width": 363, "height": 388}, "crop_image": "germinated_seed_1_9_crop_1743832276.jpg"}, {"id": 10, "class": "germinated_seed", "confidence": 76.68, "bbox": {"x1": 211, "y1": 1616, "x2": 578, "y2": 1956, "width": 366, "height": 340}, "crop_image": "germinated_seed_1_10_crop_1743832276.jpg"}, {"id": 11, "class": "germinated_seed", "confidence": 73.11, "bbox": {"x1": 2511, "y1": 0, "x2": 2884, "y2": 213, "width": 373, "height": 213}, "crop_image": "germinated_seed_1_11_crop_1743832276.jpg"}, {"id": 12, "class": "cotyledon_appear", "confidence": 72.34, "bbox": {"x1": 2026, "y1": 3796, "x2": 2411, "y2": 4178, "width": 384, "height": 382}, "crop_image": "cotyledon_appear_1_12_crop_1743832276.jpg"}, {"id": 13, "class": "germinated_seed", "confidence": 71.98, "bbox": {"x1": 1457, "y1": 3823, "x2": 1779, "y2": 4169, "width": 322, "height": 345}, "crop_image": "germinated_seed_1_13_crop_1743832276.jpg"}, {"id": 14, "class": "germinated_seed", "confidence": 71.73, "bbox": {"x1": 739, "y1": 1555, "x2": 1120, "y2": 1901, "width": 380, "height": 345}, "crop_image": "germinated_seed_1_14_crop_1743832276.jpg"}, {"id": 15, "class": "germinated_seed", "confidence": 71.68, "bbox": {"x1": 2006, "y1": 3259, "x2": 2349, "y2": 3596, "width": 342, "height": 336}, "crop_image": "germinated_seed_1_15_crop_1743832276.jpg"}, {"id": 16, "class": "not_germinated", "confidence": 70.73, "bbox": {"x1": 2533, "y1": 2732, "x2": 2929, "y2": 3095, "width": 395, "height": 362}, "crop_image": "not_germinated_1_16_crop_1743832276.jpg"}, {"id": 17, "class": "germinated_seed", "confidence": 69.92, "bbox": {"x1": 1380, "y1": 1477, "x2": 1771, "y2": 1961, "width": 391, "height": 483}, "crop_image": "germinated_seed_1_17_crop_1743832276.jpg"}, {"id": 18, "class": "cotyledon_appear", "confidence": 69.67, "bbox": {"x1": 3077, "y1": 422, "x2": 3445, "y2": 810, "width": 367, "height": 387}, "crop_image": "cotyledon_appear_1_18_crop_1743832276.jpg"}, {"id": 19, "class": "germinated_seed", "confidence": 69.4, "bbox": {"x1": 132, "y1": 0, "x2": 526, "y2": 190, "width": 393, "height": 190}, "crop_image": "germinated_seed_1_19_crop_1743832276.jpg"}, {"id": 20, "class": "germinated_seed", "confidence": 68.54, "bbox": {"x1": 1947, "y1": 5363, "x2": 2281, "y2": 5566, "width": 334, "height": 202}, "crop_image": "germinated_seed_1_20_crop_1743832276.jpg"}, {"id": 21, "class": "germinated_seed", "confidence": 68.22, "bbox": {"x1": 1447, "y1": 4898, "x2": 1776, "y2": 5215, "width": 328, "height": 316}, "crop_image": "germinated_seed_1_21_crop_1743832276.jpg"}, {"id": 22, "class": "germinated_seed", "confidence": 68.15, "bbox": {"x1": 1942, "y1": 0, "x2": 2298, "y2": 237, "width": 356, "height": 237}, "crop_image": "germinated_seed_1_22_crop_1743832276.jpg"}, {"id": 23, "class": "cotyledon_appear", "confidence": 67.55, "bbox": {"x1": 142, "y1": 2150, "x2": 535, "y2": 2487, "width": 392, "height": 336}, "crop_image": "cotyledon_appear_1_23_crop_1743832276.jpg"}, {"id": 24, "class": "cotyledon_appear", "confidence": 67.44, "bbox": {"x1": 848, "y1": 2747, "x2": 1247, "y2": 3057, "width": 399, "height": 310}, "crop_image": "cotyledon_appear_1_24_crop_1743832276.jpg"}, {"id": 25, "class": "germinated_seed", "confidence": 66.91, "bbox": {"x1": 3097, "y1": 3244, "x2": 3490, "y2": 3575, "width": 392, "height": 331}, "crop_image": "germinated_seed_1_25_crop_1743832276.jpg"}, {"id": 26, "class": "germinated_seed", "confidence": 66.88, "bbox": {"x1": 1357, "y1": 0, "x2": 1700, "y2": 208, "width": 342, "height": 208}, "crop_image": "germinated_seed_1_26_crop_1743832276.jpg"}, {"id": 27, "class": "germinated_seed", "confidence": 66.3, "bbox": {"x1": 1989, "y1": 4342, "x2": 2310, "y2": 4642, "width": 320, "height": 300}, "crop_image": "germinated_seed_1_27_crop_1743832276.jpg"}, {"id": 28, "class": "germinated_seed", "confidence": 65.33, "bbox": {"x1": 3044, "y1": 1536, "x2": 3438, "y2": 1952, "width": 393, "height": 415}, "crop_image": "germinated_seed_1_28_crop_1743832276.jpg"}, {"id": 29, "class": "germinated_seed", "confidence": 65.08, "bbox": {"x1": 2483, "y1": 2116, "x2": 2817, "y2": 2483, "width": 333, "height": 366}, "crop_image": "germinated_seed_1_29_crop_1743832276.jpg"}, {"id": 30, "class": "germinated_seed", "confidence": 64.25, "bbox": {"x1": 1440, "y1": 4371, "x2": 1791, "y2": 4707, "width": 351, "height": 335}, "crop_image": "germinated_seed_1_30_crop_1743832276.jpg"}, {"id": 31, "class": "cotyledon_appear", "confidence": 64.12, "bbox": {"x1": 835, "y1": 3246, "x2": 1151, "y2": 3600, "width": 315, "height": 354}, "crop_image": "cotyledon_appear_1_31_crop_1743832276.jpg"}, {"id": 32, "class": "germinated_seed", "confidence": 64.08, "bbox": {"x1": 3075, "y1": 2704, "x2": 3462, "y2": 3068, "width": 387, "height": 363}, "crop_image": "germinated_seed_1_32_crop_1743832276.jpg"}, {"id": 33, "class": "germinated_seed", "confidence": 63.88, "bbox": {"x1": 2492, "y1": 4850, "x2": 2882, "y2": 5275, "width": 389, "height": 424}, "crop_image": "germinated_seed_1_33_crop_1743832276.jpg"}, {"id": 34, "class": "germinated_seed", "confidence": 63.45, "bbox": {"x1": 173, "y1": 3912, "x2": 571, "y2": 4287, "width": 398, "height": 374}, "crop_image": "germinated_seed_1_34_crop_1743832276.jpg"}, {"id": 35, "class": "germinated_seed", "confidence": 63.4, "bbox": {"x1": 805, "y1": 1, "x2": 1163, "y2": 265, "width": 357, "height": 264}, "crop_image": "germinated_seed_1_35_crop_1743832276.jpg"}, {"id": 36, "class": "germinated_seed", "confidence": 63.12, "bbox": {"x1": 2516, "y1": 5343, "x2": 2872, "y2": 5567, "width": 355, "height": 223}, "crop_image": "germinated_seed_1_36_crop_1743832276.jpg"}, {"id": 37, "class": "germinated_seed", "confidence": 63.02, "bbox": {"x1": 1909, "y1": 917, "x2": 2289, "y2": 1383, "width": 380, "height": 465}, "crop_image": "germinated_seed_1_37_crop_1743832276.jpg"}, {"id": 38, "class": "germinated_seed", "confidence": 62.95, "bbox": {"x1": 146, "y1": 2773, "x2": 595, "y2": 3164, "width": 448, "height": 390}, "crop_image": "germinated_seed_1_38_crop_1743832276.jpg"}, {"id": 39, "class": "germinated_seed", "confidence": 62.71, "bbox": {"x1": 824, "y1": 408, "x2": 1187, "y2": 793, "width": 363, "height": 385}, "crop_image": "germinated_seed_1_39_crop_1743832276.jpg"}, {"id": 40, "class": "cotyledon_appear", "confidence": 61.48, "bbox": {"x1": 2544, "y1": 3801, "x2": 2934, "y2": 4218, "width": 389, "height": 416}, "crop_image": "cotyledon_appear_1_40_crop_1743832276.jpg"}, {"id": 41, "class": "germinated_seed", "confidence": 60.82, "bbox": {"x1": 1957, "y1": 326, "x2": 2313, "y2": 768, "width": 356, "height": 442}, "crop_image": "germinated_seed_1_41_crop_1743832276.jpg"}, {"id": 42, "class": "germinated_seed", "confidence": 60.61, "bbox": {"x1": 810, "y1": 1028, "x2": 1207, "y2": 1375, "width": 396, "height": 346}, "crop_image": "germinated_seed_1_42_crop_1743832276.jpg"}, {"id": 43, "class": "cotyledon_appear", "confidence": 59.98, "bbox": {"x1": 2574, "y1": 3243, "x2": 2945, "y2": 3562, "width": 371, "height": 319}, "crop_image": "cotyledon_appear_1_43_crop_1743832276.jpg"}, {"id": 44, "class": "germinated_seed", "confidence": 58.88, "bbox": {"x1": 2543, "y1": 3798, "x2": 2938, "y2": 4216, "width": 395, "height": 417}, "crop_image": "germinated_seed_1_44_crop_1743832276.jpg"}, {"id": 45, "class": "germinated_seed", "confidence": 57.6, "bbox": {"x1": 191, "y1": 877, "x2": 622, "y2": 1358, "width": 430, "height": 481}, "crop_image": "germinated_seed_1_45_crop_1743832276.jpg"}, {"id": 46, "class": "germinated_seed", "confidence": 57.52, "bbox": {"x1": 3084, "y1": 980, "x2": 3482, "y2": 1342, "width": 397, "height": 361}, "crop_image": "germinated_seed_1_46_crop_1743832276.jpg"}, {"id": 47, "class": "cotyledon_appear", "confidence": 57.36, "bbox": {"x1": 2498, "y1": 4849, "x2": 2863, "y2": 5277, "width": 365, "height": 428}, "crop_image": "cotyledon_appear_1_47_crop_1743832276.jpg"}, {"id": 48, "class": "cotyledon_appear", "confidence": 57.31, "bbox": {"x1": 1942, "y1": 2704, "x2": 2325, "y2": 3044, "width": 382, "height": 340}, "crop_image": "cotyledon_appear_1_48_crop_1743832276.jpg"}, {"id": 49, "class": "germinated_seed", "confidence": 56.89, "bbox": {"x1": 1960, "y1": 4856, "x2": 2255, "y2": 5182, "width": 295, "height": 326}, "crop_image": "germinated_seed_1_49_crop_1743832276.jpg"}, {"id": 50, "class": "germinated_seed", "confidence": 56.62, "bbox": {"x1": 937, "y1": 4936, "x2": 1244, "y2": 5244, "width": 307, "height": 307}, "crop_image": "germinated_seed_1_50_crop_1743832276.jpg"}, {"id": 51, "class": "germinated_seed", "confidence": 56.33, "bbox": {"x1": 3009, "y1": 0, "x2": 3388, "y2": 257, "width": 378, "height": 257}, "crop_image": "germinated_seed_1_51_crop_1743832276.jpg"}, {"id": 52, "class": "cotyledon_appear", "confidence": 55.66, "bbox": {"x1": 1378, "y1": 2653, "x2": 1784, "y2": 3051, "width": 406, "height": 397}, "crop_image": "cotyledon_appear_1_52_crop_1743832276.jpg"}, {"id": 53, "class": "cotyledon_appear", "confidence": 55.58, "bbox": {"x1": 2526, "y1": 4334, "x2": 2851, "y2": 4757, "width": 325, "height": 422}, "crop_image": "cotyledon_appear_1_53_crop_1743832276.jpg"}, {"id": 54, "class": "germinated_seed", "confidence": 55.56, "bbox": {"x1": 3055, "y1": 3786, "x2": 3370, "y2": 4165, "width": 315, "height": 378}, "crop_image": "germinated_seed_1_54_crop_1743832276.jpg"}, {"id": 55, "class": "germinated_seed", "confidence": 55.45, "bbox": {"x1": 3072, "y1": 4850, "x2": 3425, "y2": 5099, "width": 353, "height": 248}, "crop_image": "germinated_seed_1_55_crop_1743832276.jpg"}, {"id": 56, "class": "germinated_seed", "confidence": 53.57, "bbox": {"x1": 236, "y1": 4482, "x2": 599, "y2": 4808, "width": 363, "height": 325}, "crop_image": "germinated_seed_1_56_crop_1743832276.jpg"}, {"id": 57, "class": "germinated_seed", "confidence": 53.09, "bbox": {"x1": 1437, "y1": 5402, "x2": 1768, "y2": 5567, "width": 330, "height": 164}, "crop_image": "germinated_seed_1_57_crop_1743832276.jpg"}, {"id": 58, "class": "cotyledon_appear", "confidence": 53.01, "bbox": {"x1": 694, "y1": 2119, "x2": 1155, "y2": 2498, "width": 460, "height": 378}, "crop_image": "cotyledon_appear_1_58_crop_1743832276.jpg"}, {"id": 59, "class": "cotyledon_appear", "confidence": 51.27, "bbox": {"x1": 2468, "y1": 1551, "x2": 2913, "y2": 1961, "width": 445, "height": 409}, "crop_image": "cotyledon_appear_1_59_crop_1743832276.jpg"}, {"id": 60, "class": "cotyledon_appear", "confidence": 50.22, "bbox": {"x1": 3039, "y1": 2092, "x2": 3396, "y2": 2495, "width": 356, "height": 403}, "crop_image": "cotyledon_appear_1_60_crop_1743832276.jpg"}, {"id": 61, "class": "germinated_seed", "confidence": 49.99, "bbox": {"x1": 2469, "y1": 1553, "x2": 2906, "y2": 1953, "width": 437, "height": 400}, "crop_image": "germinated_seed_1_61_crop_1743832276.jpg"}, {"id": 62, "class": "germinated_seed", "confidence": 48.63, "bbox": {"x1": 3096, "y1": 4298, "x2": 3405, "y2": 4583, "width": 309, "height": 285}, "crop_image": "germinated_seed_1_62_crop_1743832276.jpg"}, {"id": 63, "class": "cotyledon_appear", "confidence": 48.38, "bbox": {"x1": 867, "y1": 3834, "x2": 1256, "y2": 4249, "width": 388, "height": 415}, "crop_image": "cotyledon_appear_1_63_crop_1743832276.jpg"}, {"id": 64, "class": "cotyledon_appear", "confidence": 48.02, "bbox": {"x1": 1952, "y1": 316, "x2": 2326, "y2": 782, "width": 374, "height": 466}, "crop_image": "cotyledon_appear_1_64_crop_1743832276.jpg"}, {"id": 65, "class": "germinated_seed", "confidence": 47.92, "bbox": {"x1": 1941, "y1": 2704, "x2": 2328, "y2": 3053, "width": 386, "height": 349}, "crop_image": "germinated_seed_1_65_crop_1743832276.jpg"}, {"id": 66, "class": "germinated_seed", "confidence": 47.15, "bbox": {"x1": 692, "y1": 2124, "x2": 1153, "y2": 2493, "width": 460, "height": 368}, "crop_image": "germinated_seed_1_66_crop_1743832276.jpg"}, {"id": 67, "class": "not_germinated", "confidence": 46.49, "bbox": {"x1": 2528, "y1": 971, "x2": 2908, "y2": 1351, "width": 380, "height": 379}, "crop_image": "not_germinated_1_67_crop_1743832276.jpg"}, {"id": 68, "class": "not_germinated", "confidence": 43.6, "bbox": {"x1": 844, "y1": 4378, "x2": 1192, "y2": 4708, "width": 347, "height": 329}, "crop_image": "not_germinated_1_68_crop_1743832276.jpg"}, {"id": 69, "class": "cotyledon_appear", "confidence": 43.56, "bbox": {"x1": 1918, "y1": 920, "x2": 2290, "y2": 1378, "width": 372, "height": 457}, "crop_image": "cotyledon_appear_1_69_crop_1743832276.jpg"}, {"id": 70, "class": "germinated_seed", "confidence": 43.15, "bbox": {"x1": 832, "y1": 3237, "x2": 1163, "y2": 3586, "width": 331, "height": 348}, "crop_image": "germinated_seed_1_70_crop_1743832276.jpg"}, {"id": 71, "class": "germinated_seed", "confidence": 42.87, "bbox": {"x1": 2528, "y1": 970, "x2": 2901, "y2": 1341, "width": 372, "height": 371}, "crop_image": "germinated_seed_1_71_crop_1743832276.jpg"}, {"id": 72, "class": "germinated_seed", "confidence": 42.53, "bbox": {"x1": 340, "y1": 4985, "x2": 680, "y2": 5331, "width": 340, "height": 346}, "crop_image": "germinated_seed_1_72_crop_1743832276.jpg"}, {"id": 73, "class": "cotyledon_appear", "confidence": 40.43, "bbox": {"x1": 3086, "y1": 985, "x2": 3487, "y2": 1345, "width": 400, "height": 360}, "crop_image": "cotyledon_appear_1_73_crop_1743832276.jpg"}, {"id": 74, "class": "not_germinated", "confidence": 34.74, "bbox": {"x1": 3062, "y1": 5380, "x2": 3390, "y2": 5568, "width": 328, "height": 187}, "crop_image": "not_germinated_1_74_crop_1743832276.jpg"}, {"id": 75, "class": "cotyledon_appear", "confidence": 33.34, "bbox": {"x1": 740, "y1": 1558, "x2": 1123, "y2": 1894, "width": 382, "height": 335}, "crop_image": "cotyledon_appear_1_75_crop_1743832276.jpg"}, {"id": 76, "class": "germinated_seed", "confidence": 33.25, "bbox": {"x1": 140, "y1": 2154, "x2": 539, "y2": 2491, "width": 399, "height": 337}, "crop_image": "germinated_seed_1_76_crop_1743832276.jpg"}, {"id": 77, "class": "germinated_seed", "confidence": 32.73, "bbox": {"x1": 868, "y1": 3831, "x2": 1260, "y2": 4258, "width": 392, "height": 426}, "crop_image": "germinated_seed_1_77_crop_1743832276.jpg"}, {"id": 78, "class": "germinated_seed", "confidence": 30.11, "bbox": {"x1": 941, "y1": 5417, "x2": 1267, "y2": 5565, "width": 325, "height": 148}, "crop_image": "germinated_seed_1_78_crop_1743832276.jpg"}, {"id": 79, "class": "not_germinated", "confidence": 25.36, "bbox": {"x1": 936, "y1": 5420, "x2": 1270, "y2": 5567, "width": 333, "height": 147}, "crop_image": "not_germinated_1_79_crop_1743832276.jpg"}]}
[05-Apr-2025 07:51:54 Europe/Berlin] Processing line: DETECTION_RESULTS_END
[05-Apr-2025 07:51:54 Europe/Berlin] Parsing JSON data: {"timestamp": "1743832276", "detections": [{"id": 1, "class": "germinated_seed", "confidence": 89.85, "bbox": {"x1": 1389, "y1": 2120, "x2": 1737, "y2": 2474, "width": 348, "height": 354}, "crop_image": "germinated_seed_1_1_crop_1743832276.jpg"}, {"id": 2, "class": "germinated_seed", "confidence": 87.3, "bbox": {"x1": 1347, "y1": 1057, "x2": 1731, "y2": 1389, "width": 383, "height": 331}, "crop_image": "germinated_seed_1_2_crop_1743832276.jpg"}, {"id": 3, "class": "germinated_seed", "confidence": 86.13, "bbox": {"x1": 1957, "y1": 1590, "x2": 2323, "y2": 1951, "width": 366, "height": 360}, "crop_image": "germinated_seed_1_3_crop_1743832276.jpg"}, {"id": 4, "class": "germinated_seed", "confidence": 84.32, "bbox": {"x1": 303, "y1": 3329, "x2": 641, "y2": 3700, "width": 337, "height": 371}, "crop_image": "germinated_seed_1_4_crop_1743832276.jpg"}, {"id": 5, "class": "germinated_seed", "confidence": 84.26, "bbox": {"x1": 104, "y1": 327, "x2": 502, "y2": 747, "width": 397, "height": 420}, "crop_image": "germinated_seed_1_5_crop_1743832276.jpg"}, {"id": 6, "class": "germinated_seed", "confidence": 81.72, "bbox": {"x1": 2462, "y1": 425, "x2": 2801, "y2": 800, "width": 339, "height": 374}, "crop_image": "germinated_seed_1_6_crop_1743832276.jpg"}, {"id": 7, "class": "germinated_seed", "confidence": 80.34, "bbox": {"x1": 1370, "y1": 391, "x2": 1702, "y2": 786, "width": 331, "height": 394}, "crop_image": "germinated_seed_1_7_crop_1743832276.jpg"}, {"id": 8, "class": "germinated_seed", "confidence": 80.13, "bbox": {"x1": 1368, "y1": 3273, "x2": 1732, "y2": 3587, "width": 363, "height": 313}, "crop_image": "germinated_seed_1_8_crop_1743832276.jpg"}, {"id": 9, "class": "germinated_seed", "confidence": 79.57, "bbox": {"x1": 1959, "y1": 2099, "x2": 2322, "y2": 2488, "width": 363, "height": 388}, "crop_image": "germinated_seed_1_9_crop_1743832276.jpg"}, {"id": 10, "class": "germinated_seed", "confidence": 76.68, "bbox": {"x1": 211, "y1": 1616, "x2": 578, "y2": 1956, "width": 366, "height": 340}, "crop_image": "germinated_seed_1_10_crop_1743832276.jpg"}, {"id": 11, "class": "germinated_seed", "confidence": 73.11, "bbox": {"x1": 2511, "y1": 0, "x2": 2884, "y2": 213, "width": 373, "height": 213}, "crop_image": "germinated_seed_1_11_crop_1743832276.jpg"}, {"id": 12, "class": "cotyledon_appear", "confidence": 72.34, "bbox": {"x1": 2026, "y1": 3796, "x2": 2411, "y2": 4178, "width": 384, "height": 382}, "crop_image": "cotyledon_appear_1_12_crop_1743832276.jpg"}, {"id": 13, "class": "germinated_seed", "confidence": 71.98, "bbox": {"x1": 1457, "y1": 3823, "x2": 1779, "y2": 4169, "width": 322, "height": 345}, "crop_image": "germinated_seed_1_13_crop_1743832276.jpg"}, {"id": 14, "class": "germinated_seed", "confidence": 71.73, "bbox": {"x1": 739, "y1": 1555, "x2": 1120, "y2": 1901, "width": 380, "height": 345}, "crop_image": "germinated_seed_1_14_crop_1743832276.jpg"}, {"id": 15, "class": "germinated_seed", "confidence": 71.68, "bbox": {"x1": 2006, "y1": 3259, "x2": 2349, "y2": 3596, "width": 342, "height": 336}, "crop_image": "germinated_seed_1_15_crop_1743832276.jpg"}, {"id": 16, "class": "not_germinated", "confidence": 70.73, "bbox": {"x1": 2533, "y1": 2732, "x2": 2929, "y2": 3095, "width": 395, "height": 362}, "crop_image": "not_germinated_1_16_crop_1743832276.jpg"}, {"id": 17, "class": "germinated_seed", "confidence": 69.92, "bbox": {"x1": 1380, "y1": 1477, "x2": 1771, "y2": 1961, "width": 391, "height": 483}, "crop_image": "germinated_seed_1_17_crop_1743832276.jpg"}, {"id": 18, "class": "cotyledon_appear", "confidence": 69.67, "bbox": {"x1": 3077, "y1": 422, "x2": 3445, "y2": 810, "width": 367, "height": 387}, "crop_image": "cotyledon_appear_1_18_crop_1743832276.jpg"}, {"id": 19, "class": "germinated_seed", "confidence": 69.4, "bbox": {"x1": 132, "y1": 0, "x2": 526, "y2": 190, "width": 393, "height": 190}, "crop_image": "germinated_seed_1_19_crop_1743832276.jpg"}, {"id": 20, "class": "germinated_seed", "confidence": 68.54, "bbox": {"x1": 1947, "y1": 5363, "x2": 2281, "y2": 5566, "width": 334, "height": 202}, "crop_image": "germinated_seed_1_20_crop_1743832276.jpg"}, {"id": 21, "class": "germinated_seed", "confidence": 68.22, "bbox": {"x1": 1447, "y1": 4898, "x2": 1776, "y2": 5215, "width": 328, "height": 316}, "crop_image": "germinated_seed_1_21_crop_1743832276.jpg"}, {"id": 22, "class": "germinated_seed", "confidence": 68.15, "bbox": {"x1": 1942, "y1": 0, "x2": 2298, "y2": 237, "width": 356, "height": 237}, "crop_image": "germinated_seed_1_22_crop_1743832276.jpg"}, {"id": 23, "class": "cotyledon_appear", "confidence": 67.55, "bbox": {"x1": 142, "y1": 2150, "x2": 535, "y2": 2487, "width": 392, "height": 336}, "crop_image": "cotyledon_appear_1_23_crop_1743832276.jpg"}, {"id": 24, "class": "cotyledon_appear", "confidence": 67.44, "bbox": {"x1": 848, "y1": 2747, "x2": 1247, "y2": 3057, "width": 399, "height": 310}, "crop_image": "cotyledon_appear_1_24_crop_1743832276.jpg"}, {"id": 25, "class": "germinated_seed", "confidence": 66.91, "bbox": {"x1": 3097, "y1": 3244, "x2": 3490, "y2": 3575, "width": 392, "height": 331}, "crop_image": "germinated_seed_1_25_crop_1743832276.jpg"}, {"id": 26, "class": "germinated_seed", "confidence": 66.88, "bbox": {"x1": 1357, "y1": 0, "x2": 1700, "y2": 208, "width": 342, "height": 208}, "crop_image": "germinated_seed_1_26_crop_1743832276.jpg"}, {"id": 27, "class": "germinated_seed", "confidence": 66.3, "bbox": {"x1": 1989, "y1": 4342, "x2": 2310, "y2": 4642, "width": 320, "height": 300}, "crop_image": "germinated_seed_1_27_crop_1743832276.jpg"}, {"id": 28, "class": "germinated_seed", "confidence": 65.33, "bbox": {"x1": 3044, "y1": 1536, "x2": 3438, "y2": 1952, "width": 393, "height": 415}, "crop_image": "germinated_seed_1_28_crop_1743832276.jpg"}, {"id": 29, "class": "germinated_seed", "confidence": 65.08, "bbox": {"x1": 2483, "y1": 2116, "x2": 2817, "y2": 2483, "width": 333, "height": 366}, "crop_image": "germinated_seed_1_29_crop_1743832276.jpg"}, {"id": 30, "class": "germinated_seed", "confidence": 64.25, "bbox": {"x1": 1440, "y1": 4371, "x2": 1791, "y2": 4707, "width": 351, "height": 335}, "crop_image": "germinated_seed_1_30_crop_1743832276.jpg"}, {"id": 31, "class": "cotyledon_appear", "confidence": 64.12, "bbox": {"x1": 835, "y1": 3246, "x2": 1151, "y2": 3600, "width": 315, "height": 354}, "crop_image": "cotyledon_appear_1_31_crop_1743832276.jpg"}, {"id": 32, "class": "germinated_seed", "confidence": 64.08, "bbox": {"x1": 3075, "y1": 2704, "x2": 3462, "y2": 3068, "width": 387, "height": 363}, "crop_image": "germinated_seed_1_32_crop_1743832276.jpg"}, {"id": 33, "class": "germinated_seed", "confidence": 63.88, "bbox": {"x1": 2492, "y1": 4850, "x2": 2882, "y2": 5275, "width": 389, "height": 424}, "crop_image": "germinated_seed_1_33_crop_1743832276.jpg"}, {"id": 34, "class": "germinated_seed", "confidence": 63.45, "bbox": {"x1": 173, "y1": 3912, "x2": 571, "y2": 4287, "width": 398, "height": 374}, "crop_image": "germinated_seed_1_34_crop_1743832276.jpg"}, {"id": 35, "class": "germinated_seed", "confidence": 63.4, "bbox": {"x1": 805, "y1": 1, "x2": 1163, "y2": 265, "width": 357, "height": 264}, "crop_image": "germinated_seed_1_35_crop_1743832276.jpg"}, {"id": 36, "class": "germinated_seed", "confidence": 63.12, "bbox": {"x1": 2516, "y1": 5343, "x2": 2872, "y2": 5567, "width": 355, "height": 223}, "crop_image": "germinated_seed_1_36_crop_1743832276.jpg"}, {"id": 37, "class": "germinated_seed", "confidence": 63.02, "bbox": {"x1": 1909, "y1": 917, "x2": 2289, "y2": 1383, "width": 380, "height": 465}, "crop_image": "germinated_seed_1_37_crop_1743832276.jpg"}, {"id": 38, "class": "germinated_seed", "confidence": 62.95, "bbox": {"x1": 146, "y1": 2773, "x2": 595, "y2": 3164, "width": 448, "height": 390}, "crop_image": "germinated_seed_1_38_crop_1743832276.jpg"}, {"id": 39, "class": "germinated_seed", "confidence": 62.71, "bbox": {"x1": 824, "y1": 408, "x2": 1187, "y2": 793, "width": 363, "height": 385}, "crop_image": "germinated_seed_1_39_crop_1743832276.jpg"}, {"id": 40, "class": "cotyledon_appear", "confidence": 61.48, "bbox": {"x1": 2544, "y1": 3801, "x2": 2934, "y2": 4218, "width": 389, "height": 416}, "crop_image": "cotyledon_appear_1_40_crop_1743832276.jpg"}, {"id": 41, "class": "germinated_seed", "confidence": 60.82, "bbox": {"x1": 1957, "y1": 326, "x2": 2313, "y2": 768, "width": 356, "height": 442}, "crop_image": "germinated_seed_1_41_crop_1743832276.jpg"}, {"id": 42, "class": "germinated_seed", "confidence": 60.61, "bbox": {"x1": 810, "y1": 1028, "x2": 1207, "y2": 1375, "width": 396, "height": 346}, "crop_image": "germinated_seed_1_42_crop_1743832276.jpg"}, {"id": 43, "class": "cotyledon_appear", "confidence": 59.98, "bbox": {"x1": 2574, "y1": 3243, "x2": 2945, "y2": 3562, "width": 371, "height": 319}, "crop_image": "cotyledon_appear_1_43_crop_1743832276.jpg"}, {"id": 44, "class": "germinated_seed", "confidence": 58.88, "bbox": {"x1": 2543, "y1": 3798, "x2": 2938, "y2": 4216, "width": 395, "height": 417}, "crop_image": "germinated_seed_1_44_crop_1743832276.jpg"}, {"id": 45, "class": "germinated_seed", "confidence": 57.6, "bbox": {"x1": 191, "y1": 877, "x2": 622, "y2": 1358, "width": 430, "height": 481}, "crop_image": "germinated_seed_1_45_crop_1743832276.jpg"}, {"id": 46, "class": "germinated_seed", "confidence": 57.52, "bbox": {"x1": 3084, "y1": 980, "x2": 3482, "y2": 1342, "width": 397, "height": 361}, "crop_image": "germinated_seed_1_46_crop_1743832276.jpg"}, {"id": 47, "class": "cotyledon_appear", "confidence": 57.36, "bbox": {"x1": 2498, "y1": 4849, "x2": 2863, "y2": 5277, "width": 365, "height": 428}, "crop_image": "cotyledon_appear_1_47_crop_1743832276.jpg"}, {"id": 48, "class": "cotyledon_appear", "confidence": 57.31, "bbox": {"x1": 1942, "y1": 2704, "x2": 2325, "y2": 3044, "width": 382, "height": 340}, "crop_image": "cotyledon_appear_1_48_crop_1743832276.jpg"}, {"id": 49, "class": "germinated_seed", "confidence": 56.89, "bbox": {"x1": 1960, "y1": 4856, "x2": 2255, "y2": 5182, "width": 295, "height": 326}, "crop_image": "germinated_seed_1_49_crop_1743832276.jpg"}, {"id": 50, "class": "germinated_seed", "confidence": 56.62, "bbox": {"x1": 937, "y1": 4936, "x2": 1244, "y2": 5244, "width": 307, "height": 307}, "crop_image": "germinated_seed_1_50_crop_1743832276.jpg"}, {"id": 51, "class": "germinated_seed", "confidence": 56.33, "bbox": {"x1": 3009, "y1": 0, "x2": 3388, "y2": 257, "width": 378, "height": 257}, "crop_image": "germinated_seed_1_51_crop_1743832276.jpg"}, {"id": 52, "class": "cotyledon_appear", "confidence": 55.66, "bbox": {"x1": 1378, "y1": 2653, "x2": 1784, "y2": 3051, "width": 406, "height": 397}, "crop_image": "cotyledon_appear_1_52_crop_1743832276.jpg"}, {"id": 53, "class": "cotyledon_appear", "confidence": 55.58, "bbox": {"x1": 2526, "y1": 4334, "x2": 2851, "y2": 4757, "width": 325, "height": 422}, "crop_image": "cotyledon_appear_1_53_crop_1743832276.jpg"}, {"id": 54, "class": "germinated_seed", "confidence": 55.56, "bbox": {"x1": 3055, "y1": 3786, "x2": 3370, "y2": 4165, "width": 315, "height": 378}, "crop_image": "germinated_seed_1_54_crop_1743832276.jpg"}, {"id": 55, "class": "germinated_seed", "confidence": 55.45, "bbox": {"x1": 3072, "y1": 4850, "x2": 3425, "y2": 5099, "width": 353, "height": 248}, "crop_image": "germinated_seed_1_55_crop_1743832276.jpg"}, {"id": 56, "class": "germinated_seed", "confidence": 53.57, "bbox": {"x1": 236, "y1": 4482, "x2": 599, "y2": 4808, "width": 363, "height": 325}, "crop_image": "germinated_seed_1_56_crop_1743832276.jpg"}, {"id": 57, "class": "germinated_seed", "confidence": 53.09, "bbox": {"x1": 1437, "y1": 5402, "x2": 1768, "y2": 5567, "width": 330, "height": 164}, "crop_image": "germinated_seed_1_57_crop_1743832276.jpg"}, {"id": 58, "class": "cotyledon_appear", "confidence": 53.01, "bbox": {"x1": 694, "y1": 2119, "x2": 1155, "y2": 2498, "width": 460, "height": 378}, "crop_image": "cotyledon_appear_1_58_crop_1743832276.jpg"}, {"id": 59, "class": "cotyledon_appear", "confidence": 51.27, "bbox": {"x1": 2468, "y1": 1551, "x2": 2913, "y2": 1961, "width": 445, "height": 409}, "crop_image": "cotyledon_appear_1_59_crop_1743832276.jpg"}, {"id": 60, "class": "cotyledon_appear", "confidence": 50.22, "bbox": {"x1": 3039, "y1": 2092, "x2": 3396, "y2": 2495, "width": 356, "height": 403}, "crop_image": "cotyledon_appear_1_60_crop_1743832276.jpg"}, {"id": 61, "class": "germinated_seed", "confidence": 49.99, "bbox": {"x1": 2469, "y1": 1553, "x2": 2906, "y2": 1953, "width": 437, "height": 400}, "crop_image": "germinated_seed_1_61_crop_1743832276.jpg"}, {"id": 62, "class": "germinated_seed", "confidence": 48.63, "bbox": {"x1": 3096, "y1": 4298, "x2": 3405, "y2": 4583, "width": 309, "height": 285}, "crop_image": "germinated_seed_1_62_crop_1743832276.jpg"}, {"id": 63, "class": "cotyledon_appear", "confidence": 48.38, "bbox": {"x1": 867, "y1": 3834, "x2": 1256, "y2": 4249, "width": 388, "height": 415}, "crop_image": "cotyledon_appear_1_63_crop_1743832276.jpg"}, {"id": 64, "class": "cotyledon_appear", "confidence": 48.02, "bbox": {"x1": 1952, "y1": 316, "x2": 2326, "y2": 782, "width": 374, "height": 466}, "crop_image": "cotyledon_appear_1_64_crop_1743832276.jpg"}, {"id": 65, "class": "germinated_seed", "confidence": 47.92, "bbox": {"x1": 1941, "y1": 2704, "x2": 2328, "y2": 3053, "width": 386, "height": 349}, "crop_image": "germinated_seed_1_65_crop_1743832276.jpg"}, {"id": 66, "class": "germinated_seed", "confidence": 47.15, "bbox": {"x1": 692, "y1": 2124, "x2": 1153, "y2": 2493, "width": 460, "height": 368}, "crop_image": "germinated_seed_1_66_crop_1743832276.jpg"}, {"id": 67, "class": "not_germinated", "confidence": 46.49, "bbox": {"x1": 2528, "y1": 971, "x2": 2908, "y2": 1351, "width": 380, "height": 379}, "crop_image": "not_germinated_1_67_crop_1743832276.jpg"}, {"id": 68, "class": "not_germinated", "confidence": 43.6, "bbox": {"x1": 844, "y1": 4378, "x2": 1192, "y2": 4708, "width": 347, "height": 329}, "crop_image": "not_germinated_1_68_crop_1743832276.jpg"}, {"id": 69, "class": "cotyledon_appear", "confidence": 43.56, "bbox": {"x1": 1918, "y1": 920, "x2": 2290, "y2": 1378, "width": 372, "height": 457}, "crop_image": "cotyledon_appear_1_69_crop_1743832276.jpg"}, {"id": 70, "class": "germinated_seed", "confidence": 43.15, "bbox": {"x1": 832, "y1": 3237, "x2": 1163, "y2": 3586, "width": 331, "height": 348}, "crop_image": "germinated_seed_1_70_crop_1743832276.jpg"}, {"id": 71, "class": "germinated_seed", "confidence": 42.87, "bbox": {"x1": 2528, "y1": 970, "x2": 2901, "y2": 1341, "width": 372, "height": 371}, "crop_image": "germinated_seed_1_71_crop_1743832276.jpg"}, {"id": 72, "class": "germinated_seed", "confidence": 42.53, "bbox": {"x1": 340, "y1": 4985, "x2": 680, "y2": 5331, "width": 340, "height": 346}, "crop_image": "germinated_seed_1_72_crop_1743832276.jpg"}, {"id": 73, "class": "cotyledon_appear", "confidence": 40.43, "bbox": {"x1": 3086, "y1": 985, "x2": 3487, "y2": 1345, "width": 400, "height": 360}, "crop_image": "cotyledon_appear_1_73_crop_1743832276.jpg"}, {"id": 74, "class": "not_germinated", "confidence": 34.74, "bbox": {"x1": 3062, "y1": 5380, "x2": 3390, "y2": 5568, "width": 328, "height": 187}, "crop_image": "not_germinated_1_74_crop_1743832276.jpg"}, {"id": 75, "class": "cotyledon_appear", "confidence": 33.34, "bbox": {"x1": 740, "y1": 1558, "x2": 1123, "y2": 1894, "width": 382, "height": 335}, "crop_image": "cotyledon_appear_1_75_crop_1743832276.jpg"}, {"id": 76, "class": "germinated_seed", "confidence": 33.25, "bbox": {"x1": 140, "y1": 2154, "x2": 539, "y2": 2491, "width": 399, "height": 337}, "crop_image": "germinated_seed_1_76_crop_1743832276.jpg"}, {"id": 77, "class": "germinated_seed", "confidence": 32.73, "bbox": {"x1": 868, "y1": 3831, "x2": 1260, "y2": 4258, "width": 392, "height": 426}, "crop_image": "germinated_seed_1_77_crop_1743832276.jpg"}, {"id": 78, "class": "germinated_seed", "confidence": 30.11, "bbox": {"x1": 941, "y1": 5417, "x2": 1267, "y2": 5565, "width": 325, "height": 148}, "crop_image": "germinated_seed_1_78_crop_1743832276.jpg"}, {"id": 79, "class": "not_germinated", "confidence": 25.36, "bbox": {"x1": 936, "y1": 5420, "x2": 1270, "y2": 5567, "width": 333, "height": 147}, "crop_image": "not_germinated_1_79_crop_1743832276.jpg"}]}
[05-Apr-2025 07:51:54 Europe/Berlin] Successfully parsed detection data
