[16-Mar-2025 06:01:43 Europe/Berlin] PHP Warning:  require_once(C:/xampp/htdocs/config/config.php): Failed to open stream: No such file or directory in C:\xampp\htdocs\coba_website\app\content\Melon\deeplearning\deep_learning_melon.php on line 15
[16-Mar-2025 06:01:43 Europe/Berlin] PHP Fatal error:  Uncaught Error: Failed opening required 'C:/xampp/htdocs/config/config.php' (include_path='C:\xampp\php\PEAR') in C:\xampp\htdocs\coba_website\app\content\Melon\deeplearning\deep_learning_melon.php:15
Stack trace:
#0 C:\xampp\htdocs\coba_website\app\dashboard_deepl.php(42): include()
#1 {main}
  thrown in C:\xampp\htdocs\coba_website\app\content\Melon\deeplearning\deep_learning_melon.php on line 15
[16-Mar-2025 06:02:25 Europe/Berlin] PHP Warning:  require_once(C:/xampp/htdocs/config/config.php): Failed to open stream: No such file or directory in C:\xampp\htdocs\coba_website\app\content\Melon\deeplearning\deep_learning_melon.php on line 15
[16-Mar-2025 06:02:25 Europe/Berlin] PHP Fatal error:  Uncaught Error: Failed opening required 'C:/xampp/htdocs/config/config.php' (include_path='C:\xampp\php\PEAR') in C:\xampp\htdocs\coba_website\app\content\Melon\deeplearning\deep_learning_melon.php:15
Stack trace:
#0 C:\xampp\htdocs\coba_website\app\dashboard_deepl.php(42): include()
#1 {main}
  thrown in C:\xampp\htdocs\coba_website\app\content\Melon\deeplearning\deep_learning_melon.php on line 15
[16-Mar-2025 06:03:59 Europe/Berlin] PHP Warning:  require_once(C:/xampp/htdocsC:\xampp\htdocs\coba_website\config\config.php): Failed to open stream: No such file or directory in C:\xampp\htdocs\coba_website\app\content\Melon\deeplearning\deep_learning_melon.php on line 15
[16-Mar-2025 06:03:59 Europe/Berlin] PHP Fatal error:  Uncaught Error: Failed opening required 'C:/xampp/htdocsC:\xampp\htdocs\coba_website\config\config.php' (include_path='C:\xampp\php\PEAR') in C:\xampp\htdocs\coba_website\app\content\Melon\deeplearning\deep_learning_melon.php:15
Stack trace:
#0 C:\xampp\htdocs\coba_website\app\dashboard_deepl.php(42): include()
#1 {main}
  thrown in C:\xampp\htdocs\coba_website\app\content\Melon\deeplearning\deep_learning_melon.php on line 15
[16-Mar-2025 06:06:57 Europe/Berlin] PHP Warning:  require_once(C:/xampp/htdocsconfig\config.php): Failed to open stream: No such file or directory in C:\xampp\htdocs\coba_website\app\content\Melon\deeplearning\deep_learning_melon.php on line 15
[16-Mar-2025 06:06:57 Europe/Berlin] PHP Fatal error:  Uncaught Error: Failed opening required 'C:/xampp/htdocsconfig\config.php' (include_path='C:\xampp\php\PEAR') in C:\xampp\htdocs\coba_website\app\content\Melon\deeplearning\deep_learning_melon.php:15
Stack trace:
#0 C:\xampp\htdocs\coba_website\app\dashboard_deepl.php(42): include()
#1 {main}
  thrown in C:\xampp\htdocs\coba_website\app\content\Melon\deeplearning\deep_learning_melon.php on line 15
[16-Mar-2025 06:08:53 Europe/Berlin] PHP Warning:  require_once(C:/xampp/htdocsconfig/config.php): Failed to open stream: No such file or directory in C:\xampp\htdocs\coba_website\app\content\Melon\deeplearning\deep_learning_melon.php on line 15
[16-Mar-2025 06:08:53 Europe/Berlin] PHP Fatal error:  Uncaught Error: Failed opening required 'C:/xampp/htdocsconfig/config.php' (include_path='C:\xampp\php\PEAR') in C:\xampp\htdocs\coba_website\app\content\Melon\deeplearning\deep_learning_melon.php:15
Stack trace:
#0 C:\xampp\htdocs\coba_website\app\dashboard_deepl.php(42): include()
#1 {main}
  thrown in C:\xampp\htdocs\coba_website\app\content\Melon\deeplearning\deep_learning_melon.php on line 15
[16-Mar-2025 06:09:19 Europe/Berlin] PHP Warning:  require_once(C:/xampp/htdocs../config/config.php): Failed to open stream: No such file or directory in C:\xampp\htdocs\coba_website\app\content\Melon\deeplearning\deep_learning_melon.php on line 15
[16-Mar-2025 06:09:19 Europe/Berlin] PHP Fatal error:  Uncaught Error: Failed opening required 'C:/xampp/htdocs../config/config.php' (include_path='C:\xampp\php\PEAR') in C:\xampp\htdocs\coba_website\app\content\Melon\deeplearning\deep_learning_melon.php:15
Stack trace:
#0 C:\xampp\htdocs\coba_website\app\dashboard_deepl.php(42): include()
#1 {main}
  thrown in C:\xampp\htdocs\coba_website\app\content\Melon\deeplearning\deep_learning_melon.php on line 15
[16-Mar-2025 06:10:23 Europe/Berlin] PHP Warning:  require_once(C:/xampp/htdocscoba_website\config\config.php): Failed to open stream: No such file or directory in C:\xampp\htdocs\coba_website\app\content\Melon\deeplearning\deep_learning_melon.php on line 15
[16-Mar-2025 06:10:23 Europe/Berlin] PHP Fatal error:  Uncaught Error: Failed opening required 'C:/xampp/htdocscoba_website\config\config.php' (include_path='C:\xampp\php\PEAR') in C:\xampp\htdocs\coba_website\app\content\Melon\deeplearning\deep_learning_melon.php:15
Stack trace:
#0 C:\xampp\htdocs\coba_website\app\dashboard_deepl.php(42): include()
#1 {main}
  thrown in C:\xampp\htdocs\coba_website\app\content\Melon\deeplearning\deep_learning_melon.php on line 15
[16-Mar-2025 06:12:17 Europe/Berlin] File uploaded successfully to: C:\xampp\htdocs\coba_website/output/detect_1/raw_20210803_160907.jpg
[16-Mar-2025 06:12:17 Europe/Berlin] Selected model: combined
[16-Mar-2025 06:12:17 Europe/Berlin] Model path: C:\xampp\htdocs\coba_website/app/content/Melon/deeplearning/combined.pt (exists: yes)
[16-Mar-2025 06:12:17 Europe/Berlin] Upload path: C:\xampp\htdocs\coba_website/output/detect_1/raw_20210803_160907.jpg (exists: yes)
[16-Mar-2025 06:12:17 Europe/Berlin] Results dir: C:\xampp\htdocs\coba_website/results (exists: yes)
[16-Mar-2025 06:12:17 Europe/Berlin] Starting detection process...
[16-Mar-2025 06:12:17 Europe/Berlin] Executing command: cd "C:\xampp\htdocs\coba_website" && "/Users/syauqiarham/opt/anaconda3/bin/python3" "C:\Users\Jasmine Tasmara\AppData\Local\Temp\det4272.tmp.py" 2>&1
[16-Mar-2025 06:12:17 Europe/Berlin] Command output:
The system cannot find the path specified.
[16-Mar-2025 06:12:17 Europe/Berlin] Return code: 1
[16-Mar-2025 06:12:17 Europe/Berlin] Error processing image. Return code: 1
[16-Mar-2025 06:13:45 Europe/Berlin] File uploaded successfully to: C:\xampp\htdocs\coba_website/output/detect_2/raw_20210803_160907.jpg
[16-Mar-2025 06:13:45 Europe/Berlin] Selected model: combined
[16-Mar-2025 06:13:45 Europe/Berlin] Model path: C:\xampp\htdocs\coba_website/app/content/Melon/deeplearning/combined.pt (exists: yes)
[16-Mar-2025 06:13:45 Europe/Berlin] Upload path: C:\xampp\htdocs\coba_website/output/detect_2/raw_20210803_160907.jpg (exists: yes)
[16-Mar-2025 06:13:45 Europe/Berlin] Results dir: C:\xampp\htdocs\coba_website/results (exists: yes)
[16-Mar-2025 06:13:45 Europe/Berlin] Starting detection process...
[16-Mar-2025 06:13:45 Europe/Berlin] Executing command: cd "C:\xampp\htdocs\coba_website" && "/Users/syauqiarham/opt/anaconda3/bin/python3" "C:\Users\Jasmine Tasmara\AppData\Local\Temp\det9AFF.tmp.py" 2>&1
[16-Mar-2025 06:13:45 Europe/Berlin] Command output:
The system cannot find the path specified.
[16-Mar-2025 06:13:45 Europe/Berlin] Return code: 1
[16-Mar-2025 06:13:45 Europe/Berlin] Error processing image. Return code: 1
[16-Mar-2025 06:17:54 Europe/Berlin] File uploaded successfully to: C:\xampp\htdocs\coba_website/output/detect_3/raw_20210803_160907.jpg
[16-Mar-2025 06:17:54 Europe/Berlin] Selected model: combined
[16-Mar-2025 06:17:54 Europe/Berlin] Model path: C:\xampp\htdocs\coba_website/app/content/Melon/deeplearning/combined.pt (exists: yes)
[16-Mar-2025 06:17:54 Europe/Berlin] Upload path: C:\xampp\htdocs\coba_website/output/detect_3/raw_20210803_160907.jpg (exists: yes)
[16-Mar-2025 06:17:54 Europe/Berlin] Results dir: C:\xampp\htdocs\coba_website/results (exists: yes)
[16-Mar-2025 06:17:54 Europe/Berlin] Starting detection process...
[16-Mar-2025 06:17:54 Europe/Berlin] Executing command: cd "C:\xampp\htdocs\coba_website" && "C:\Users\Jasmine Tasmara\AppData\Local\Programs\Python\Python38/python.exe" "C:\Users\Jasmine Tasmara\AppData\Local\Temp\det68E1.tmp.py" 2>&1
[16-Mar-2025 06:17:55 Europe/Berlin] Command output:
  File "C:\Users\Jasmine Tasmara\AppData\Local\Temp\det68E1.tmp.py", line 61
    model_path = os.path.abspath('C:\xampp\htdocs\coba_website/app/content/Melon/deeplearning/combined.pt')
                                 ^
SyntaxError: (unicode error) 'unicodeescape' codec can't decode bytes in position 2-4: truncated \xXX escape
[16-Mar-2025 06:17:55 Europe/Berlin] Return code: 1
[16-Mar-2025 06:17:55 Europe/Berlin] Error processing image. Return code: 1
[16-Mar-2025 06:18:09 Europe/Berlin] File uploaded successfully to: C:\xampp\htdocs\coba_website/output/detect_4/raw_20210730_094400.jpg
[16-Mar-2025 06:18:09 Europe/Berlin] Selected model: combined
[16-Mar-2025 06:18:09 Europe/Berlin] Model path: C:\xampp\htdocs\coba_website/app/content/Melon/deeplearning/combined.pt (exists: yes)
[16-Mar-2025 06:18:09 Europe/Berlin] Upload path: C:\xampp\htdocs\coba_website/output/detect_4/raw_20210730_094400.jpg (exists: yes)
[16-Mar-2025 06:18:09 Europe/Berlin] Results dir: C:\xampp\htdocs\coba_website/results (exists: yes)
[16-Mar-2025 06:18:09 Europe/Berlin] Starting detection process...
[16-Mar-2025 06:18:09 Europe/Berlin] Executing command: cd "C:\xampp\htdocs\coba_website" && "C:\Users\Jasmine Tasmara\AppData\Local\Programs\Python\Python38/python.exe" "C:\Users\Jasmine Tasmara\AppData\Local\Temp\detA233.tmp.py" 2>&1
[16-Mar-2025 06:18:09 Europe/Berlin] Command output:
  File "C:\Users\Jasmine Tasmara\AppData\Local\Temp\detA233.tmp.py", line 61
    model_path = os.path.abspath('C:\xampp\htdocs\coba_website/app/content/Melon/deeplearning/combined.pt')
                                 ^
SyntaxError: (unicode error) 'unicodeescape' codec can't decode bytes in position 2-4: truncated \xXX escape
[16-Mar-2025 06:18:09 Europe/Berlin] Return code: 1
[16-Mar-2025 06:18:09 Europe/Berlin] Error processing image. Return code: 1
[16-Mar-2025 06:19:10 Europe/Berlin] File uploaded successfully to: C:\xampp\htdocs\coba_website/output/detect_5/raw_20210730_094400.jpg
[16-Mar-2025 06:19:10 Europe/Berlin] Selected model: combined
[16-Mar-2025 06:19:10 Europe/Berlin] Model path: C:\xampp\htdocs\coba_website/app/content/Melon/deeplearning/combined.pt (exists: yes)
[16-Mar-2025 06:19:10 Europe/Berlin] Upload path: C:\xampp\htdocs\coba_website/output/detect_5/raw_20210730_094400.jpg (exists: yes)
[16-Mar-2025 06:19:10 Europe/Berlin] Results dir: C:\xampp\htdocs\coba_website/results (exists: yes)
[16-Mar-2025 06:19:10 Europe/Berlin] Starting detection process...
[16-Mar-2025 06:19:10 Europe/Berlin] Executing command: cd "C:\xampp\htdocs\coba_website" && "C:/Users/Jasmine Tasmara/AppData/Local/Programs/Python/Python38/python.exe" "C:\Users\Jasmine Tasmara\AppData\Local\Temp\det907D.tmp.py" 2>&1
[16-Mar-2025 06:19:10 Europe/Berlin] Command output:
  File "C:\Users\Jasmine Tasmara\AppData\Local\Temp\det907D.tmp.py", line 61
    model_path = os.path.abspath('C:\xampp\htdocs\coba_website/app/content/Melon/deeplearning/combined.pt')
                                 ^
SyntaxError: (unicode error) 'unicodeescape' codec can't decode bytes in position 2-4: truncated \xXX escape
[16-Mar-2025 06:19:10 Europe/Berlin] Return code: 1
[16-Mar-2025 06:19:10 Europe/Berlin] Error processing image. Return code: 1
[16-Mar-2025 06:21:05 Europe/Berlin] File uploaded successfully to: C:\xampp\htdocs\coba_website/output/detect_6/raw_20210730_094400.jpg
[16-Mar-2025 06:21:05 Europe/Berlin] Selected model: combined
[16-Mar-2025 06:21:05 Europe/Berlin] Model path: C:\xampp\htdocs\coba_website/app/content/Melon/deeplearning/combined.pt (exists: yes)
[16-Mar-2025 06:21:05 Europe/Berlin] Upload path: C:\xampp\htdocs\coba_website/output/detect_6/raw_20210730_094400.jpg (exists: yes)
[16-Mar-2025 06:21:05 Europe/Berlin] Results dir: C:\xampp\htdocs\coba_website/results (exists: yes)
[16-Mar-2025 06:21:05 Europe/Berlin] Starting detection process...
[16-Mar-2025 06:21:05 Europe/Berlin] Executing command: cd "C:\xampp\htdocs\coba_website" && "C:/Users/Jasmine Tasmara/AppData/Local/Programs/Python/Python38/python.exe" "C:\Users\Jasmine Tasmara\AppData\Local\Temp\det5002.tmp.py" 2>&1
[16-Mar-2025 06:21:05 Europe/Berlin] Command output:
  File "C:\Users\Jasmine Tasmara\AppData\Local\Temp\det5002.tmp.py", line 61
    model_path = os.path.abspath('C:\xampp\htdocs\coba_website/app/content/Melon/deeplearning/combined.pt')
                                 ^
SyntaxError: (unicode error) 'unicodeescape' codec can't decode bytes in position 2-4: truncated \xXX escape
[16-Mar-2025 06:21:05 Europe/Berlin] Return code: 1
[16-Mar-2025 06:21:05 Europe/Berlin] Error processing image. Return code: 1
[16-Mar-2025 06:27:26 Europe/Berlin] File uploaded successfully to: C:\xampp\htdocs\coba_website/output/detect_7/raw_20210730_094400.jpg
[16-Mar-2025 06:27:26 Europe/Berlin] Selected model: combined
[16-Mar-2025 06:27:26 Europe/Berlin] Model path: C:\xampp\htdocs\coba_website/app/content/Melon/deeplearning/combined.pt (exists: yes)
[16-Mar-2025 06:27:26 Europe/Berlin] Upload path: C:\xampp\htdocs\coba_website/output/detect_7/raw_20210730_094400.jpg (exists: yes)
[16-Mar-2025 06:27:26 Europe/Berlin] Results dir: C:\xampp\htdocs\coba_website/results (exists: yes)
[16-Mar-2025 06:27:26 Europe/Berlin] Starting detection process...
[16-Mar-2025 06:27:26 Europe/Berlin] Executing command: cd "C:\xampp\htdocs\coba_website" && "C:/Users/Jasmine Tasmara/AppData/Local/Programs/Python/Python38/python.exe" "C:\Users\Jasmine Tasmara\AppData\Local\Temp\det226F.tmp.py" 2>&1
[16-Mar-2025 06:27:26 Europe/Berlin] Command output:
  File "C:\Users\Jasmine Tasmara\AppData\Local\Temp\det226F.tmp.py", line 61
    model_path = os.path.abspath('C:\xampp\htdocs\coba_website/app/content/Melon/deeplearning/combined.pt')
                                 ^
SyntaxError: (unicode error) 'unicodeescape' codec can't decode bytes in position 2-4: truncated \xXX escape
[16-Mar-2025 06:27:26 Europe/Berlin] Return code: 1
[16-Mar-2025 06:27:26 Europe/Berlin] Error processing image. Return code: 1
[16-Mar-2025 06:29:57 Europe/Berlin] File uploaded successfully to: C:\xampp\htdocs\coba_website/output/detect_8/raw_20210730_094400.jpg
[16-Mar-2025 06:29:57 Europe/Berlin] Selected model: combined
[16-Mar-2025 06:29:57 Europe/Berlin] Model path: C:\xampp\htdocs\coba_website/app/content/Melon/deeplearning/combined.pt (exists: yes)
[16-Mar-2025 06:29:57 Europe/Berlin] Upload path: C:\xampp\htdocs\coba_website/output/detect_8/raw_20210730_094400.jpg (exists: yes)
[16-Mar-2025 06:29:57 Europe/Berlin] Results dir: C:\xampp\htdocs\coba_website/results (exists: yes)
[16-Mar-2025 06:29:57 Europe/Berlin] Starting detection process...
[16-Mar-2025 06:29:57 Europe/Berlin] Executing command: cd "C:\xampp\htdocs\coba_website" && "C:/Users/Jasmine Tasmara/AppData/Local/Programs/Python/Python38/python.exe" "C:\Users\Jasmine Tasmara\AppData\Local\Temp\det7191.tmp.py" 2>&1
[16-Mar-2025 06:29:58 Europe/Berlin] Command output:
  File "C:\Users\Jasmine Tasmara\AppData\Local\Temp\det7191.tmp.py", line 62
    upload_path = os.path.abspath('C:\xampp\htdocs\coba_website/output/detect_8/raw_20210730_094400.jpg')
                                  ^
SyntaxError: (unicode error) 'unicodeescape' codec can't decode bytes in position 2-4: truncated \xXX escape
[16-Mar-2025 06:29:58 Europe/Berlin] Return code: 1
[16-Mar-2025 06:29:58 Europe/Berlin] Error processing image. Return code: 1
[16-Mar-2025 06:30:09 Europe/Berlin] File uploaded successfully to: C:\xampp\htdocs\coba_website/output/detect_9/raw_20210730_094400.jpg
[16-Mar-2025 06:30:09 Europe/Berlin] Selected model: combined
[16-Mar-2025 06:30:09 Europe/Berlin] Model path: C:\xampp\htdocs\coba_website/app/content/Melon/deeplearning/combined.pt (exists: yes)
[16-Mar-2025 06:30:09 Europe/Berlin] Upload path: C:\xampp\htdocs\coba_website/output/detect_9/raw_20210730_094400.jpg (exists: yes)
[16-Mar-2025 06:30:09 Europe/Berlin] Results dir: C:\xampp\htdocs\coba_website/results (exists: yes)
[16-Mar-2025 06:30:09 Europe/Berlin] Starting detection process...
[16-Mar-2025 06:30:09 Europe/Berlin] Executing command: cd "C:\xampp\htdocs\coba_website" && "C:/Users/Jasmine Tasmara/AppData/Local/Programs/Python/Python38/python.exe" "C:\Users\Jasmine Tasmara\AppData\Local\Temp\det9D75.tmp.py" 2>&1
[16-Mar-2025 06:30:09 Europe/Berlin] Command output:
  File "C:\Users\Jasmine Tasmara\AppData\Local\Temp\det9D75.tmp.py", line 62
    upload_path = os.path.abspath('C:\xampp\htdocs\coba_website/output/detect_9/raw_20210730_094400.jpg')
                                  ^
SyntaxError: (unicode error) 'unicodeescape' codec can't decode bytes in position 2-4: truncated \xXX escape
[16-Mar-2025 06:30:09 Europe/Berlin] Return code: 1
[16-Mar-2025 06:30:09 Europe/Berlin] Error processing image. Return code: 1
[16-Mar-2025 06:35:52 Europe/Berlin] File uploaded successfully to: C:\xampp\htdocs\coba_website/output/detect_10/raw_20210730_094400.jpg
[16-Mar-2025 06:35:52 Europe/Berlin] Selected model: combined
[16-Mar-2025 06:35:52 Europe/Berlin] Model path: C:\xampp\htdocs\coba_website/app/content/Melon/deeplearning/combined.pt (exists: yes)
[16-Mar-2025 06:35:52 Europe/Berlin] Upload path: C:\xampp\htdocs\coba_website/output/detect_10/raw_20210730_094400.jpg (exists: yes)
[16-Mar-2025 06:35:52 Europe/Berlin] Results dir: C:\xampp\htdocs\coba_website/results (exists: yes)
[16-Mar-2025 06:35:52 Europe/Berlin] Starting detection process...
[16-Mar-2025 06:35:52 Europe/Berlin] Executing command: cd "C:\xampp\htdocs\coba_website" && "C:/Users/Jasmine Tasmara/AppData/Local/Programs/Python/Python38/python.exe" "C:\Users\Jasmine Tasmara\AppData\Local\Temp\detDB33.tmp.py" 2>&1
[16-Mar-2025 06:35:52 Europe/Berlin] Command output:
  File "C:\Users\Jasmine Tasmara\AppData\Local\Temp\detDB33.tmp.py", line 62
    upload_path = os.path.abspath('C:\xampp\htdocs\coba_website/output/detect_10/raw_20210730_094400.jpg')
                                  ^
SyntaxError: (unicode error) 'unicodeescape' codec can't decode bytes in position 2-4: truncated \xXX escape
[16-Mar-2025 06:35:52 Europe/Berlin] Return code: 1
[16-Mar-2025 06:35:52 Europe/Berlin] Error processing image. Return code: 1
[16-Mar-2025 06:38:47 Europe/Berlin] File uploaded successfully to: C:\xampp\htdocs\coba_website/output/detect_11/raw_20210730_094400.jpg
[16-Mar-2025 06:38:47 Europe/Berlin] Selected model: combined
[16-Mar-2025 06:38:47 Europe/Berlin] Model path: C:\xampp\htdocs\coba_website/app/content/Melon/deeplearning/combined.pt (exists: yes)
[16-Mar-2025 06:38:47 Europe/Berlin] Upload path: C:\xampp\htdocs\coba_website/output/detect_11/raw_20210730_094400.jpg (exists: yes)
[16-Mar-2025 06:38:47 Europe/Berlin] Results dir: C:\xampp\htdocs\coba_website/results (exists: yes)
[16-Mar-2025 06:38:47 Europe/Berlin] Starting detection process...
[16-Mar-2025 06:38:47 Europe/Berlin] Executing command: cd "C:\xampp\htdocs\coba_website" && "C:/Users/Jasmine Tasmara/AppData/Local/Programs/Python/Python38/python.exe" "C:\Users\Jasmine Tasmara\AppData\Local\Temp\det8670.tmp.py" 2>&1
[16-Mar-2025 06:39:01 Europe/Berlin] Command output:
Current working directory: C:\xampp\htdocs\coba_website
Model path (absolute): C:\xampp\htdocs\coba_website\app\content\Melon\deeplearning\combined.pt
Upload path (absolute): C:\xampp\htdocs\coba_website\output\detect_11\raw_20210730_094400.jpg
Results directory (absolute): C:\xampp\htdocs\coba_website\output\detect_11
Using HSV ranges:
Range 1: H=[155-255], S=[160-240], V=[160-255]
Range 2: H=[0-30], S=[160-240], V=[160-255]
Loading model...
Model loaded successfully
Reading image...
Image read successfully, shape: (4128, 3096, 3)
Running detection...

0: 1280x960 4 flower-blooms, 2 flower-buds, 1 melon-unripe, 921.1ms
Speed: 24.0ms preprocess, 921.1ms inference, 13.0ms postprocess per image at shape (1, 3, 1280, 960)
Detection completed successfully
Found 7 objects
Processing detection 1: flower-bloom (83.77%)
Successfully saved cropped flower-bloom to: C:\xampp\htdocs\coba_website\output\detect_11\flower-bloom_1_83pct_1742103527.jpg
Processing detection 2: flower-bloom (82.70%)
Successfully saved cropped flower-bloom to: C:\xampp\htdocs\coba_website\output\detect_11\flower-bloom_2_82pct_1742103527.jpg
Processing detection 3: flower-bud (58.21%)
Successfully saved cropped flower-bud to: C:\xampp\htdocs\coba_website\output\detect_11\flower-bud_3_58pct_1742103527.jpg
Processing detection 4: melon-unripe (54.43%)
Successfully saved cropped melon-unripe to: C:\xampp\htdocs\coba_website\output\detect_11\melon-unripe_4_54pct_1742103527.jpg
Processing detection 5: flower-bloom (30.07%)
Successfully saved cropped flower-bloom to: C:\xampp\htdocs\coba_website\output\detect_11\flower-bloom_5_30pct_1742103527.jpg
Processing detection 6: flower-bud (29.38%)
Successfully saved cropped flower-bud to: C:\xampp\htdocs\coba_website\output\detect_11\flower-bud_6_29pct_1742103527.jpg
Processing detection 7: flower-bloom (25.94%)
Successfully saved cropped flower-bloom to: C:\xampp\htdocs\coba_website\output\detect_11\flower-bloom_7_25pct_1742103527.jpg
Saved detection results to: C:\xampp\htdocs\coba_website\output\detect_11\1742103527_detections.json
Successfully saved result visualization to: C:\xampp\htdocs\coba_website\output\detect_11\1742103527_result.jpg
DETECTION_RESULTS_START
{"image_size": {"width": 3096, "height": 4128}, "detections": [{"class": "flower-bloom", "confidence": 83.77, "bbox": {"x1": 1139, "y1": 2834, "x2": 2009, "y2": 3672, "width": 870, "height": 838}, "cropped_image": "flower-bloom_1_83pct_1742103527.jpg", "processed_image": null, "mask_image": null, "color_analysis": null}, {"class": "flower-bloom", "confidence": 82.7, "bbox": {"x1": 1186, "y1": 1111, "x2": 2224, "y2": 2152, "width": 1038, "height": 1041}, "cropped_image": "flower-bloom_2_82pct_1742103527.jpg", "processed_image": null, "mask_image": null, "color_analysis": null}, {"class": "flower-bud", "confidence": 58.21, "bbox": {"x1": 1814, "y1": 2702, "x2": 1957, "y2": 2811, "width": 143, "height": 109}, "cropped_image": "flower-bud_3_58pct_1742103527.jpg", "processed_image": null, "mask_image": null, "color_analysis": null}, {"class": "melon-unripe", "confidence": 54.43, "bbox": {"x1": 0, "y1": 2163, "x2": 332, "y2": 3540, "width": 332, "height": 1377}, "cropped_image": "melon-unripe_4_54pct_1742103527.jpg", "processed_image": null, "mask_image": null, "color_analysis": null}, {"class": "flower-bloom", "confidence": 30.07, "bbox": {"x1": 672, "y1": 312, "x2": 994, "y2": 509, "width": 322, "height": 197}, "cropped_image": "flower-bloom_5_30pct_1742103527.jpg", "processed_image": null, "mask_image": null, "color_analysis": null}, {"class": "flower-bud", "confidence": 29.38, "bbox": {"x1": 1402, "y1": 2124, "x2": 1560, "y2": 2238, "width": 158, "height": 114}, "cropped_image": "flower-bud_6_29pct_1742103527.jpg", "processed_image": null, "mask_image": null, "color_analysis": null}, {"class": "flower-bloom", "confidence": 25.94, "bbox": {"x1": 1242, "y1": 2550, "x2": 1471, "y2": 2740, "width": 229, "height": 190}, "cropped_image": "flower-bloom_7_25pct_1742103527.jpg", "processed_image": null, "mask_image": null, "color_analysis": null}]}
DETECTION_RESULTS_END
[16-Mar-2025 06:39:01 Europe/Berlin] Return code: 0
[16-Mar-2025 06:39:01 Europe/Berlin] Processing line: Current working directory: C:\xampp\htdocs\coba_website
[16-Mar-2025 06:39:01 Europe/Berlin] Processing line: Model path (absolute): C:\xampp\htdocs\coba_website\app\content\Melon\deeplearning\combined.pt
[16-Mar-2025 06:39:01 Europe/Berlin] Processing line: Upload path (absolute): C:\xampp\htdocs\coba_website\output\detect_11\raw_20210730_094400.jpg
[16-Mar-2025 06:39:01 Europe/Berlin] Processing line: Results directory (absolute): C:\xampp\htdocs\coba_website\output\detect_11
[16-Mar-2025 06:39:01 Europe/Berlin] Processing line: Using HSV ranges:
[16-Mar-2025 06:39:01 Europe/Berlin] Processing line: Range 1: H=[155-255], S=[160-240], V=[160-255]
[16-Mar-2025 06:39:01 Europe/Berlin] Processing line: Range 2: H=[0-30], S=[160-240], V=[160-255]
[16-Mar-2025 06:39:01 Europe/Berlin] Processing line: Loading model...
[16-Mar-2025 06:39:01 Europe/Berlin] Processing line: Model loaded successfully
[16-Mar-2025 06:39:01 Europe/Berlin] Processing line: Reading image...
[16-Mar-2025 06:39:01 Europe/Berlin] Processing line: Image read successfully, shape: (4128, 3096, 3)
[16-Mar-2025 06:39:01 Europe/Berlin] Processing line: Running detection...
[16-Mar-2025 06:39:01 Europe/Berlin] Processing line: 
[16-Mar-2025 06:39:01 Europe/Berlin] Processing line: 0: 1280x960 4 flower-blooms, 2 flower-buds, 1 melon-unripe, 921.1ms
[16-Mar-2025 06:39:01 Europe/Berlin] Processing line: Speed: 24.0ms preprocess, 921.1ms inference, 13.0ms postprocess per image at shape (1, 3, 1280, 960)
[16-Mar-2025 06:39:01 Europe/Berlin] Processing line: Detection completed successfully
[16-Mar-2025 06:39:01 Europe/Berlin] Processing line: Found 7 objects
[16-Mar-2025 06:39:01 Europe/Berlin] Processing line: Processing detection 1: flower-bloom (83.77%)
[16-Mar-2025 06:39:01 Europe/Berlin] Processing line: Successfully saved cropped flower-bloom to: C:\xampp\htdocs\coba_website\output\detect_11\flower-bloom_1_83pct_1742103527.jpg
[16-Mar-2025 06:39:01 Europe/Berlin] Processing line: Processing detection 2: flower-bloom (82.70%)
[16-Mar-2025 06:39:01 Europe/Berlin] Processing line: Successfully saved cropped flower-bloom to: C:\xampp\htdocs\coba_website\output\detect_11\flower-bloom_2_82pct_1742103527.jpg
[16-Mar-2025 06:39:01 Europe/Berlin] Processing line: Processing detection 3: flower-bud (58.21%)
[16-Mar-2025 06:39:01 Europe/Berlin] Processing line: Successfully saved cropped flower-bud to: C:\xampp\htdocs\coba_website\output\detect_11\flower-bud_3_58pct_1742103527.jpg
[16-Mar-2025 06:39:01 Europe/Berlin] Processing line: Processing detection 4: melon-unripe (54.43%)
[16-Mar-2025 06:39:01 Europe/Berlin] Processing line: Successfully saved cropped melon-unripe to: C:\xampp\htdocs\coba_website\output\detect_11\melon-unripe_4_54pct_1742103527.jpg
[16-Mar-2025 06:39:01 Europe/Berlin] Processing line: Processing detection 5: flower-bloom (30.07%)
[16-Mar-2025 06:39:01 Europe/Berlin] Processing line: Successfully saved cropped flower-bloom to: C:\xampp\htdocs\coba_website\output\detect_11\flower-bloom_5_30pct_1742103527.jpg
[16-Mar-2025 06:39:01 Europe/Berlin] Processing line: Processing detection 6: flower-bud (29.38%)
[16-Mar-2025 06:39:01 Europe/Berlin] Processing line: Successfully saved cropped flower-bud to: C:\xampp\htdocs\coba_website\output\detect_11\flower-bud_6_29pct_1742103527.jpg
[16-Mar-2025 06:39:01 Europe/Berlin] Processing line: Processing detection 7: flower-bloom (25.94%)
[16-Mar-2025 06:39:01 Europe/Berlin] Processing line: Successfully saved cropped flower-bloom to: C:\xampp\htdocs\coba_website\output\detect_11\flower-bloom_7_25pct_1742103527.jpg
[16-Mar-2025 06:39:01 Europe/Berlin] Processing line: Saved detection results to: C:\xampp\htdocs\coba_website\output\detect_11\1742103527_detections.json
[16-Mar-2025 06:39:01 Europe/Berlin] Processing line: Successfully saved result visualization to: C:\xampp\htdocs\coba_website\output\detect_11\1742103527_result.jpg
[16-Mar-2025 06:39:01 Europe/Berlin] Processing line: DETECTION_RESULTS_START
[16-Mar-2025 06:39:01 Europe/Berlin] Processing line: {"image_size": {"width": 3096, "height": 4128}, "detections": [{"class": "flower-bloom", "confidence": 83.77, "bbox": {"x1": 1139, "y1": 2834, "x2": 2009, "y2": 3672, "width": 870, "height": 838}, "cropped_image": "flower-bloom_1_83pct_1742103527.jpg", "processed_image": null, "mask_image": null, "color_analysis": null}, {"class": "flower-bloom", "confidence": 82.7, "bbox": {"x1": 1186, "y1": 1111, "x2": 2224, "y2": 2152, "width": 1038, "height": 1041}, "cropped_image": "flower-bloom_2_82pct_1742103527.jpg", "processed_image": null, "mask_image": null, "color_analysis": null}, {"class": "flower-bud", "confidence": 58.21, "bbox": {"x1": 1814, "y1": 2702, "x2": 1957, "y2": 2811, "width": 143, "height": 109}, "cropped_image": "flower-bud_3_58pct_1742103527.jpg", "processed_image": null, "mask_image": null, "color_analysis": null}, {"class": "melon-unripe", "confidence": 54.43, "bbox": {"x1": 0, "y1": 2163, "x2": 332, "y2": 3540, "width": 332, "height": 1377}, "cropped_image": "melon-unripe_4_54pct_1742103527.jpg", "processed_image": null, "mask_image": null, "color_analysis": null}, {"class": "flower-bloom", "confidence": 30.07, "bbox": {"x1": 672, "y1": 312, "x2": 994, "y2": 509, "width": 322, "height": 197}, "cropped_image": "flower-bloom_5_30pct_1742103527.jpg", "processed_image": null, "mask_image": null, "color_analysis": null}, {"class": "flower-bud", "confidence": 29.38, "bbox": {"x1": 1402, "y1": 2124, "x2": 1560, "y2": 2238, "width": 158, "height": 114}, "cropped_image": "flower-bud_6_29pct_1742103527.jpg", "processed_image": null, "mask_image": null, "color_analysis": null}, {"class": "flower-bloom", "confidence": 25.94, "bbox": {"x1": 1242, "y1": 2550, "x2": 1471, "y2": 2740, "width": 229, "height": 190}, "cropped_image": "flower-bloom_7_25pct_1742103527.jpg", "processed_image": null, "mask_image": null, "color_analysis": null}]}
[16-Mar-2025 06:39:01 Europe/Berlin] Processing line: DETECTION_RESULTS_END
[16-Mar-2025 06:39:01 Europe/Berlin] Parsing JSON data: {"image_size": {"width": 3096, "height": 4128}, "detections": [{"class": "flower-bloom", "confidence": 83.77, "bbox": {"x1": 1139, "y1": 2834, "x2": 2009, "y2": 3672, "width": 870, "height": 838}, "cropped_image": "flower-bloom_1_83pct_1742103527.jpg", "processed_image": null, "mask_image": null, "color_analysis": null}, {"class": "flower-bloom", "confidence": 82.7, "bbox": {"x1": 1186, "y1": 1111, "x2": 2224, "y2": 2152, "width": 1038, "height": 1041}, "cropped_image": "flower-bloom_2_82pct_1742103527.jpg", "processed_image": null, "mask_image": null, "color_analysis": null}, {"class": "flower-bud", "confidence": 58.21, "bbox": {"x1": 1814, "y1": 2702, "x2": 1957, "y2": 2811, "width": 143, "height": 109}, "cropped_image": "flower-bud_3_58pct_1742103527.jpg", "processed_image": null, "mask_image": null, "color_analysis": null}, {"class": "melon-unripe", "confidence": 54.43, "bbox": {"x1": 0, "y1": 2163, "x2": 332, "y2": 3540, "width": 332, "height": 1377}, "cropped_image": "melon-unripe_4_54pct_1742103527.jpg", "processed_image": null, "mask_image": null, "color_analysis": null}, {"class": "flower-bloom", "confidence": 30.07, "bbox": {"x1": 672, "y1": 312, "x2": 994, "y2": 509, "width": 322, "height": 197}, "cropped_image": "flower-bloom_5_30pct_1742103527.jpg", "processed_image": null, "mask_image": null, "color_analysis": null}, {"class": "flower-bud", "confidence": 29.38, "bbox": {"x1": 1402, "y1": 2124, "x2": 1560, "y2": 2238, "width": 158, "height": 114}, "cropped_image": "flower-bud_6_29pct_1742103527.jpg", "processed_image": null, "mask_image": null, "color_analysis": null}, {"class": "flower-bloom", "confidence": 25.94, "bbox": {"x1": 1242, "y1": 2550, "x2": 1471, "y2": 2740, "width": 229, "height": 190}, "cropped_image": "flower-bloom_7_25pct_1742103527.jpg", "processed_image": null, "mask_image": null, "color_analysis": null}]}
[16-Mar-2025 06:39:01 Europe/Berlin] Successfully parsed detection data
[16-Mar-2025 06:46:22 Europe/Berlin] File uploaded successfully to: C:\xampp\htdocs\coba_website/output/detect_12/raw_20210730_094400.jpg
[16-Mar-2025 06:46:22 Europe/Berlin] Selected model: combined
[16-Mar-2025 06:46:22 Europe/Berlin] Model path: C:\xampp\htdocs\coba_website/app/content/Melon/deeplearning/combined.pt (exists: yes)
[16-Mar-2025 06:46:22 Europe/Berlin] Upload path: C:\xampp\htdocs\coba_website/output/detect_12/raw_20210730_094400.jpg (exists: yes)
[16-Mar-2025 06:46:22 Europe/Berlin] Results dir: C:\xampp\htdocs\coba_website/results (exists: yes)
[16-Mar-2025 06:46:22 Europe/Berlin] Starting detection process...
[16-Mar-2025 06:46:22 Europe/Berlin] Executing command: cd "C:\xampp\htdocs\coba_website" && "C:/Users/Jasmine Tasmara/AppData/Local/Programs/Python/Python38/python.exe" "C:\Users\Jasmine Tasmara\AppData\Local\Temp\det78C4.tmp.py" 2>&1
[16-Mar-2025 06:46:33 Europe/Berlin] Command output:
Current working directory: C:\xampp\htdocs\coba_website
Model path (absolute): C:\xampp\htdocs\coba_website\app\content\Melon\deeplearning\combined.pt
Upload path (absolute): C:\xampp\htdocs\coba_website\output\detect_12\raw_20210730_094400.jpg
Results directory (absolute): C:\xampp\htdocs\coba_website\output\detect_12
Using HSV ranges:
Range 1: H=[155-255], S=[160-240], V=[160-255]
Range 2: H=[0-30], S=[160-240], V=[160-255]
Loading model...
Model loaded successfully
Reading image...
Image read successfully, shape: (4128, 3096, 3)
Running detection...

0: 1280x960 4 flower-blooms, 2 flower-buds, 1 melon-unripe, 855.0ms
Speed: 25.0ms preprocess, 855.0ms inference, 3.0ms postprocess per image at shape (1, 3, 1280, 960)
Detection completed successfully
Found 7 objects
Processing detection 1: flower-bloom (83.77%)
Successfully saved cropped flower-bloom to: C:\xampp\htdocs\coba_website\output\detect_12\flower-bloom_1_83pct_1742103982.jpg
Processing detection 2: flower-bloom (82.70%)
Successfully saved cropped flower-bloom to: C:\xampp\htdocs\coba_website\output\detect_12\flower-bloom_2_82pct_1742103982.jpg
Processing detection 3: flower-bud (58.21%)
Successfully saved cropped flower-bud to: C:\xampp\htdocs\coba_website\output\detect_12\flower-bud_3_58pct_1742103982.jpg
Processing detection 4: melon-unripe (54.43%)
Successfully saved cropped melon-unripe to: C:\xampp\htdocs\coba_website\output\detect_12\melon-unripe_4_54pct_1742103982.jpg
Processing detection 5: flower-bloom (30.07%)
Successfully saved cropped flower-bloom to: C:\xampp\htdocs\coba_website\output\detect_12\flower-bloom_5_30pct_1742103982.jpg
Processing detection 6: flower-bud (29.38%)
Successfully saved cropped flower-bud to: C:\xampp\htdocs\coba_website\output\detect_12\flower-bud_6_29pct_1742103982.jpg
Processing detection 7: flower-bloom (25.94%)
Successfully saved cropped flower-bloom to: C:\xampp\htdocs\coba_website\output\detect_12\flower-bloom_7_25pct_1742103982.jpg
Saved detection results to: C:\xampp\htdocs\coba_website\output\detect_12\1742103982_detections.json
Successfully saved result visualization to: C:\xampp\htdocs\coba_website\output\detect_12\1742103982_result.jpg
DETECTION_RESULTS_START
{"image_size": {"width": 3096, "height": 4128}, "detections": [{"class": "flower-bloom", "confidence": 83.77, "bbox": {"x1": 1139, "y1": 2834, "x2": 2009, "y2": 3672, "width": 870, "height": 838}, "cropped_image": "flower-bloom_1_83pct_1742103982.jpg", "processed_image": null, "mask_image": null, "color_analysis": null}, {"class": "flower-bloom", "confidence": 82.7, "bbox": {"x1": 1186, "y1": 1111, "x2": 2224, "y2": 2152, "width": 1038, "height": 1041}, "cropped_image": "flower-bloom_2_82pct_1742103982.jpg", "processed_image": null, "mask_image": null, "color_analysis": null}, {"class": "flower-bud", "confidence": 58.21, "bbox": {"x1": 1814, "y1": 2702, "x2": 1957, "y2": 2811, "width": 143, "height": 109}, "cropped_image": "flower-bud_3_58pct_1742103982.jpg", "processed_image": null, "mask_image": null, "color_analysis": null}, {"class": "melon-unripe", "confidence": 54.43, "bbox": {"x1": 0, "y1": 2163, "x2": 332, "y2": 3540, "width": 332, "height": 1377}, "cropped_image": "melon-unripe_4_54pct_1742103982.jpg", "processed_image": null, "mask_image": null, "color_analysis": null}, {"class": "flower-bloom", "confidence": 30.07, "bbox": {"x1": 672, "y1": 312, "x2": 994, "y2": 509, "width": 322, "height": 197}, "cropped_image": "flower-bloom_5_30pct_1742103982.jpg", "processed_image": null, "mask_image": null, "color_analysis": null}, {"class": "flower-bud", "confidence": 29.38, "bbox": {"x1": 1402, "y1": 2124, "x2": 1560, "y2": 2238, "width": 158, "height": 114}, "cropped_image": "flower-bud_6_29pct_1742103982.jpg", "processed_image": null, "mask_image": null, "color_analysis": null}, {"class": "flower-bloom", "confidence": 25.94, "bbox": {"x1": 1242, "y1": 2550, "x2": 1471, "y2": 2740, "width": 229, "height": 190}, "cropped_image": "flower-bloom_7_25pct_1742103982.jpg", "processed_image": null, "mask_image": null, "color_analysis": null}]}
DETECTION_RESULTS_END
[16-Mar-2025 06:46:33 Europe/Berlin] Return code: 0
[16-Mar-2025 06:46:33 Europe/Berlin] Processing line: Current working directory: C:\xampp\htdocs\coba_website
[16-Mar-2025 06:46:33 Europe/Berlin] Processing line: Model path (absolute): C:\xampp\htdocs\coba_website\app\content\Melon\deeplearning\combined.pt
[16-Mar-2025 06:46:33 Europe/Berlin] Processing line: Upload path (absolute): C:\xampp\htdocs\coba_website\output\detect_12\raw_20210730_094400.jpg
[16-Mar-2025 06:46:33 Europe/Berlin] Processing line: Results directory (absolute): C:\xampp\htdocs\coba_website\output\detect_12
[16-Mar-2025 06:46:33 Europe/Berlin] Processing line: Using HSV ranges:
[16-Mar-2025 06:46:33 Europe/Berlin] Processing line: Range 1: H=[155-255], S=[160-240], V=[160-255]
[16-Mar-2025 06:46:33 Europe/Berlin] Processing line: Range 2: H=[0-30], S=[160-240], V=[160-255]
[16-Mar-2025 06:46:33 Europe/Berlin] Processing line: Loading model...
[16-Mar-2025 06:46:33 Europe/Berlin] Processing line: Model loaded successfully
[16-Mar-2025 06:46:33 Europe/Berlin] Processing line: Reading image...
[16-Mar-2025 06:46:33 Europe/Berlin] Processing line: Image read successfully, shape: (4128, 3096, 3)
[16-Mar-2025 06:46:33 Europe/Berlin] Processing line: Running detection...
[16-Mar-2025 06:46:33 Europe/Berlin] Processing line: 
[16-Mar-2025 06:46:33 Europe/Berlin] Processing line: 0: 1280x960 4 flower-blooms, 2 flower-buds, 1 melon-unripe, 855.0ms
[16-Mar-2025 06:46:33 Europe/Berlin] Processing line: Speed: 25.0ms preprocess, 855.0ms inference, 3.0ms postprocess per image at shape (1, 3, 1280, 960)
[16-Mar-2025 06:46:33 Europe/Berlin] Processing line: Detection completed successfully
[16-Mar-2025 06:46:33 Europe/Berlin] Processing line: Found 7 objects
[16-Mar-2025 06:46:33 Europe/Berlin] Processing line: Processing detection 1: flower-bloom (83.77%)
[16-Mar-2025 06:46:33 Europe/Berlin] Processing line: Successfully saved cropped flower-bloom to: C:\xampp\htdocs\coba_website\output\detect_12\flower-bloom_1_83pct_1742103982.jpg
[16-Mar-2025 06:46:33 Europe/Berlin] Processing line: Processing detection 2: flower-bloom (82.70%)
[16-Mar-2025 06:46:33 Europe/Berlin] Processing line: Successfully saved cropped flower-bloom to: C:\xampp\htdocs\coba_website\output\detect_12\flower-bloom_2_82pct_1742103982.jpg
[16-Mar-2025 06:46:33 Europe/Berlin] Processing line: Processing detection 3: flower-bud (58.21%)
[16-Mar-2025 06:46:33 Europe/Berlin] Processing line: Successfully saved cropped flower-bud to: C:\xampp\htdocs\coba_website\output\detect_12\flower-bud_3_58pct_1742103982.jpg
[16-Mar-2025 06:46:33 Europe/Berlin] Processing line: Processing detection 4: melon-unripe (54.43%)
[16-Mar-2025 06:46:33 Europe/Berlin] Processing line: Successfully saved cropped melon-unripe to: C:\xampp\htdocs\coba_website\output\detect_12\melon-unripe_4_54pct_1742103982.jpg
[16-Mar-2025 06:46:33 Europe/Berlin] Processing line: Processing detection 5: flower-bloom (30.07%)
[16-Mar-2025 06:46:33 Europe/Berlin] Processing line: Successfully saved cropped flower-bloom to: C:\xampp\htdocs\coba_website\output\detect_12\flower-bloom_5_30pct_1742103982.jpg
[16-Mar-2025 06:46:33 Europe/Berlin] Processing line: Processing detection 6: flower-bud (29.38%)
[16-Mar-2025 06:46:33 Europe/Berlin] Processing line: Successfully saved cropped flower-bud to: C:\xampp\htdocs\coba_website\output\detect_12\flower-bud_6_29pct_1742103982.jpg
[16-Mar-2025 06:46:33 Europe/Berlin] Processing line: Processing detection 7: flower-bloom (25.94%)
[16-Mar-2025 06:46:33 Europe/Berlin] Processing line: Successfully saved cropped flower-bloom to: C:\xampp\htdocs\coba_website\output\detect_12\flower-bloom_7_25pct_1742103982.jpg
[16-Mar-2025 06:46:33 Europe/Berlin] Processing line: Saved detection results to: C:\xampp\htdocs\coba_website\output\detect_12\1742103982_detections.json
[16-Mar-2025 06:46:33 Europe/Berlin] Processing line: Successfully saved result visualization to: C:\xampp\htdocs\coba_website\output\detect_12\1742103982_result.jpg
[16-Mar-2025 06:46:33 Europe/Berlin] Processing line: DETECTION_RESULTS_START
[16-Mar-2025 06:46:33 Europe/Berlin] Processing line: {"image_size": {"width": 3096, "height": 4128}, "detections": [{"class": "flower-bloom", "confidence": 83.77, "bbox": {"x1": 1139, "y1": 2834, "x2": 2009, "y2": 3672, "width": 870, "height": 838}, "cropped_image": "flower-bloom_1_83pct_1742103982.jpg", "processed_image": null, "mask_image": null, "color_analysis": null}, {"class": "flower-bloom", "confidence": 82.7, "bbox": {"x1": 1186, "y1": 1111, "x2": 2224, "y2": 2152, "width": 1038, "height": 1041}, "cropped_image": "flower-bloom_2_82pct_1742103982.jpg", "processed_image": null, "mask_image": null, "color_analysis": null}, {"class": "flower-bud", "confidence": 58.21, "bbox": {"x1": 1814, "y1": 2702, "x2": 1957, "y2": 2811, "width": 143, "height": 109}, "cropped_image": "flower-bud_3_58pct_1742103982.jpg", "processed_image": null, "mask_image": null, "color_analysis": null}, {"class": "melon-unripe", "confidence": 54.43, "bbox": {"x1": 0, "y1": 2163, "x2": 332, "y2": 3540, "width": 332, "height": 1377}, "cropped_image": "melon-unripe_4_54pct_1742103982.jpg", "processed_image": null, "mask_image": null, "color_analysis": null}, {"class": "flower-bloom", "confidence": 30.07, "bbox": {"x1": 672, "y1": 312, "x2": 994, "y2": 509, "width": 322, "height": 197}, "cropped_image": "flower-bloom_5_30pct_1742103982.jpg", "processed_image": null, "mask_image": null, "color_analysis": null}, {"class": "flower-bud", "confidence": 29.38, "bbox": {"x1": 1402, "y1": 2124, "x2": 1560, "y2": 2238, "width": 158, "height": 114}, "cropped_image": "flower-bud_6_29pct_1742103982.jpg", "processed_image": null, "mask_image": null, "color_analysis": null}, {"class": "flower-bloom", "confidence": 25.94, "bbox": {"x1": 1242, "y1": 2550, "x2": 1471, "y2": 2740, "width": 229, "height": 190}, "cropped_image": "flower-bloom_7_25pct_1742103982.jpg", "processed_image": null, "mask_image": null, "color_analysis": null}]}
[16-Mar-2025 06:46:33 Europe/Berlin] Processing line: DETECTION_RESULTS_END
[16-Mar-2025 06:46:33 Europe/Berlin] Parsing JSON data: {"image_size": {"width": 3096, "height": 4128}, "detections": [{"class": "flower-bloom", "confidence": 83.77, "bbox": {"x1": 1139, "y1": 2834, "x2": 2009, "y2": 3672, "width": 870, "height": 838}, "cropped_image": "flower-bloom_1_83pct_1742103982.jpg", "processed_image": null, "mask_image": null, "color_analysis": null}, {"class": "flower-bloom", "confidence": 82.7, "bbox": {"x1": 1186, "y1": 1111, "x2": 2224, "y2": 2152, "width": 1038, "height": 1041}, "cropped_image": "flower-bloom_2_82pct_1742103982.jpg", "processed_image": null, "mask_image": null, "color_analysis": null}, {"class": "flower-bud", "confidence": 58.21, "bbox": {"x1": 1814, "y1": 2702, "x2": 1957, "y2": 2811, "width": 143, "height": 109}, "cropped_image": "flower-bud_3_58pct_1742103982.jpg", "processed_image": null, "mask_image": null, "color_analysis": null}, {"class": "melon-unripe", "confidence": 54.43, "bbox": {"x1": 0, "y1": 2163, "x2": 332, "y2": 3540, "width": 332, "height": 1377}, "cropped_image": "melon-unripe_4_54pct_1742103982.jpg", "processed_image": null, "mask_image": null, "color_analysis": null}, {"class": "flower-bloom", "confidence": 30.07, "bbox": {"x1": 672, "y1": 312, "x2": 994, "y2": 509, "width": 322, "height": 197}, "cropped_image": "flower-bloom_5_30pct_1742103982.jpg", "processed_image": null, "mask_image": null, "color_analysis": null}, {"class": "flower-bud", "confidence": 29.38, "bbox": {"x1": 1402, "y1": 2124, "x2": 1560, "y2": 2238, "width": 158, "height": 114}, "cropped_image": "flower-bud_6_29pct_1742103982.jpg", "processed_image": null, "mask_image": null, "color_analysis": null}, {"class": "flower-bloom", "confidence": 25.94, "bbox": {"x1": 1242, "y1": 2550, "x2": 1471, "y2": 2740, "width": 229, "height": 190}, "cropped_image": "flower-bloom_7_25pct_1742103982.jpg", "processed_image": null, "mask_image": null, "color_analysis": null}]}
[16-Mar-2025 06:46:33 Europe/Berlin] Successfully parsed detection data
[16-Mar-2025 06:49:43 Europe/Berlin] File uploaded successfully to: C:\xampp\htdocs\coba_website/output/detect_13/raw_20210730_094400.jpg
[16-Mar-2025 06:49:43 Europe/Berlin] Selected model: combined
[16-Mar-2025 06:49:43 Europe/Berlin] Model path: C:\xampp\htdocs\coba_website/app/content/Melon/deeplearning/combined.pt (exists: yes)
[16-Mar-2025 06:49:43 Europe/Berlin] Upload path: C:\xampp\htdocs\coba_website/output/detect_13/raw_20210730_094400.jpg (exists: yes)
[16-Mar-2025 06:49:43 Europe/Berlin] Results dir: C:\xampp\htdocs\coba_website/results (exists: yes)
[16-Mar-2025 06:49:43 Europe/Berlin] Starting detection process...
[16-Mar-2025 06:49:43 Europe/Berlin] Executing command: cd "C:\xampp\htdocs\coba_website" && "C:/Users/Jasmine Tasmara/AppData/Local/Programs/Python/Python38/python.exe" "C:\Users\Jasmine Tasmara\AppData\Local\Temp\det871F.tmp.py" 2>&1
[16-Mar-2025 06:49:52 Europe/Berlin] Command output:
Current working directory: C:\xampp\htdocs\coba_website
Model path (absolute): C:\xampp\htdocs\coba_website\app\content\Melon\deeplearning\combined.pt
Upload path (absolute): C:\xampp\htdocs\coba_website\output\detect_13\raw_20210730_094400.jpg
Results directory (absolute): C:\xampp\htdocs\coba_website\output\detect_13
Using HSV ranges:
Range 1: H=[155-255], S=[160-240], V=[160-255]
Range 2: H=[0-30], S=[160-240], V=[160-255]
Loading model...
Model loaded successfully
Reading image...
Image read successfully, shape: (4128, 3096, 3)
Running detection...

0: 1280x960 4 flower-blooms, 2 flower-buds, 1 melon-unripe, 815.1ms
Speed: 27.0ms preprocess, 815.1ms inference, 2.0ms postprocess per image at shape (1, 3, 1280, 960)
Detection completed successfully
Found 7 objects
Processing detection 1: flower-bloom (83.77%)
Successfully saved cropped flower-bloom to: C:\xampp\htdocs\coba_website\output\detect_13\flower-bloom_1_83pct_1742104183.jpg
Processing detection 2: flower-bloom (82.70%)
Successfully saved cropped flower-bloom to: C:\xampp\htdocs\coba_website\output\detect_13\flower-bloom_2_82pct_1742104183.jpg
Processing detection 3: flower-bud (58.21%)
Successfully saved cropped flower-bud to: C:\xampp\htdocs\coba_website\output\detect_13\flower-bud_3_58pct_1742104183.jpg
Processing detection 4: melon-unripe (54.43%)
Successfully saved cropped melon-unripe to: C:\xampp\htdocs\coba_website\output\detect_13\melon-unripe_4_54pct_1742104183.jpg
Processing detection 5: flower-bloom (30.07%)
Successfully saved cropped flower-bloom to: C:\xampp\htdocs\coba_website\output\detect_13\flower-bloom_5_30pct_1742104183.jpg
Processing detection 6: flower-bud (29.38%)
Successfully saved cropped flower-bud to: C:\xampp\htdocs\coba_website\output\detect_13\flower-bud_6_29pct_1742104183.jpg
Processing detection 7: flower-bloom (25.94%)
Successfully saved cropped flower-bloom to: C:\xampp\htdocs\coba_website\output\detect_13\flower-bloom_7_25pct_1742104183.jpg
Saved detection results to: C:\xampp\htdocs\coba_website\output\detect_13\1742104183_detections.json
Successfully saved result visualization to: C:\xampp\htdocs\coba_website\output\detect_13\1742104183_result.jpg
DETECTION_RESULTS_START
{"image_size": {"width": 3096, "height": 4128}, "detections": [{"class": "flower-bloom", "confidence": 83.77, "bbox": {"x1": 1139, "y1": 2834, "x2": 2009, "y2": 3672, "width": 870, "height": 838}, "cropped_image": "flower-bloom_1_83pct_1742104183.jpg", "processed_image": null, "mask_image": null, "color_analysis": null}, {"class": "flower-bloom", "confidence": 82.7, "bbox": {"x1": 1186, "y1": 1111, "x2": 2224, "y2": 2152, "width": 1038, "height": 1041}, "cropped_image": "flower-bloom_2_82pct_1742104183.jpg", "processed_image": null, "mask_image": null, "color_analysis": null}, {"class": "flower-bud", "confidence": 58.21, "bbox": {"x1": 1814, "y1": 2702, "x2": 1957, "y2": 2811, "width": 143, "height": 109}, "cropped_image": "flower-bud_3_58pct_1742104183.jpg", "processed_image": null, "mask_image": null, "color_analysis": null}, {"class": "melon-unripe", "confidence": 54.43, "bbox": {"x1": 0, "y1": 2163, "x2": 332, "y2": 3540, "width": 332, "height": 1377}, "cropped_image": "melon-unripe_4_54pct_1742104183.jpg", "processed_image": null, "mask_image": null, "color_analysis": null}, {"class": "flower-bloom", "confidence": 30.07, "bbox": {"x1": 672, "y1": 312, "x2": 994, "y2": 509, "width": 322, "height": 197}, "cropped_image": "flower-bloom_5_30pct_1742104183.jpg", "processed_image": null, "mask_image": null, "color_analysis": null}, {"class": "flower-bud", "confidence": 29.38, "bbox": {"x1": 1402, "y1": 2124, "x2": 1560, "y2": 2238, "width": 158, "height": 114}, "cropped_image": "flower-bud_6_29pct_1742104183.jpg", "processed_image": null, "mask_image": null, "color_analysis": null}, {"class": "flower-bloom", "confidence": 25.94, "bbox": {"x1": 1242, "y1": 2550, "x2": 1471, "y2": 2740, "width": 229, "height": 190}, "cropped_image": "flower-bloom_7_25pct_1742104183.jpg", "processed_image": null, "mask_image": null, "color_analysis": null}]}
DETECTION_RESULTS_END
[16-Mar-2025 06:49:52 Europe/Berlin] Return code: 0
[16-Mar-2025 06:49:52 Europe/Berlin] Processing line: Current working directory: C:\xampp\htdocs\coba_website
[16-Mar-2025 06:49:52 Europe/Berlin] Processing line: Model path (absolute): C:\xampp\htdocs\coba_website\app\content\Melon\deeplearning\combined.pt
[16-Mar-2025 06:49:52 Europe/Berlin] Processing line: Upload path (absolute): C:\xampp\htdocs\coba_website\output\detect_13\raw_20210730_094400.jpg
[16-Mar-2025 06:49:52 Europe/Berlin] Processing line: Results directory (absolute): C:\xampp\htdocs\coba_website\output\detect_13
[16-Mar-2025 06:49:52 Europe/Berlin] Processing line: Using HSV ranges:
[16-Mar-2025 06:49:52 Europe/Berlin] Processing line: Range 1: H=[155-255], S=[160-240], V=[160-255]
[16-Mar-2025 06:49:52 Europe/Berlin] Processing line: Range 2: H=[0-30], S=[160-240], V=[160-255]
[16-Mar-2025 06:49:52 Europe/Berlin] Processing line: Loading model...
[16-Mar-2025 06:49:52 Europe/Berlin] Processing line: Model loaded successfully
[16-Mar-2025 06:49:52 Europe/Berlin] Processing line: Reading image...
[16-Mar-2025 06:49:52 Europe/Berlin] Processing line: Image read successfully, shape: (4128, 3096, 3)
[16-Mar-2025 06:49:52 Europe/Berlin] Processing line: Running detection...
[16-Mar-2025 06:49:52 Europe/Berlin] Processing line: 
[16-Mar-2025 06:49:52 Europe/Berlin] Processing line: 0: 1280x960 4 flower-blooms, 2 flower-buds, 1 melon-unripe, 815.1ms
[16-Mar-2025 06:49:52 Europe/Berlin] Processing line: Speed: 27.0ms preprocess, 815.1ms inference, 2.0ms postprocess per image at shape (1, 3, 1280, 960)
[16-Mar-2025 06:49:52 Europe/Berlin] Processing line: Detection completed successfully
[16-Mar-2025 06:49:52 Europe/Berlin] Processing line: Found 7 objects
[16-Mar-2025 06:49:52 Europe/Berlin] Processing line: Processing detection 1: flower-bloom (83.77%)
[16-Mar-2025 06:49:52 Europe/Berlin] Processing line: Successfully saved cropped flower-bloom to: C:\xampp\htdocs\coba_website\output\detect_13\flower-bloom_1_83pct_1742104183.jpg
[16-Mar-2025 06:49:52 Europe/Berlin] Processing line: Processing detection 2: flower-bloom (82.70%)
[16-Mar-2025 06:49:52 Europe/Berlin] Processing line: Successfully saved cropped flower-bloom to: C:\xampp\htdocs\coba_website\output\detect_13\flower-bloom_2_82pct_1742104183.jpg
[16-Mar-2025 06:49:52 Europe/Berlin] Processing line: Processing detection 3: flower-bud (58.21%)
[16-Mar-2025 06:49:52 Europe/Berlin] Processing line: Successfully saved cropped flower-bud to: C:\xampp\htdocs\coba_website\output\detect_13\flower-bud_3_58pct_1742104183.jpg
[16-Mar-2025 06:49:52 Europe/Berlin] Processing line: Processing detection 4: melon-unripe (54.43%)
[16-Mar-2025 06:49:52 Europe/Berlin] Processing line: Successfully saved cropped melon-unripe to: C:\xampp\htdocs\coba_website\output\detect_13\melon-unripe_4_54pct_1742104183.jpg
[16-Mar-2025 06:49:52 Europe/Berlin] Processing line: Processing detection 5: flower-bloom (30.07%)
[16-Mar-2025 06:49:52 Europe/Berlin] Processing line: Successfully saved cropped flower-bloom to: C:\xampp\htdocs\coba_website\output\detect_13\flower-bloom_5_30pct_1742104183.jpg
[16-Mar-2025 06:49:52 Europe/Berlin] Processing line: Processing detection 6: flower-bud (29.38%)
[16-Mar-2025 06:49:52 Europe/Berlin] Processing line: Successfully saved cropped flower-bud to: C:\xampp\htdocs\coba_website\output\detect_13\flower-bud_6_29pct_1742104183.jpg
[16-Mar-2025 06:49:52 Europe/Berlin] Processing line: Processing detection 7: flower-bloom (25.94%)
[16-Mar-2025 06:49:52 Europe/Berlin] Processing line: Successfully saved cropped flower-bloom to: C:\xampp\htdocs\coba_website\output\detect_13\flower-bloom_7_25pct_1742104183.jpg
[16-Mar-2025 06:49:52 Europe/Berlin] Processing line: Saved detection results to: C:\xampp\htdocs\coba_website\output\detect_13\1742104183_detections.json
[16-Mar-2025 06:49:52 Europe/Berlin] Processing line: Successfully saved result visualization to: C:\xampp\htdocs\coba_website\output\detect_13\1742104183_result.jpg
[16-Mar-2025 06:49:52 Europe/Berlin] Processing line: DETECTION_RESULTS_START
[16-Mar-2025 06:49:52 Europe/Berlin] Processing line: {"image_size": {"width": 3096, "height": 4128}, "detections": [{"class": "flower-bloom", "confidence": 83.77, "bbox": {"x1": 1139, "y1": 2834, "x2": 2009, "y2": 3672, "width": 870, "height": 838}, "cropped_image": "flower-bloom_1_83pct_1742104183.jpg", "processed_image": null, "mask_image": null, "color_analysis": null}, {"class": "flower-bloom", "confidence": 82.7, "bbox": {"x1": 1186, "y1": 1111, "x2": 2224, "y2": 2152, "width": 1038, "height": 1041}, "cropped_image": "flower-bloom_2_82pct_1742104183.jpg", "processed_image": null, "mask_image": null, "color_analysis": null}, {"class": "flower-bud", "confidence": 58.21, "bbox": {"x1": 1814, "y1": 2702, "x2": 1957, "y2": 2811, "width": 143, "height": 109}, "cropped_image": "flower-bud_3_58pct_1742104183.jpg", "processed_image": null, "mask_image": null, "color_analysis": null}, {"class": "melon-unripe", "confidence": 54.43, "bbox": {"x1": 0, "y1": 2163, "x2": 332, "y2": 3540, "width": 332, "height": 1377}, "cropped_image": "melon-unripe_4_54pct_1742104183.jpg", "processed_image": null, "mask_image": null, "color_analysis": null}, {"class": "flower-bloom", "confidence": 30.07, "bbox": {"x1": 672, "y1": 312, "x2": 994, "y2": 509, "width": 322, "height": 197}, "cropped_image": "flower-bloom_5_30pct_1742104183.jpg", "processed_image": null, "mask_image": null, "color_analysis": null}, {"class": "flower-bud", "confidence": 29.38, "bbox": {"x1": 1402, "y1": 2124, "x2": 1560, "y2": 2238, "width": 158, "height": 114}, "cropped_image": "flower-bud_6_29pct_1742104183.jpg", "processed_image": null, "mask_image": null, "color_analysis": null}, {"class": "flower-bloom", "confidence": 25.94, "bbox": {"x1": 1242, "y1": 2550, "x2": 1471, "y2": 2740, "width": 229, "height": 190}, "cropped_image": "flower-bloom_7_25pct_1742104183.jpg", "processed_image": null, "mask_image": null, "color_analysis": null}]}
[16-Mar-2025 06:49:52 Europe/Berlin] Processing line: DETECTION_RESULTS_END
[16-Mar-2025 06:49:52 Europe/Berlin] Parsing JSON data: {"image_size": {"width": 3096, "height": 4128}, "detections": [{"class": "flower-bloom", "confidence": 83.77, "bbox": {"x1": 1139, "y1": 2834, "x2": 2009, "y2": 3672, "width": 870, "height": 838}, "cropped_image": "flower-bloom_1_83pct_1742104183.jpg", "processed_image": null, "mask_image": null, "color_analysis": null}, {"class": "flower-bloom", "confidence": 82.7, "bbox": {"x1": 1186, "y1": 1111, "x2": 2224, "y2": 2152, "width": 1038, "height": 1041}, "cropped_image": "flower-bloom_2_82pct_1742104183.jpg", "processed_image": null, "mask_image": null, "color_analysis": null}, {"class": "flower-bud", "confidence": 58.21, "bbox": {"x1": 1814, "y1": 2702, "x2": 1957, "y2": 2811, "width": 143, "height": 109}, "cropped_image": "flower-bud_3_58pct_1742104183.jpg", "processed_image": null, "mask_image": null, "color_analysis": null}, {"class": "melon-unripe", "confidence": 54.43, "bbox": {"x1": 0, "y1": 2163, "x2": 332, "y2": 3540, "width": 332, "height": 1377}, "cropped_image": "melon-unripe_4_54pct_1742104183.jpg", "processed_image": null, "mask_image": null, "color_analysis": null}, {"class": "flower-bloom", "confidence": 30.07, "bbox": {"x1": 672, "y1": 312, "x2": 994, "y2": 509, "width": 322, "height": 197}, "cropped_image": "flower-bloom_5_30pct_1742104183.jpg", "processed_image": null, "mask_image": null, "color_analysis": null}, {"class": "flower-bud", "confidence": 29.38, "bbox": {"x1": 1402, "y1": 2124, "x2": 1560, "y2": 2238, "width": 158, "height": 114}, "cropped_image": "flower-bud_6_29pct_1742104183.jpg", "processed_image": null, "mask_image": null, "color_analysis": null}, {"class": "flower-bloom", "confidence": 25.94, "bbox": {"x1": 1242, "y1": 2550, "x2": 1471, "y2": 2740, "width": 229, "height": 190}, "cropped_image": "flower-bloom_7_25pct_1742104183.jpg", "processed_image": null, "mask_image": null, "color_analysis": null}]}
[16-Mar-2025 06:49:52 Europe/Berlin] Successfully parsed detection data
[16-Mar-2025 06:51:13 Europe/Berlin] File uploaded successfully to: C:\xampp\htdocs\coba_website/output/detect_14/raw_20210730_094414.jpg
[16-Mar-2025 06:51:13 Europe/Berlin] Selected model: combined
[16-Mar-2025 06:51:13 Europe/Berlin] Model path: C:\xampp\htdocs\coba_website/app/content/Melon/deeplearning/combined.pt (exists: yes)
[16-Mar-2025 06:51:13 Europe/Berlin] Upload path: C:\xampp\htdocs\coba_website/output/detect_14/raw_20210730_094414.jpg (exists: yes)
[16-Mar-2025 06:51:13 Europe/Berlin] Results dir: C:\xampp\htdocs\coba_website/results (exists: yes)
[16-Mar-2025 06:51:13 Europe/Berlin] Starting detection process...
[16-Mar-2025 06:51:13 Europe/Berlin] Executing command: cd "C:\xampp\htdocs\coba_website" && "C:/Users/Jasmine Tasmara/AppData/Local/Programs/Python/Python38/python.exe" "C:\Users\Jasmine Tasmara\AppData\Local\Temp\detE6C1.tmp.py" 2>&1
[16-Mar-2025 06:51:22 Europe/Berlin] Command output:
Current working directory: C:\xampp\htdocs\coba_website
Model path (absolute): C:\xampp\htdocs\coba_website\app\content\Melon\deeplearning\combined.pt
Upload path (absolute): C:\xampp\htdocs\coba_website\output\detect_14\raw_20210730_094414.jpg
Results directory (absolute): C:\xampp\htdocs\coba_website\output\detect_14
Using HSV ranges:
Range 1: H=[155-255], S=[160-240], V=[160-255]
Range 2: H=[0-30], S=[160-240], V=[160-255]
Loading model...
Model loaded successfully
Reading image...
Image read successfully, shape: (4128, 3096, 3)
Running detection...

0: 1280x960 2 flower-blooms, 1 flower-bud, 1 flower-wilt, 864.1ms
Speed: 22.0ms preprocess, 864.1ms inference, 2.0ms postprocess per image at shape (1, 3, 1280, 960)
Detection completed successfully
Found 4 objects
Processing detection 1: flower-bloom (88.83%)
Successfully saved cropped flower-bloom to: C:\xampp\htdocs\coba_website\output\detect_14\flower-bloom_1_88pct_1742104273.jpg
Processing detection 2: flower-bloom (85.48%)
Successfully saved cropped flower-bloom to: C:\xampp\htdocs\coba_website\output\detect_14\flower-bloom_2_85pct_1742104273.jpg
Processing detection 3: flower-wilt (76.30%)
Successfully saved cropped flower-wilt to: C:\xampp\htdocs\coba_website\output\detect_14\flower-wilt_3_76pct_1742104273.jpg
Processing detection 4: flower-bud (57.87%)
Successfully saved cropped flower-bud to: C:\xampp\htdocs\coba_website\output\detect_14\flower-bud_4_57pct_1742104273.jpg
Saved detection results to: C:\xampp\htdocs\coba_website\output\detect_14\1742104273_detections.json
Successfully saved result visualization to: C:\xampp\htdocs\coba_website\output\detect_14\1742104273_result.jpg
DETECTION_RESULTS_START
{"image_size": {"width": 3096, "height": 4128}, "detections": [{"class": "flower-bloom", "confidence": 88.83, "bbox": {"x1": 1188, "y1": 1439, "x2": 1939, "y2": 2161, "width": 751, "height": 722}, "cropped_image": "flower-bloom_1_88pct_1742104273.jpg", "processed_image": null, "mask_image": null, "color_analysis": null}, {"class": "flower-bloom", "confidence": 85.48, "bbox": {"x1": 1356, "y1": 2621, "x2": 1797, "y2": 3026, "width": 441, "height": 405}, "cropped_image": "flower-bloom_2_85pct_1742104273.jpg", "processed_image": null, "mask_image": null, "color_analysis": null}, {"class": "flower-wilt", "confidence": 76.3, "bbox": {"x1": 1349, "y1": 2941, "x2": 1515, "y2": 3154, "width": 166, "height": 213}, "cropped_image": "flower-wilt_3_76pct_1742104273.jpg", "processed_image": null, "mask_image": null, "color_analysis": null}, {"class": "flower-bud", "confidence": 57.87, "bbox": {"x1": 1083, "y1": 435, "x2": 1284, "y2": 662, "width": 201, "height": 227}, "cropped_image": "flower-bud_4_57pct_1742104273.jpg", "processed_image": null, "mask_image": null, "color_analysis": null}]}
DETECTION_RESULTS_END
[16-Mar-2025 06:51:22 Europe/Berlin] Return code: 0
[16-Mar-2025 06:51:22 Europe/Berlin] Processing line: Current working directory: C:\xampp\htdocs\coba_website
[16-Mar-2025 06:51:22 Europe/Berlin] Processing line: Model path (absolute): C:\xampp\htdocs\coba_website\app\content\Melon\deeplearning\combined.pt
[16-Mar-2025 06:51:22 Europe/Berlin] Processing line: Upload path (absolute): C:\xampp\htdocs\coba_website\output\detect_14\raw_20210730_094414.jpg
[16-Mar-2025 06:51:22 Europe/Berlin] Processing line: Results directory (absolute): C:\xampp\htdocs\coba_website\output\detect_14
[16-Mar-2025 06:51:22 Europe/Berlin] Processing line: Using HSV ranges:
[16-Mar-2025 06:51:22 Europe/Berlin] Processing line: Range 1: H=[155-255], S=[160-240], V=[160-255]
[16-Mar-2025 06:51:22 Europe/Berlin] Processing line: Range 2: H=[0-30], S=[160-240], V=[160-255]
[16-Mar-2025 06:51:22 Europe/Berlin] Processing line: Loading model...
[16-Mar-2025 06:51:22 Europe/Berlin] Processing line: Model loaded successfully
[16-Mar-2025 06:51:22 Europe/Berlin] Processing line: Reading image...
[16-Mar-2025 06:51:22 Europe/Berlin] Processing line: Image read successfully, shape: (4128, 3096, 3)
[16-Mar-2025 06:51:22 Europe/Berlin] Processing line: Running detection...
[16-Mar-2025 06:51:22 Europe/Berlin] Processing line: 
[16-Mar-2025 06:51:22 Europe/Berlin] Processing line: 0: 1280x960 2 flower-blooms, 1 flower-bud, 1 flower-wilt, 864.1ms
[16-Mar-2025 06:51:22 Europe/Berlin] Processing line: Speed: 22.0ms preprocess, 864.1ms inference, 2.0ms postprocess per image at shape (1, 3, 1280, 960)
[16-Mar-2025 06:51:22 Europe/Berlin] Processing line: Detection completed successfully
[16-Mar-2025 06:51:22 Europe/Berlin] Processing line: Found 4 objects
[16-Mar-2025 06:51:22 Europe/Berlin] Processing line: Processing detection 1: flower-bloom (88.83%)
[16-Mar-2025 06:51:22 Europe/Berlin] Processing line: Successfully saved cropped flower-bloom to: C:\xampp\htdocs\coba_website\output\detect_14\flower-bloom_1_88pct_1742104273.jpg
[16-Mar-2025 06:51:22 Europe/Berlin] Processing line: Processing detection 2: flower-bloom (85.48%)
[16-Mar-2025 06:51:22 Europe/Berlin] Processing line: Successfully saved cropped flower-bloom to: C:\xampp\htdocs\coba_website\output\detect_14\flower-bloom_2_85pct_1742104273.jpg
[16-Mar-2025 06:51:22 Europe/Berlin] Processing line: Processing detection 3: flower-wilt (76.30%)
[16-Mar-2025 06:51:22 Europe/Berlin] Processing line: Successfully saved cropped flower-wilt to: C:\xampp\htdocs\coba_website\output\detect_14\flower-wilt_3_76pct_1742104273.jpg
[16-Mar-2025 06:51:22 Europe/Berlin] Processing line: Processing detection 4: flower-bud (57.87%)
[16-Mar-2025 06:51:22 Europe/Berlin] Processing line: Successfully saved cropped flower-bud to: C:\xampp\htdocs\coba_website\output\detect_14\flower-bud_4_57pct_1742104273.jpg
[16-Mar-2025 06:51:22 Europe/Berlin] Processing line: Saved detection results to: C:\xampp\htdocs\coba_website\output\detect_14\1742104273_detections.json
[16-Mar-2025 06:51:22 Europe/Berlin] Processing line: Successfully saved result visualization to: C:\xampp\htdocs\coba_website\output\detect_14\1742104273_result.jpg
[16-Mar-2025 06:51:22 Europe/Berlin] Processing line: DETECTION_RESULTS_START
[16-Mar-2025 06:51:22 Europe/Berlin] Processing line: {"image_size": {"width": 3096, "height": 4128}, "detections": [{"class": "flower-bloom", "confidence": 88.83, "bbox": {"x1": 1188, "y1": 1439, "x2": 1939, "y2": 2161, "width": 751, "height": 722}, "cropped_image": "flower-bloom_1_88pct_1742104273.jpg", "processed_image": null, "mask_image": null, "color_analysis": null}, {"class": "flower-bloom", "confidence": 85.48, "bbox": {"x1": 1356, "y1": 2621, "x2": 1797, "y2": 3026, "width": 441, "height": 405}, "cropped_image": "flower-bloom_2_85pct_1742104273.jpg", "processed_image": null, "mask_image": null, "color_analysis": null}, {"class": "flower-wilt", "confidence": 76.3, "bbox": {"x1": 1349, "y1": 2941, "x2": 1515, "y2": 3154, "width": 166, "height": 213}, "cropped_image": "flower-wilt_3_76pct_1742104273.jpg", "processed_image": null, "mask_image": null, "color_analysis": null}, {"class": "flower-bud", "confidence": 57.87, "bbox": {"x1": 1083, "y1": 435, "x2": 1284, "y2": 662, "width": 201, "height": 227}, "cropped_image": "flower-bud_4_57pct_1742104273.jpg", "processed_image": null, "mask_image": null, "color_analysis": null}]}
[16-Mar-2025 06:51:22 Europe/Berlin] Processing line: DETECTION_RESULTS_END
[16-Mar-2025 06:51:22 Europe/Berlin] Parsing JSON data: {"image_size": {"width": 3096, "height": 4128}, "detections": [{"class": "flower-bloom", "confidence": 88.83, "bbox": {"x1": 1188, "y1": 1439, "x2": 1939, "y2": 2161, "width": 751, "height": 722}, "cropped_image": "flower-bloom_1_88pct_1742104273.jpg", "processed_image": null, "mask_image": null, "color_analysis": null}, {"class": "flower-bloom", "confidence": 85.48, "bbox": {"x1": 1356, "y1": 2621, "x2": 1797, "y2": 3026, "width": 441, "height": 405}, "cropped_image": "flower-bloom_2_85pct_1742104273.jpg", "processed_image": null, "mask_image": null, "color_analysis": null}, {"class": "flower-wilt", "confidence": 76.3, "bbox": {"x1": 1349, "y1": 2941, "x2": 1515, "y2": 3154, "width": 166, "height": 213}, "cropped_image": "flower-wilt_3_76pct_1742104273.jpg", "processed_image": null, "mask_image": null, "color_analysis": null}, {"class": "flower-bud", "confidence": 57.87, "bbox": {"x1": 1083, "y1": 435, "x2": 1284, "y2": 662, "width": 201, "height": 227}, "cropped_image": "flower-bud_4_57pct_1742104273.jpg", "processed_image": null, "mask_image": null, "color_analysis": null}]}
[16-Mar-2025 06:51:22 Europe/Berlin] Successfully parsed detection data
[16-Mar-2025 06:54:22 Europe/Berlin] File uploaded successfully to: C:\xampp\htdocs\coba_website/output/detect_15/raw_20210730_094436.jpg
[16-Mar-2025 06:54:22 Europe/Berlin] Selected model: combined
[16-Mar-2025 06:54:22 Europe/Berlin] Model path: C:\xampp\htdocs\coba_website/app/content/Melon/deeplearning/combined.pt (exists: yes)
[16-Mar-2025 06:54:22 Europe/Berlin] Upload path: C:\xampp\htdocs\coba_website/output/detect_15/raw_20210730_094436.jpg (exists: yes)
[16-Mar-2025 06:54:22 Europe/Berlin] Results dir: C:\xampp\htdocs\coba_website/results (exists: yes)
[16-Mar-2025 06:54:22 Europe/Berlin] Starting detection process...
[16-Mar-2025 06:54:22 Europe/Berlin] Executing command: cd "C:\xampp\htdocs\coba_website" && "C:/Users/Jasmine Tasmara/AppData/Local/Programs/Python/Python38/python.exe" "C:\Users\Jasmine Tasmara\AppData\Local\Temp\detCBBA.tmp.py" 2>&1
[16-Mar-2025 06:54:32 Europe/Berlin] Command output:
Current working directory: C:\xampp\htdocs\coba_website
Model path (absolute): C:\xampp\htdocs\coba_website\app\content\Melon\deeplearning\combined.pt
Upload path (absolute): C:\xampp\htdocs\coba_website\output\detect_15\raw_20210730_094436.jpg
Results directory (absolute): C:\xampp\htdocs\coba_website\output\detect_15
Using HSV ranges:
Range 1: H=[155-255], S=[160-240], V=[160-255]
Range 2: H=[0-30], S=[160-240], V=[160-255]
Loading model...
Model loaded successfully
Reading image...
Image read successfully, shape: (4128, 3096, 3)
Running detection...

0: 1280x960 2 flower-blooms, 1 flower-bud, 838.1ms
Speed: 21.0ms preprocess, 838.1ms inference, 2.0ms postprocess per image at shape (1, 3, 1280, 960)
Detection completed successfully
Found 3 objects
Processing detection 1: flower-bloom (87.16%)
Successfully saved cropped flower-bloom to: C:\xampp\htdocs\coba_website\output\detect_15\flower-bloom_1_87pct_1742104462.jpg
Processing detection 2: flower-bloom (83.82%)
Successfully saved cropped flower-bloom to: C:\xampp\htdocs\coba_website\output\detect_15\flower-bloom_2_83pct_1742104462.jpg
Processing detection 3: flower-bud (61.90%)
Successfully saved cropped flower-bud to: C:\xampp\htdocs\coba_website\output\detect_15\flower-bud_3_61pct_1742104462.jpg
Saved detection results to: C:\xampp\htdocs\coba_website\output\detect_15\1742104462_detections.json
Successfully saved result visualization to: C:\xampp\htdocs\coba_website\output\detect_15\1742104462_result.jpg
DETECTION_RESULTS_START
{"image_size": {"width": 3096, "height": 4128}, "detections": [{"class": "flower-bloom", "confidence": 87.16, "bbox": {"x1": 1415, "y1": 2575, "x2": 1967, "y2": 3091, "width": 552, "height": 516}, "cropped_image": "flower-bloom_1_87pct_1742104462.jpg", "processed_image": null, "mask_image": null, "color_analysis": null}, {"class": "flower-bloom", "confidence": 83.82, "bbox": {"x1": 741, "y1": 1463, "x2": 1903, "y2": 2446, "width": 1162, "height": 983}, "cropped_image": "flower-bloom_2_83pct_1742104462.jpg", "processed_image": null, "mask_image": null, "color_analysis": null}, {"class": "flower-bud", "confidence": 61.9, "bbox": {"x1": 976, "y1": 2371, "x2": 1149, "y2": 2514, "width": 173, "height": 143}, "cropped_image": "flower-bud_3_61pct_1742104462.jpg", "processed_image": null, "mask_image": null, "color_analysis": null}]}
DETECTION_RESULTS_END
[16-Mar-2025 06:54:32 Europe/Berlin] Return code: 0
[16-Mar-2025 06:54:32 Europe/Berlin] Processing line: Current working directory: C:\xampp\htdocs\coba_website
[16-Mar-2025 06:54:32 Europe/Berlin] Processing line: Model path (absolute): C:\xampp\htdocs\coba_website\app\content\Melon\deeplearning\combined.pt
[16-Mar-2025 06:54:32 Europe/Berlin] Processing line: Upload path (absolute): C:\xampp\htdocs\coba_website\output\detect_15\raw_20210730_094436.jpg
[16-Mar-2025 06:54:32 Europe/Berlin] Processing line: Results directory (absolute): C:\xampp\htdocs\coba_website\output\detect_15
[16-Mar-2025 06:54:32 Europe/Berlin] Processing line: Using HSV ranges:
[16-Mar-2025 06:54:32 Europe/Berlin] Processing line: Range 1: H=[155-255], S=[160-240], V=[160-255]
[16-Mar-2025 06:54:32 Europe/Berlin] Processing line: Range 2: H=[0-30], S=[160-240], V=[160-255]
[16-Mar-2025 06:54:32 Europe/Berlin] Processing line: Loading model...
[16-Mar-2025 06:54:32 Europe/Berlin] Processing line: Model loaded successfully
[16-Mar-2025 06:54:32 Europe/Berlin] Processing line: Reading image...
[16-Mar-2025 06:54:32 Europe/Berlin] Processing line: Image read successfully, shape: (4128, 3096, 3)
[16-Mar-2025 06:54:32 Europe/Berlin] Processing line: Running detection...
[16-Mar-2025 06:54:32 Europe/Berlin] Processing line: 
[16-Mar-2025 06:54:32 Europe/Berlin] Processing line: 0: 1280x960 2 flower-blooms, 1 flower-bud, 838.1ms
[16-Mar-2025 06:54:32 Europe/Berlin] Processing line: Speed: 21.0ms preprocess, 838.1ms inference, 2.0ms postprocess per image at shape (1, 3, 1280, 960)
[16-Mar-2025 06:54:32 Europe/Berlin] Processing line: Detection completed successfully
[16-Mar-2025 06:54:32 Europe/Berlin] Processing line: Found 3 objects
[16-Mar-2025 06:54:32 Europe/Berlin] Processing line: Processing detection 1: flower-bloom (87.16%)
[16-Mar-2025 06:54:32 Europe/Berlin] Processing line: Successfully saved cropped flower-bloom to: C:\xampp\htdocs\coba_website\output\detect_15\flower-bloom_1_87pct_1742104462.jpg
[16-Mar-2025 06:54:32 Europe/Berlin] Processing line: Processing detection 2: flower-bloom (83.82%)
[16-Mar-2025 06:54:32 Europe/Berlin] Processing line: Successfully saved cropped flower-bloom to: C:\xampp\htdocs\coba_website\output\detect_15\flower-bloom_2_83pct_1742104462.jpg
[16-Mar-2025 06:54:32 Europe/Berlin] Processing line: Processing detection 3: flower-bud (61.90%)
[16-Mar-2025 06:54:32 Europe/Berlin] Processing line: Successfully saved cropped flower-bud to: C:\xampp\htdocs\coba_website\output\detect_15\flower-bud_3_61pct_1742104462.jpg
[16-Mar-2025 06:54:32 Europe/Berlin] Processing line: Saved detection results to: C:\xampp\htdocs\coba_website\output\detect_15\1742104462_detections.json
[16-Mar-2025 06:54:32 Europe/Berlin] Processing line: Successfully saved result visualization to: C:\xampp\htdocs\coba_website\output\detect_15\1742104462_result.jpg
[16-Mar-2025 06:54:32 Europe/Berlin] Processing line: DETECTION_RESULTS_START
[16-Mar-2025 06:54:32 Europe/Berlin] Processing line: {"image_size": {"width": 3096, "height": 4128}, "detections": [{"class": "flower-bloom", "confidence": 87.16, "bbox": {"x1": 1415, "y1": 2575, "x2": 1967, "y2": 3091, "width": 552, "height": 516}, "cropped_image": "flower-bloom_1_87pct_1742104462.jpg", "processed_image": null, "mask_image": null, "color_analysis": null}, {"class": "flower-bloom", "confidence": 83.82, "bbox": {"x1": 741, "y1": 1463, "x2": 1903, "y2": 2446, "width": 1162, "height": 983}, "cropped_image": "flower-bloom_2_83pct_1742104462.jpg", "processed_image": null, "mask_image": null, "color_analysis": null}, {"class": "flower-bud", "confidence": 61.9, "bbox": {"x1": 976, "y1": 2371, "x2": 1149, "y2": 2514, "width": 173, "height": 143}, "cropped_image": "flower-bud_3_61pct_1742104462.jpg", "processed_image": null, "mask_image": null, "color_analysis": null}]}
[16-Mar-2025 06:54:32 Europe/Berlin] Processing line: DETECTION_RESULTS_END
[16-Mar-2025 06:54:32 Europe/Berlin] Parsing JSON data: {"image_size": {"width": 3096, "height": 4128}, "detections": [{"class": "flower-bloom", "confidence": 87.16, "bbox": {"x1": 1415, "y1": 2575, "x2": 1967, "y2": 3091, "width": 552, "height": 516}, "cropped_image": "flower-bloom_1_87pct_1742104462.jpg", "processed_image": null, "mask_image": null, "color_analysis": null}, {"class": "flower-bloom", "confidence": 83.82, "bbox": {"x1": 741, "y1": 1463, "x2": 1903, "y2": 2446, "width": 1162, "height": 983}, "cropped_image": "flower-bloom_2_83pct_1742104462.jpg", "processed_image": null, "mask_image": null, "color_analysis": null}, {"class": "flower-bud", "confidence": 61.9, "bbox": {"x1": 976, "y1": 2371, "x2": 1149, "y2": 2514, "width": 173, "height": 143}, "cropped_image": "flower-bud_3_61pct_1742104462.jpg", "processed_image": null, "mask_image": null, "color_analysis": null}]}
[16-Mar-2025 06:54:32 Europe/Berlin] Successfully parsed detection data
[16-Mar-2025 06:56:56 Europe/Berlin] File uploaded successfully to: C:\xampp\htdocs\coba_website/output/detect_16/raw_20210730_094436.jpg
[16-Mar-2025 06:56:56 Europe/Berlin] Selected model: combined
[16-Mar-2025 06:56:56 Europe/Berlin] Model path: C:\xampp\htdocs\coba_website/app/content/Melon/deeplearning/combined.pt (exists: yes)
[16-Mar-2025 06:56:56 Europe/Berlin] Upload path: C:\xampp\htdocs\coba_website/output/detect_16/raw_20210730_094436.jpg (exists: yes)
[16-Mar-2025 06:56:56 Europe/Berlin] Results dir: C:\xampp\htdocs\coba_website/results (exists: yes)
[16-Mar-2025 06:56:56 Europe/Berlin] Starting detection process...
[16-Mar-2025 06:56:56 Europe/Berlin] Executing command: cd "C:\xampp\htdocs\coba_website" && "C:/Users/Jasmine Tasmara/AppData/Local/Programs/Python/Python38/python.exe" "C:\Users\Jasmine Tasmara\AppData\Local\Temp\det2377.tmp.py" 2>&1
[16-Mar-2025 06:57:06 Europe/Berlin] Command output:
Current working directory: C:\xampp\htdocs\coba_website
Model path (absolute): C:\xampp\htdocs\coba_website\app\content\Melon\deeplearning\combined.pt
Upload path (absolute): C:\xampp\htdocs\coba_website\output\detect_16\raw_20210730_094436.jpg
Results directory (absolute): C:\xampp\htdocs\coba_website\output\detect_16
Using HSV ranges:
Range 1: H=[155-255], S=[160-240], V=[160-255]
Range 2: H=[0-30], S=[160-240], V=[160-255]
Loading model...
Model loaded successfully
Reading image...
Image read successfully, shape: (4128, 3096, 3)
Running detection...

0: 1280x960 2 flower-blooms, 1 flower-bud, 928.9ms
Speed: 20.0ms preprocess, 928.9ms inference, 3.0ms postprocess per image at shape (1, 3, 1280, 960)
Detection completed successfully
Found 3 objects
Processing detection 1: flower-bloom (87.16%)
Successfully saved cropped flower-bloom to: C:\xampp\htdocs\coba_website\output\detect_16\flower-bloom_1_87pct_1742104616.jpg
Processing detection 2: flower-bloom (83.82%)
Successfully saved cropped flower-bloom to: C:\xampp\htdocs\coba_website\output\detect_16\flower-bloom_2_83pct_1742104616.jpg
Processing detection 3: flower-bud (61.90%)
Successfully saved cropped flower-bud to: C:\xampp\htdocs\coba_website\output\detect_16\flower-bud_3_61pct_1742104616.jpg
Saved detection results to: C:\xampp\htdocs\coba_website\output\detect_16\1742104616_detections.json
Successfully saved result visualization to: C:\xampp\htdocs\coba_website\output\detect_16\1742104616_result.jpg
DETECTION_RESULTS_START
{"image_size": {"width": 3096, "height": 4128}, "detections": [{"class": "flower-bloom", "confidence": 87.16, "bbox": {"x1": 1415, "y1": 2575, "x2": 1967, "y2": 3091, "width": 552, "height": 516}, "cropped_image": "flower-bloom_1_87pct_1742104616.jpg", "processed_image": null, "mask_image": null, "color_analysis": null}, {"class": "flower-bloom", "confidence": 83.82, "bbox": {"x1": 741, "y1": 1463, "x2": 1903, "y2": 2446, "width": 1162, "height": 983}, "cropped_image": "flower-bloom_2_83pct_1742104616.jpg", "processed_image": null, "mask_image": null, "color_analysis": null}, {"class": "flower-bud", "confidence": 61.9, "bbox": {"x1": 976, "y1": 2371, "x2": 1149, "y2": 2514, "width": 173, "height": 143}, "cropped_image": "flower-bud_3_61pct_1742104616.jpg", "processed_image": null, "mask_image": null, "color_analysis": null}]}
DETECTION_RESULTS_END
[16-Mar-2025 06:57:06 Europe/Berlin] Return code: 0
[16-Mar-2025 06:57:06 Europe/Berlin] Processing line: Current working directory: C:\xampp\htdocs\coba_website
[16-Mar-2025 06:57:06 Europe/Berlin] Processing line: Model path (absolute): C:\xampp\htdocs\coba_website\app\content\Melon\deeplearning\combined.pt
[16-Mar-2025 06:57:06 Europe/Berlin] Processing line: Upload path (absolute): C:\xampp\htdocs\coba_website\output\detect_16\raw_20210730_094436.jpg
[16-Mar-2025 06:57:06 Europe/Berlin] Processing line: Results directory (absolute): C:\xampp\htdocs\coba_website\output\detect_16
[16-Mar-2025 06:57:06 Europe/Berlin] Processing line: Using HSV ranges:
[16-Mar-2025 06:57:06 Europe/Berlin] Processing line: Range 1: H=[155-255], S=[160-240], V=[160-255]
[16-Mar-2025 06:57:06 Europe/Berlin] Processing line: Range 2: H=[0-30], S=[160-240], V=[160-255]
[16-Mar-2025 06:57:06 Europe/Berlin] Processing line: Loading model...
[16-Mar-2025 06:57:06 Europe/Berlin] Processing line: Model loaded successfully
[16-Mar-2025 06:57:06 Europe/Berlin] Processing line: Reading image...
[16-Mar-2025 06:57:06 Europe/Berlin] Processing line: Image read successfully, shape: (4128, 3096, 3)
[16-Mar-2025 06:57:06 Europe/Berlin] Processing line: Running detection...
[16-Mar-2025 06:57:06 Europe/Berlin] Processing line: 
[16-Mar-2025 06:57:06 Europe/Berlin] Processing line: 0: 1280x960 2 flower-blooms, 1 flower-bud, 928.9ms
[16-Mar-2025 06:57:06 Europe/Berlin] Processing line: Speed: 20.0ms preprocess, 928.9ms inference, 3.0ms postprocess per image at shape (1, 3, 1280, 960)
[16-Mar-2025 06:57:06 Europe/Berlin] Processing line: Detection completed successfully
[16-Mar-2025 06:57:06 Europe/Berlin] Processing line: Found 3 objects
[16-Mar-2025 06:57:06 Europe/Berlin] Processing line: Processing detection 1: flower-bloom (87.16%)
[16-Mar-2025 06:57:06 Europe/Berlin] Processing line: Successfully saved cropped flower-bloom to: C:\xampp\htdocs\coba_website\output\detect_16\flower-bloom_1_87pct_1742104616.jpg
[16-Mar-2025 06:57:06 Europe/Berlin] Processing line: Processing detection 2: flower-bloom (83.82%)
[16-Mar-2025 06:57:06 Europe/Berlin] Processing line: Successfully saved cropped flower-bloom to: C:\xampp\htdocs\coba_website\output\detect_16\flower-bloom_2_83pct_1742104616.jpg
[16-Mar-2025 06:57:06 Europe/Berlin] Processing line: Processing detection 3: flower-bud (61.90%)
[16-Mar-2025 06:57:06 Europe/Berlin] Processing line: Successfully saved cropped flower-bud to: C:\xampp\htdocs\coba_website\output\detect_16\flower-bud_3_61pct_1742104616.jpg
[16-Mar-2025 06:57:06 Europe/Berlin] Processing line: Saved detection results to: C:\xampp\htdocs\coba_website\output\detect_16\1742104616_detections.json
[16-Mar-2025 06:57:06 Europe/Berlin] Processing line: Successfully saved result visualization to: C:\xampp\htdocs\coba_website\output\detect_16\1742104616_result.jpg
[16-Mar-2025 06:57:06 Europe/Berlin] Processing line: DETECTION_RESULTS_START
[16-Mar-2025 06:57:06 Europe/Berlin] Processing line: {"image_size": {"width": 3096, "height": 4128}, "detections": [{"class": "flower-bloom", "confidence": 87.16, "bbox": {"x1": 1415, "y1": 2575, "x2": 1967, "y2": 3091, "width": 552, "height": 516}, "cropped_image": "flower-bloom_1_87pct_1742104616.jpg", "processed_image": null, "mask_image": null, "color_analysis": null}, {"class": "flower-bloom", "confidence": 83.82, "bbox": {"x1": 741, "y1": 1463, "x2": 1903, "y2": 2446, "width": 1162, "height": 983}, "cropped_image": "flower-bloom_2_83pct_1742104616.jpg", "processed_image": null, "mask_image": null, "color_analysis": null}, {"class": "flower-bud", "confidence": 61.9, "bbox": {"x1": 976, "y1": 2371, "x2": 1149, "y2": 2514, "width": 173, "height": 143}, "cropped_image": "flower-bud_3_61pct_1742104616.jpg", "processed_image": null, "mask_image": null, "color_analysis": null}]}
[16-Mar-2025 06:57:06 Europe/Berlin] Processing line: DETECTION_RESULTS_END
[16-Mar-2025 06:57:06 Europe/Berlin] Parsing JSON data: {"image_size": {"width": 3096, "height": 4128}, "detections": [{"class": "flower-bloom", "confidence": 87.16, "bbox": {"x1": 1415, "y1": 2575, "x2": 1967, "y2": 3091, "width": 552, "height": 516}, "cropped_image": "flower-bloom_1_87pct_1742104616.jpg", "processed_image": null, "mask_image": null, "color_analysis": null}, {"class": "flower-bloom", "confidence": 83.82, "bbox": {"x1": 741, "y1": 1463, "x2": 1903, "y2": 2446, "width": 1162, "height": 983}, "cropped_image": "flower-bloom_2_83pct_1742104616.jpg", "processed_image": null, "mask_image": null, "color_analysis": null}, {"class": "flower-bud", "confidence": 61.9, "bbox": {"x1": 976, "y1": 2371, "x2": 1149, "y2": 2514, "width": 173, "height": 143}, "cropped_image": "flower-bud_3_61pct_1742104616.jpg", "processed_image": null, "mask_image": null, "color_analysis": null}]}
[16-Mar-2025 06:57:06 Europe/Berlin] Successfully parsed detection data
[16-Mar-2025 07:01:43 Europe/Berlin] File uploaded successfully to: C:\xampp\htdocs\coba_website/output/detect_17/raw__DSC1591.JPG
[16-Mar-2025 07:01:43 Europe/Berlin] Selected model: YOLOv5
[16-Mar-2025 07:01:43 Europe/Berlin] Model path: C:\xampp\htdocs\coba_website/app/content/Melon/deeplearning/chili_yolov5.pt (exists: yes)
[16-Mar-2025 07:01:43 Europe/Berlin] Upload path: C:\xampp\htdocs\coba_website/output/detect_17/raw__DSC1591.JPG (exists: yes)
[16-Mar-2025 07:01:43 Europe/Berlin] Results dir: C:\xampp\htdocs\coba_website/results (exists: yes)
[16-Mar-2025 07:01:43 Europe/Berlin] Starting detection process...
[16-Mar-2025 07:01:43 Europe/Berlin] Executing command: cd "C:\xampp\htdocs\coba_website" && "C:/Users/Jasmine Tasmara/AppData/Local/Programs/Python/Python38/python.exe" "C:\Users\Jasmine Tasmara\AppData\Local\Temp\det8482.tmp.py" 2>&1
[16-Mar-2025 07:01:51 Europe/Berlin] Command output:
Current working directory: C:\xampp\htdocs\coba_website
Model path (absolute): C:\xampp\htdocs\coba_website\app\content\Melon\deeplearning\chili_yolov5.pt
Upload path (absolute): C:\xampp\htdocs\coba_website\output\detect_17\raw__DSC1591.JPG
Results directory (absolute): C:\xampp\htdocs\coba_website\output\detect_17
Using HSV ranges:
Range 1: H=[155-255], S=[160-240], V=[160-255]
Range 2: H=[0-30], S=[160-240], V=[160-255]
Loading model...
Error: ERROR  C:\xampp\htdocs\coba_website\app\content\Melon\deeplearning\chili_yolov5.pt appears to be an Ultralytics YOLOv5 model originally trained with https://github.com/ultralytics/yolov5.
This model is NOT forwards compatible with YOLOv8 at https://github.com/ultralytics/ultralytics.
Recommend fixes are to train a new model using the latest 'ultralytics' package or to run a command with an official Ultralytics model, i.e. 'yolo predict model=yolo11n.pt'
Traceback (most recent call last):
  File "C:\Users\Jasmine Tasmara\AppData\Local\Programs\Python\Python38\lib\site-packages\ultralytics\nn\tasks.py", line 835, in torch_safe_load
    ckpt = torch.load(file, map_location="cpu")
  File "C:\Users\Jasmine Tasmara\AppData\Local\Programs\Python\Python38\lib\site-packages\ultralytics\utils\patches.py", line 86, in torch_load
    return _torch_load(*args, **kwargs)
  File "C:\Users\Jasmine Tasmara\AppData\Local\Programs\Python\Python38\lib\site-packages\torch\serialization.py", line 712, in load
    return _load(opened_zipfile, map_location, pickle_module, **pickle_load_args)
  File "C:\Users\Jasmine Tasmara\AppData\Local\Programs\Python\Python38\lib\site-packages\torch\serialization.py", line 1046, in _load
    result = unpickler.load()
  File "C:\Users\Jasmine Tasmara\AppData\Local\Programs\Python\Python38\lib\site-packages\torch\serialization.py", line 1039, in find_class
    return super().find_class(mod_name, name)
ModuleNotFoundError: No module named 'models'

The above exception was the direct cause of the following exception:

Traceback (most recent call last):
  File "C:\Users\Jasmine Tasmara\AppData\Local\Temp\det8482.tmp.py", line 88, in <module>
    model = YOLO(model_path)
  File "C:\Users\Jasmine Tasmara\AppData\Local\Programs\Python\Python38\lib\site-packages\ultralytics\models\yolo\model.py", line 23, in __init__
    super().__init__(model=model, task=task, verbose=verbose)
  File "C:\Users\Jasmine Tasmara\AppData\Local\Programs\Python\Python38\lib\site-packages\ultralytics\engine\model.py", line 146, in __init__
    self._load(model, task=task)
  File "C:\Users\Jasmine Tasmara\AppData\Local\Programs\Python\Python38\lib\site-packages\ultralytics\engine\model.py", line 289, in _load
    self.model, self.ckpt = attempt_load_one_weight(weights)
  File "C:\Users\Jasmine Tasmara\AppData\Local\Programs\Python\Python38\lib\site-packages\ultralytics\nn\tasks.py", line 908, in attempt_load_one_weight
    ckpt, weight = torch_safe_load(weight)  # load ckpt
  File "C:\Users\Jasmine Tasmara\AppData\Local\Programs\Python\Python38\lib\site-packages\ultralytics\nn\tasks.py", line 839, in torch_safe_load
    raise TypeError(
TypeError: ERROR  C:\xampp\htdocs\coba_website\app\content\Melon\deeplearning\chili_yolov5.pt appears to be an Ultralytics YOLOv5 model originally trained with https://github.com/ultralytics/yolov5.
This model is NOT forwards compatible with YOLOv8 at https://github.com/ultralytics/ultralytics.
Recommend fixes are to train a new model using the latest 'ultralytics' package or to run a command with an official Ultralytics model, i.e. 'yolo predict model=yolo11n.pt'
[16-Mar-2025 07:01:51 Europe/Berlin] Return code: 1
[16-Mar-2025 07:01:51 Europe/Berlin] Error processing image. Return code: 1
[16-Mar-2025 07:03:45 Europe/Berlin] File uploaded successfully to: C:\xampp\htdocs\coba_website/output/detect_18/raw__DSC1590.JPG
[16-Mar-2025 07:03:45 Europe/Berlin] Selected model: YOLOv8
[16-Mar-2025 07:03:45 Europe/Berlin] Model path: C:\xampp\htdocs\coba_website/app/content/Melon/deeplearning/chili_yolov8.pt (exists: yes)
[16-Mar-2025 07:03:45 Europe/Berlin] Upload path: C:\xampp\htdocs\coba_website/output/detect_18/raw__DSC1590.JPG (exists: yes)
[16-Mar-2025 07:03:45 Europe/Berlin] Results dir: C:\xampp\htdocs\coba_website/results (exists: yes)
[16-Mar-2025 07:03:45 Europe/Berlin] Starting detection process...
[16-Mar-2025 07:03:45 Europe/Berlin] Executing command: cd "C:\xampp\htdocs\coba_website" && "C:/Users/Jasmine Tasmara/AppData/Local/Programs/Python/Python38/python.exe" "C:\Users\Jasmine Tasmara\AppData\Local\Temp\det61DF.tmp.py" 2>&1
[16-Mar-2025 07:03:55 Europe/Berlin] Command output:
Current working directory: C:\xampp\htdocs\coba_website
Model path (absolute): C:\xampp\htdocs\coba_website\app\content\Melon\deeplearning\chili_yolov8.pt
Upload path (absolute): C:\xampp\htdocs\coba_website\output\detect_18\raw__DSC1590.JPG
Results directory (absolute): C:\xampp\htdocs\coba_website\output\detect_18
Using HSV ranges:
Range 1: H=[155-255], S=[160-240], V=[160-255]
Range 2: H=[0-30], S=[160-240], V=[160-255]
Loading model...
Model loaded successfully
Reading image...
Image read successfully, shape: (5568, 3712, 3)
Running detection...

0: 640x448 44 cotyledon_appears, 16 germinated_seeds, 3 not_germinateds, 249.0ms
Speed: 5.0ms preprocess, 249.0ms inference, 4.0ms postprocess per image at shape (1, 3, 640, 448)
Detection completed successfully
Found 63 objects
Processing detection 1: cotyledon_appear (85.79%)
Successfully saved cropped cotyledon_appear to: C:\xampp\htdocs\coba_website\output\detect_18\cotyledon_appear_1_85pct_1742105025.jpg
Processing detection 2: germinated_seed (85.42%)
Successfully saved cropped germinated_seed to: C:\xampp\htdocs\coba_website\output\detect_18\germinated_seed_2_85pct_1742105025.jpg
Processing detection 3: germinated_seed (84.53%)
Successfully saved cropped germinated_seed to: C:\xampp\htdocs\coba_website\output\detect_18\germinated_seed_3_84pct_1742105025.jpg
Processing detection 4: cotyledon_appear (83.35%)
Successfully saved cropped cotyledon_appear to: C:\xampp\htdocs\coba_website\output\detect_18\cotyledon_appear_4_83pct_1742105025.jpg
Processing detection 5: cotyledon_appear (82.18%)
Successfully saved cropped cotyledon_appear to: C:\xampp\htdocs\coba_website\output\detect_18\cotyledon_appear_5_82pct_1742105025.jpg
Processing detection 6: cotyledon_appear (81.66%)
Successfully saved cropped cotyledon_appear to: C:\xampp\htdocs\coba_website\output\detect_18\cotyledon_appear_6_81pct_1742105025.jpg
Processing detection 7: cotyledon_appear (81.07%)
Successfully saved cropped cotyledon_appear to: C:\xampp\htdocs\coba_website\output\detect_18\cotyledon_appear_7_81pct_1742105025.jpg
Processing detection 8: cotyledon_appear (80.57%)
Successfully saved cropped cotyledon_appear to: C:\xampp\htdocs\coba_website\output\detect_18\cotyledon_appear_8_80pct_1742105025.jpg
Processing detection 9: cotyledon_appear (79.70%)
Successfully saved cropped cotyledon_appear to: C:\xampp\htdocs\coba_website\output\detect_18\cotyledon_appear_9_79pct_1742105025.jpg
Processing detection 10: germinated_seed (78.77%)
Successfully saved cropped germinated_seed to: C:\xampp\htdocs\coba_website\output\detect_18\germinated_seed_10_78pct_1742105025.jpg
Processing detection 11: cotyledon_appear (76.79%)
Successfully saved cropped cotyledon_appear to: C:\xampp\htdocs\coba_website\output\detect_18\cotyledon_appear_11_76pct_1742105025.jpg
Processing detection 12: cotyledon_appear (76.54%)
Successfully saved cropped cotyledon_appear to: C:\xampp\htdocs\coba_website\output\detect_18\cotyledon_appear_12_76pct_1742105025.jpg
Processing detection 13: cotyledon_appear (75.80%)
Successfully saved cropped cotyledon_appear to: C:\xampp\htdocs\coba_website\output\detect_18\cotyledon_appear_13_75pct_1742105025.jpg
Processing detection 14: cotyledon_appear (75.34%)
Successfully saved cropped cotyledon_appear to: C:\xampp\htdocs\coba_website\output\detect_18\cotyledon_appear_14_75pct_1742105025.jpg
Processing detection 15: germinated_seed (75.29%)
Successfully saved cropped germinated_seed to: C:\xampp\htdocs\coba_website\output\detect_18\germinated_seed_15_75pct_1742105025.jpg
Processing detection 16: germinated_seed (75.22%)
Successfully saved cropped germinated_seed to: C:\xampp\htdocs\coba_website\output\detect_18\germinated_seed_16_75pct_1742105025.jpg
Processing detection 17: germinated_seed (75.16%)
Successfully saved cropped germinated_seed to: C:\xampp\htdocs\coba_website\output\detect_18\germinated_seed_17_75pct_1742105025.jpg
Processing detection 18: cotyledon_appear (74.52%)
Successfully saved cropped cotyledon_appear to: C:\xampp\htdocs\coba_website\output\detect_18\cotyledon_appear_18_74pct_1742105025.jpg
Processing detection 19: cotyledon_appear (74.34%)
Successfully saved cropped cotyledon_appear to: C:\xampp\htdocs\coba_website\output\detect_18\cotyledon_appear_19_74pct_1742105025.jpg
Processing detection 20: cotyledon_appear (73.86%)
Successfully saved cropped cotyledon_appear to: C:\xampp\htdocs\coba_website\output\detect_18\cotyledon_appear_20_73pct_1742105025.jpg
Processing detection 21: cotyledon_appear (73.40%)
Successfully saved cropped cotyledon_appear to: C:\xampp\htdocs\coba_website\output\detect_18\cotyledon_appear_21_73pct_1742105025.jpg
Processing detection 22: cotyledon_appear (73.39%)
Successfully saved cropped cotyledon_appear to: C:\xampp\htdocs\coba_website\output\detect_18\cotyledon_appear_22_73pct_1742105025.jpg
Processing detection 23: cotyledon_appear (73.30%)
Successfully saved cropped cotyledon_appear to: C:\xampp\htdocs\coba_website\output\detect_18\cotyledon_appear_23_73pct_1742105025.jpg
Processing detection 24: cotyledon_appear (73.11%)
Successfully saved cropped cotyledon_appear to: C:\xampp\htdocs\coba_website\output\detect_18\cotyledon_appear_24_73pct_1742105025.jpg
Processing detection 25: cotyledon_appear (72.17%)
Successfully saved cropped cotyledon_appear to: C:\xampp\htdocs\coba_website\output\detect_18\cotyledon_appear_25_72pct_1742105025.jpg
Processing detection 26: cotyledon_appear (71.98%)
Successfully saved cropped cotyledon_appear to: C:\xampp\htdocs\coba_website\output\detect_18\cotyledon_appear_26_71pct_1742105025.jpg
Processing detection 27: cotyledon_appear (71.92%)
Successfully saved cropped cotyledon_appear to: C:\xampp\htdocs\coba_website\output\detect_18\cotyledon_appear_27_71pct_1742105025.jpg
Processing detection 28: cotyledon_appear (71.53%)
Successfully saved cropped cotyledon_appear to: C:\xampp\htdocs\coba_website\output\detect_18\cotyledon_appear_28_71pct_1742105025.jpg
Processing detection 29: cotyledon_appear (71.43%)
Successfully saved cropped cotyledon_appear to: C:\xampp\htdocs\coba_website\output\detect_18\cotyledon_appear_29_71pct_1742105025.jpg
Processing detection 30: cotyledon_appear (70.81%)
Successfully saved cropped cotyledon_appear to: C:\xampp\htdocs\coba_website\output\detect_18\cotyledon_appear_30_70pct_1742105025.jpg
Processing detection 31: cotyledon_appear (69.95%)
Successfully saved cropped cotyledon_appear to: C:\xampp\htdocs\coba_website\output\detect_18\cotyledon_appear_31_69pct_1742105025.jpg
Processing detection 32: cotyledon_appear (68.91%)
Successfully saved cropped cotyledon_appear to: C:\xampp\htdocs\coba_website\output\detect_18\cotyledon_appear_32_68pct_1742105025.jpg
Processing detection 33: cotyledon_appear (67.75%)
Successfully saved cropped cotyledon_appear to: C:\xampp\htdocs\coba_website\output\detect_18\cotyledon_appear_33_67pct_1742105025.jpg
Processing detection 34: not_germinated (67.68%)
Successfully saved cropped not_germinated to: C:\xampp\htdocs\coba_website\output\detect_18\not_germinated_34_67pct_1742105025.jpg
Processing detection 35: germinated_seed (65.64%)
Successfully saved cropped germinated_seed to: C:\xampp\htdocs\coba_website\output\detect_18\germinated_seed_35_65pct_1742105025.jpg
Processing detection 36: cotyledon_appear (65.57%)
Successfully saved cropped cotyledon_appear to: C:\xampp\htdocs\coba_website\output\detect_18\cotyledon_appear_36_65pct_1742105025.jpg
Processing detection 37: cotyledon_appear (65.33%)
Successfully saved cropped cotyledon_appear to: C:\xampp\htdocs\coba_website\output\detect_18\cotyledon_appear_37_65pct_1742105025.jpg
Processing detection 38: cotyledon_appear (64.53%)
Successfully saved cropped cotyledon_appear to: C:\xampp\htdocs\coba_website\output\detect_18\cotyledon_appear_38_64pct_1742105025.jpg
Processing detection 39: cotyledon_appear (64.52%)
Successfully saved cropped cotyledon_appear to: C:\xampp\htdocs\coba_website\output\detect_18\cotyledon_appear_39_64pct_1742105025.jpg
Processing detection 40: cotyledon_appear (63.11%)
Successfully saved cropped cotyledon_appear to: C:\xampp\htdocs\coba_website\output\detect_18\cotyledon_appear_40_63pct_1742105025.jpg
Processing detection 41: cotyledon_appear (62.54%)
Successfully saved cropped cotyledon_appear to: C:\xampp\htdocs\coba_website\output\detect_18\cotyledon_appear_41_62pct_1742105025.jpg
Processing detection 42: cotyledon_appear (62.18%)
Successfully saved cropped cotyledon_appear to: C:\xampp\htdocs\coba_website\output\detect_18\cotyledon_appear_42_62pct_1742105025.jpg
Processing detection 43: germinated_seed (61.91%)
Successfully saved cropped germinated_seed to: C:\xampp\htdocs\coba_website\output\detect_18\germinated_seed_43_61pct_1742105025.jpg
Processing detection 44: germinated_seed (60.67%)
Successfully saved cropped germinated_seed to: C:\xampp\htdocs\coba_website\output\detect_18\germinated_seed_44_60pct_1742105025.jpg
Processing detection 45: cotyledon_appear (60.54%)
Successfully saved cropped cotyledon_appear to: C:\xampp\htdocs\coba_website\output\detect_18\cotyledon_appear_45_60pct_1742105025.jpg
Processing detection 46: germinated_seed (59.54%)
Successfully saved cropped germinated_seed to: C:\xampp\htdocs\coba_website\output\detect_18\germinated_seed_46_59pct_1742105025.jpg
Processing detection 47: cotyledon_appear (58.41%)
Successfully saved cropped cotyledon_appear to: C:\xampp\htdocs\coba_website\output\detect_18\cotyledon_appear_47_58pct_1742105025.jpg
Processing detection 48: germinated_seed (58.40%)
Successfully saved cropped germinated_seed to: C:\xampp\htdocs\coba_website\output\detect_18\germinated_seed_48_58pct_1742105025.jpg
Processing detection 49: cotyledon_appear (56.62%)
Successfully saved cropped cotyledon_appear to: C:\xampp\htdocs\coba_website\output\detect_18\cotyledon_appear_49_56pct_1742105025.jpg
Processing detection 50: cotyledon_appear (56.25%)
Successfully saved cropped cotyledon_appear to: C:\xampp\htdocs\coba_website\output\detect_18\cotyledon_appear_50_56pct_1742105025.jpg
Processing detection 51: cotyledon_appear (55.23%)
Successfully saved cropped cotyledon_appear to: C:\xampp\htdocs\coba_website\output\detect_18\cotyledon_appear_51_55pct_1742105025.jpg
Processing detection 52: cotyledon_appear (55.09%)
Successfully saved cropped cotyledon_appear to: C:\xampp\htdocs\coba_website\output\detect_18\cotyledon_appear_52_55pct_1742105025.jpg
Processing detection 53: germinated_seed (54.01%)
Successfully saved cropped germinated_seed to: C:\xampp\htdocs\coba_website\output\detect_18\germinated_seed_53_54pct_1742105025.jpg
Processing detection 54: cotyledon_appear (52.91%)
Successfully saved cropped cotyledon_appear to: C:\xampp\htdocs\coba_website\output\detect_18\cotyledon_appear_54_52pct_1742105025.jpg
Processing detection 55: cotyledon_appear (50.60%)
Successfully saved cropped cotyledon_appear to: C:\xampp\htdocs\coba_website\output\detect_18\cotyledon_appear_55_50pct_1742105025.jpg
Processing detection 56: not_germinated (47.96%)
Successfully saved cropped not_germinated to: C:\xampp\htdocs\coba_website\output\detect_18\not_germinated_56_47pct_1742105025.jpg
Processing detection 57: cotyledon_appear (46.67%)
Successfully saved cropped cotyledon_appear to: C:\xampp\htdocs\coba_website\output\detect_18\cotyledon_appear_57_46pct_1742105025.jpg
Processing detection 58: cotyledon_appear (45.02%)
Successfully saved cropped cotyledon_appear to: C:\xampp\htdocs\coba_website\output\detect_18\cotyledon_appear_58_45pct_1742105025.jpg
Processing detection 59: germinated_seed (39.31%)
Successfully saved cropped germinated_seed to: C:\xampp\htdocs\coba_website\output\detect_18\germinated_seed_59_39pct_1742105025.jpg
Processing detection 60: germinated_seed (39.17%)
Successfully saved cropped germinated_seed to: C:\xampp\htdocs\coba_website\output\detect_18\germinated_seed_60_39pct_1742105025.jpg
Processing detection 61: not_germinated (36.50%)
Successfully saved cropped not_germinated to: C:\xampp\htdocs\coba_website\output\detect_18\not_germinated_61_36pct_1742105025.jpg
Processing detection 62: germinated_seed (27.03%)
Successfully saved cropped germinated_seed to: C:\xampp\htdocs\coba_website\output\detect_18\germinated_seed_62_27pct_1742105025.jpg
Processing detection 63: germinated_seed (25.30%)
Successfully saved cropped germinated_seed to: C:\xampp\htdocs\coba_website\output\detect_18\germinated_seed_63_25pct_1742105025.jpg
Saved detection results to: C:\xampp\htdocs\coba_website\output\detect_18\1742105025_detections.json
Successfully saved result visualization to: C:\xampp\htdocs\coba_website\output\detect_18\1742105025_result.jpg
DETECTION_RESULTS_START
{"image_size": {"width": 3712, "height": 5568}, "detections": [{"class": "cotyledon_appear", "confidence": 85.79, "bbox": {"x1": 1368, "y1": 1496, "x2": 1862, "y2": 1859, "width": 494, "height": 363}, "cropped_image": "cotyledon_appear_1_85pct_1742105025.jpg", "processed_image": null, "mask_image": null, "color_analysis": null}, {"class": "germinated_seed", "confidence": 85.42, "bbox": {"x1": 1393, "y1": 2075, "x2": 1739, "y2": 2423, "width": 346, "height": 348}, "cropped_image": "germinated_seed_2_85pct_1742105025.jpg", "processed_image": null, "mask_image": null, "color_analysis": null}, {"class": "germinated_seed", "confidence": 84.53, "bbox": {"x1": 2483, "y1": 3098, "x2": 2841, "y2": 3452, "width": 358, "height": 354}, "cropped_image": "germinated_seed_3_84pct_1742105025.jpg", "processed_image": null, "mask_image": null, "color_analysis": null}, {"class": "cotyledon_appear", "confidence": 83.35, "bbox": {"x1": 732, "y1": 920, "x2": 1224, "y2": 1326, "width": 492, "height": 406}, "cropped_image": "cotyledon_appear_4_83pct_1742105025.jpg", "processed_image": null, "mask_image": null, "color_analysis": null}, {"class": "cotyledon_appear", "confidence": 82.18, "bbox": {"x1": 1328, "y1": 2554, "x2": 1821, "y2": 2935, "width": 493, "height": 381}, "cropped_image": "cotyledon_appear_5_82pct_1742105025.jpg", "processed_image": null, "mask_image": null, "color_analysis": null}, {"class": "cotyledon_appear", "confidence": 81.66, "bbox": {"x1": 2550, "y1": 2574, "x2": 3008, "y2": 2911, "width": 458, "height": 337}, "cropped_image": "cotyledon_appear_6_81pct_1742105025.jpg", "processed_image": null, "mask_image": null, "color_analysis": null}, {"class": "cotyledon_appear", "confidence": 81.07, "bbox": {"x1": 1327, "y1": 415, "x2": 1739, "y2": 794, "width": 412, "height": 379}, "cropped_image": "cotyledon_appear_7_81pct_1742105025.jpg", "processed_image": null, "mask_image": null, "color_analysis": null}, {"class": "cotyledon_appear", "confidence": 80.57, "bbox": {"x1": 745, "y1": 2502, "x2": 1239, "y2": 2958, "width": 494, "height": 456}, "cropped_image": "cotyledon_appear_8_80pct_1742105025.jpg", "processed_image": null, "mask_image": null, "color_analysis": null}, {"class": "cotyledon_appear", "confidence": 79.7, "bbox": {"x1": 1366, "y1": 4893, "x2": 1852, "y2": 5306, "width": 486, "height": 413}, "cropped_image": "cotyledon_appear_9_79pct_1742105025.jpg", "processed_image": null, "mask_image": null, "color_analysis": null}, {"class": "germinated_seed", "confidence": 78.77, "bbox": {"x1": 1983, "y1": 4310, "x2": 2330, "y2": 4665, "width": 347, "height": 355}, "cropped_image": "germinated_seed_10_78pct_1742105025.jpg", "processed_image": null, "mask_image": null, "color_analysis": null}, {"class": "cotyledon_appear", "confidence": 76.79, "bbox": {"x1": 195, "y1": 3667, "x2": 587, "y2": 4126, "width": 392, "height": 459}, "cropped_image": "cotyledon_appear_11_76pct_1742105025.jpg", "processed_image": null, "mask_image": null, "color_analysis": null}, {"class": "cotyledon_appear", "confidence": 76.54, "bbox": {"x1": 1331, "y1": 3730, "x2": 1745, "y2": 4178, "width": 414, "height": 448}, "cropped_image": "cotyledon_appear_12_76pct_1742105025.jpg", "processed_image": null, "mask_image": null, "color_analysis": null}, {"class": "cotyledon_appear", "confidence": 75.8, "bbox": {"x1": 1428, "y1": 3056, "x2": 1813, "y2": 3581, "width": 385, "height": 525}, "cropped_image": "cotyledon_appear_13_75pct_1742105025.jpg", "processed_image": null, "mask_image": null, "color_analysis": null}, {"class": "cotyledon_appear", "confidence": 75.34, "bbox": {"x1": 2496, "y1": 3639, "x2": 2870, "y2": 4104, "width": 374, "height": 465}, "cropped_image": "cotyledon_appear_14_75pct_1742105025.jpg", "processed_image": null, "mask_image": null, "color_analysis": null}, {"class": "germinated_seed", "confidence": 75.29, "bbox": {"x1": 290, "y1": 1464, "x2": 642, "y2": 1807, "width": 352, "height": 343}, "cropped_image": "germinated_seed_15_75pct_1742105025.jpg", "processed_image": null, "mask_image": null, "color_analysis": null}, {"class": "germinated_seed", "confidence": 75.22, "bbox": {"x1": 208, "y1": 3159, "x2": 614, "y2": 3509, "width": 406, "height": 350}, "cropped_image": "germinated_seed_16_75pct_1742105025.jpg", "processed_image": null, "mask_image": null, "color_analysis": null}, {"class": "germinated_seed", "confidence": 75.16, "bbox": {"x1": 1932, "y1": 461, "x2": 2239, "y2": 840, "width": 307, "height": 379}, "cropped_image": "germinated_seed_17_75pct_1742105025.jpg", "processed_image": null, "mask_image": null, "color_analysis": null}, {"class": "cotyledon_appear", "confidence": 74.52, "bbox": {"x1": 330, "y1": 0, "x2": 680, "y2": 320, "width": 350, "height": 320}, "cropped_image": "cotyledon_appear_18_74pct_1742105025.jpg", "processed_image": null, "mask_image": null, "color_analysis": null}, {"class": "cotyledon_appear", "confidence": 74.34, "bbox": {"x1": 1383, "y1": 4306, "x2": 1755, "y2": 4692, "width": 372, "height": 386}, "cropped_image": "cotyledon_appear_19_74pct_1742105025.jpg", "processed_image": null, "mask_image": null, "color_analysis": null}, {"class": "cotyledon_appear", "confidence": 73.86, "bbox": {"x1": 3077, "y1": 2536, "x2": 3394, "y2": 2856, "width": 317, "height": 320}, "cropped_image": "cotyledon_appear_20_73pct_1742105025.jpg", "processed_image": null, "mask_image": null, "color_analysis": null}, {"class": "cotyledon_appear", "confidence": 73.4, "bbox": {"x1": 3171, "y1": 3679, "x2": 3622, "y2": 4212, "width": 451, "height": 533}, "cropped_image": "cotyledon_appear_21_73pct_1742105025.jpg", "processed_image": null, "mask_image": null, "color_analysis": null}, {"class": "cotyledon_appear", "confidence": 73.39, "bbox": {"x1": 3075, "y1": 3012, "x2": 3515, "y2": 3536, "width": 440, "height": 524}, "cropped_image": "cotyledon_appear_22_73pct_1742105025.jpg", "processed_image": null, "mask_image": null, "color_analysis": null}, {"class": "cotyledon_appear", "confidence": 73.3, "bbox": {"x1": 3050, "y1": 1365, "x2": 3534, "y2": 1826, "width": 484, "height": 461}, "cropped_image": "cotyledon_appear_23_73pct_1742105025.jpg", "processed_image": null, "mask_image": null, "color_analysis": null}, {"class": "cotyledon_appear", "confidence": 73.11, "bbox": {"x1": 1930, "y1": 1422, "x2": 2353, "y2": 1922, "width": 423, "height": 500}, "cropped_image": "cotyledon_appear_24_73pct_1742105025.jpg", "processed_image": null, "mask_image": null, "color_analysis": null}, {"class": "cotyledon_appear", "confidence": 72.17, "bbox": {"x1": 1978, "y1": 4805, "x2": 2395, "y2": 5288, "width": 417, "height": 483}, "cropped_image": "cotyledon_appear_25_72pct_1742105025.jpg", "processed_image": null, "mask_image": null, "color_analysis": null}, {"class": "cotyledon_appear", "confidence": 71.98, "bbox": {"x1": 3097, "y1": 2029, "x2": 3557, "y2": 2357, "width": 460, "height": 328}, "cropped_image": "cotyledon_appear_26_71pct_1742105025.jpg", "processed_image": null, "mask_image": null, "color_analysis": null}, {"class": "cotyledon_appear", "confidence": 71.92, "bbox": {"x1": 232, "y1": 2528, "x2": 644, "y2": 2908, "width": 412, "height": 380}, "cropped_image": "cotyledon_appear_27_71pct_1742105025.jpg", "processed_image": null, "mask_image": null, "color_analysis": null}, {"class": "cotyledon_appear", "confidence": 71.53, "bbox": {"x1": 2578, "y1": 4818, "x2": 2954, "y2": 5317, "width": 376, "height": 499}, "cropped_image": "cotyledon_appear_28_71pct_1742105025.jpg", "processed_image": null, "mask_image": null, "color_analysis": null}, {"class": "cotyledon_appear", "confidence": 71.43, "bbox": {"x1": 2513, "y1": 2032, "x2": 3029, "y2": 2386, "width": 516, "height": 354}, "cropped_image": "cotyledon_appear_29_71pct_1742105025.jpg", "processed_image": null, "mask_image": null, "color_analysis": null}, {"class": "cotyledon_appear", "confidence": 70.81, "bbox": {"x1": 823, "y1": 261, "x2": 1216, "y2": 789, "width": 393, "height": 528}, "cropped_image": "cotyledon_appear_30_70pct_1742105025.jpg", "processed_image": null, "mask_image": null, "color_analysis": null}, {"class": "cotyledon_appear", "confidence": 69.95, "bbox": {"x1": 3163, "y1": 4243, "x2": 3655, "y2": 4771, "width": 492, "height": 528}, "cropped_image": "cotyledon_appear_31_69pct_1742105025.jpg", "processed_image": null, "mask_image": null, "color_analysis": null}, {"class": "cotyledon_appear", "confidence": 68.91, "bbox": {"x1": 923, "y1": 0, "x2": 1220, "y2": 283, "width": 297, "height": 283}, "cropped_image": "cotyledon_appear_32_68pct_1742105025.jpg", "processed_image": null, "mask_image": null, "color_analysis": null}, {"class": "cotyledon_appear", "confidence": 67.75, "bbox": {"x1": 3188, "y1": 4872, "x2": 3570, "y2": 5474, "width": 382, "height": 602}, "cropped_image": "cotyledon_appear_33_67pct_1742105025.jpg", "processed_image": null, "mask_image": null, "color_analysis": null}, {"class": "not_germinated", "confidence": 67.68, "bbox": {"x1": 270, "y1": 967, "x2": 647, "y2": 1292, "width": 377, "height": 325}, "cropped_image": "not_germinated_34_67pct_1742105025.jpg", "processed_image": null, "mask_image": null, "color_analysis": null}, {"class": "germinated_seed", "confidence": 65.64, "bbox": {"x1": 2985, "y1": 941, "x2": 3314, "y2": 1299, "width": 329, "height": 358}, "cropped_image": "germinated_seed_35_65pct_1742105025.jpg", "processed_image": null, "mask_image": null, "color_analysis": null}, {"class": "cotyledon_appear", "confidence": 65.57, "bbox": {"x1": 886, "y1": 3687, "x2": 1234, "y2": 4112, "width": 348, "height": 425}, "cropped_image": "cotyledon_appear_36_65pct_1742105025.jpg", "processed_image": null, "mask_image": null, "color_analysis": null}, {"class": "cotyledon_appear", "confidence": 65.33, "bbox": {"x1": 299, "y1": 4252, "x2": 651, "y2": 4701, "width": 352, "height": 449}, "cropped_image": "cotyledon_appear_37_65pct_1742105025.jpg", "processed_image": null, "mask_image": null, "color_analysis": null}, {"class": "cotyledon_appear", "confidence": 64.53, "bbox": {"x1": 311, "y1": 1936, "x2": 660, "y2": 2379, "width": 349, "height": 443}, "cropped_image": "cotyledon_appear_38_64pct_1742105025.jpg", "processed_image": null, "mask_image": null, "color_analysis": null}, {"class": "cotyledon_appear", "confidence": 64.52, "bbox": {"x1": 888, "y1": 2047, "x2": 1236, "y2": 2398, "width": 348, "height": 351}, "cropped_image": "cotyledon_appear_39_64pct_1742105025.jpg", "processed_image": null, "mask_image": null, "color_analysis": null}, {"class": "cotyledon_appear", "confidence": 63.11, "bbox": {"x1": 2541, "y1": 4307, "x2": 2929, "y2": 4763, "width": 388, "height": 456}, "cropped_image": "cotyledon_appear_40_63pct_1742105025.jpg", "processed_image": null, "mask_image": null, "color_analysis": null}, {"class": "cotyledon_appear", "confidence": 62.54, "bbox": {"x1": 1964, "y1": 3117, "x2": 2422, "y2": 3436, "width": 458, "height": 319}, "cropped_image": "cotyledon_appear_41_62pct_1742105025.jpg", "processed_image": null, "mask_image": null, "color_analysis": null}, {"class": "cotyledon_appear", "confidence": 62.18, "bbox": {"x1": 825, "y1": 4946, "x2": 1186, "y2": 5497, "width": 361, "height": 551}, "cropped_image": "cotyledon_appear_42_62pct_1742105025.jpg", "processed_image": null, "mask_image": null, "color_analysis": null}, {"class": "germinated_seed", "confidence": 61.91, "bbox": {"x1": 1444, "y1": 89, "x2": 1734, "y2": 363, "width": 290, "height": 274}, "cropped_image": "germinated_seed_43_61pct_1742105025.jpg", "processed_image": null, "mask_image": null, "color_analysis": null}, {"class": "germinated_seed", "confidence": 60.67, "bbox": {"x1": 1959, "y1": 2084, "x2": 2286, "y2": 2402, "width": 327, "height": 318}, "cropped_image": "germinated_seed_44_60pct_1742105025.jpg", "processed_image": null, "mask_image": null, "color_analysis": null}, {"class": "cotyledon_appear", "confidence": 60.54, "bbox": {"x1": 1398, "y1": 780, "x2": 1776, "y2": 1336, "width": 378, "height": 556}, "cropped_image": "cotyledon_appear_45_60pct_1742105025.jpg", "processed_image": null, "mask_image": null, "color_analysis": null}, {"class": "germinated_seed", "confidence": 59.54, "bbox": {"x1": 814, "y1": 1431, "x2": 1171, "y2": 1813, "width": 357, "height": 382}, "cropped_image": "germinated_seed_46_59pct_1742105025.jpg", "processed_image": null, "mask_image": null, "color_analysis": null}, {"class": "cotyledon_appear", "confidence": 58.41, "bbox": {"x1": 1928, "y1": 0, "x2": 2308, "y2": 366, "width": 380, "height": 366}, "cropped_image": "cotyledon_appear_47_58pct_1742105025.jpg", "processed_image": null, "mask_image": null, "color_analysis": null}, {"class": "germinated_seed", "confidence": 58.4, "bbox": {"x1": 785, "y1": 3179, "x2": 1156, "y2": 3526, "width": 371, "height": 347}, "cropped_image": "germinated_seed_48_58pct_1742105025.jpg", "processed_image": null, "mask_image": null, "color_analysis": null}, {"class": "cotyledon_appear", "confidence": 56.62, "bbox": {"x1": 3059, "y1": 185, "x2": 3454, "y2": 760, "width": 395, "height": 575}, "cropped_image": "cotyledon_appear_49_56pct_1742105025.jpg", "processed_image": null, "mask_image": null, "color_analysis": null}, {"class": "cotyledon_appear", "confidence": 56.25, "bbox": {"x1": 2520, "y1": 895, "x2": 2825, "y2": 1364, "width": 305, "height": 469}, "cropped_image": "cotyledon_appear_50_56pct_1742105025.jpg", "processed_image": null, "mask_image": null, "color_analysis": null}, {"class": "cotyledon_appear", "confidence": 55.23, "bbox": {"x1": 1986, "y1": 972, "x2": 2369, "y2": 1340, "width": 383, "height": 368}, "cropped_image": "cotyledon_appear_51_55pct_1742105025.jpg", "processed_image": null, "mask_image": null, "color_analysis": null}, {"class": "cotyledon_appear", "confidence": 55.09, "bbox": {"x1": 1993, "y1": 3723, "x2": 2320, "y2": 4106, "width": 327, "height": 383}, "cropped_image": "cotyledon_appear_52_55pct_1742105025.jpg", "processed_image": null, "mask_image": null, "color_analysis": null}, {"class": "germinated_seed", "confidence": 54.01, "bbox": {"x1": 397, "y1": 437, "x2": 700, "y2": 788, "width": 303, "height": 351}, "cropped_image": "germinated_seed_53_54pct_1742105025.jpg", "processed_image": null, "mask_image": null, "color_analysis": null}, {"class": "cotyledon_appear", "confidence": 52.91, "bbox": {"x1": 1943, "y1": 2520, "x2": 2310, "y2": 2997, "width": 367, "height": 477}, "cropped_image": "cotyledon_appear_54_52pct_1742105025.jpg", "processed_image": null, "mask_image": null, "color_analysis": null}, {"class": "cotyledon_appear", "confidence": 50.6, "bbox": {"x1": 187, "y1": 4879, "x2": 606, "y2": 5419, "width": 419, "height": 540}, "cropped_image": "cotyledon_appear_55_50pct_1742105025.jpg", "processed_image": null, "mask_image": null, "color_analysis": null}, {"class": "not_germinated", "confidence": 47.96, "bbox": {"x1": 796, "y1": 4327, "x2": 1145, "y2": 4685, "width": 349, "height": 358}, "cropped_image": "not_germinated_56_47pct_1742105025.jpg", "processed_image": null, "mask_image": null, "color_analysis": null}, {"class": "cotyledon_appear", "confidence": 46.67, "bbox": {"x1": 2441, "y1": 1509, "x2": 2897, "y2": 1842, "width": 456, "height": 333}, "cropped_image": "cotyledon_appear_57_46pct_1742105025.jpg", "processed_image": null, "mask_image": null, "color_analysis": null}, {"class": "cotyledon_appear", "confidence": 45.02, "bbox": {"x1": 2460, "y1": 294, "x2": 2789, "y2": 843, "width": 329, "height": 549}, "cropped_image": "cotyledon_appear_58_45pct_1742105025.jpg", "processed_image": null, "mask_image": null, "color_analysis": null}, {"class": "germinated_seed", "confidence": 39.31, "bbox": {"x1": 1982, "y1": 972, "x2": 2359, "y2": 1334, "width": 377, "height": 362}, "cropped_image": "germinated_seed_59_39pct_1742105025.jpg", "processed_image": null, "mask_image": null, "color_analysis": null}, {"class": "germinated_seed", "confidence": 39.17, "bbox": {"x1": 794, "y1": 4327, "x2": 1147, "y2": 4674, "width": 353, "height": 347}, "cropped_image": "germinated_seed_60_39pct_1742105025.jpg", "processed_image": null, "mask_image": null, "color_analysis": null}, {"class": "not_germinated", "confidence": 36.5, "bbox": {"x1": 784, "y1": 3181, "x2": 1159, "y2": 3525, "width": 375, "height": 344}, "cropped_image": "not_germinated_61_36pct_1742105025.jpg", "processed_image": null, "mask_image": null, "color_analysis": null}, {"class": "germinated_seed", "confidence": 27.03, "bbox": {"x1": 1916, "y1": 0, "x2": 2311, "y2": 364, "width": 395, "height": 364}, "cropped_image": "germinated_seed_62_27pct_1742105025.jpg", "processed_image": null, "mask_image": null, "color_analysis": null}, {"class": "germinated_seed", "confidence": 25.3, "bbox": {"x1": 188, "y1": 4879, "x2": 632, "y2": 5425, "width": 444, "height": 546}, "cropped_image": "germinated_seed_63_25pct_1742105025.jpg", "processed_image": null, "mask_image": null, "color_analysis": null}]}
DETECTION_RESULTS_END
[16-Mar-2025 07:03:55 Europe/Berlin] Return code: 0
[16-Mar-2025 07:03:55 Europe/Berlin] Processing line: Current working directory: C:\xampp\htdocs\coba_website
[16-Mar-2025 07:03:55 Europe/Berlin] Processing line: Model path (absolute): C:\xampp\htdocs\coba_website\app\content\Melon\deeplearning\chili_yolov8.pt
[16-Mar-2025 07:03:55 Europe/Berlin] Processing line: Upload path (absolute): C:\xampp\htdocs\coba_website\output\detect_18\raw__DSC1590.JPG
[16-Mar-2025 07:03:55 Europe/Berlin] Processing line: Results directory (absolute): C:\xampp\htdocs\coba_website\output\detect_18
[16-Mar-2025 07:03:55 Europe/Berlin] Processing line: Using HSV ranges:
[16-Mar-2025 07:03:55 Europe/Berlin] Processing line: Range 1: H=[155-255], S=[160-240], V=[160-255]
[16-Mar-2025 07:03:55 Europe/Berlin] Processing line: Range 2: H=[0-30], S=[160-240], V=[160-255]
[16-Mar-2025 07:03:55 Europe/Berlin] Processing line: Loading model...
[16-Mar-2025 07:03:55 Europe/Berlin] Processing line: Model loaded successfully
[16-Mar-2025 07:03:55 Europe/Berlin] Processing line: Reading image...
[16-Mar-2025 07:03:55 Europe/Berlin] Processing line: Image read successfully, shape: (5568, 3712, 3)
[16-Mar-2025 07:03:55 Europe/Berlin] Processing line: Running detection...
[16-Mar-2025 07:03:55 Europe/Berlin] Processing line: 
[16-Mar-2025 07:03:55 Europe/Berlin] Processing line: 0: 640x448 44 cotyledon_appears, 16 germinated_seeds, 3 not_germinateds, 249.0ms
[16-Mar-2025 07:03:55 Europe/Berlin] Processing line: Speed: 5.0ms preprocess, 249.0ms inference, 4.0ms postprocess per image at shape (1, 3, 640, 448)
[16-Mar-2025 07:03:55 Europe/Berlin] Processing line: Detection completed successfully
[16-Mar-2025 07:03:55 Europe/Berlin] Processing line: Found 63 objects
[16-Mar-2025 07:03:55 Europe/Berlin] Processing line: Processing detection 1: cotyledon_appear (85.79%)
[16-Mar-2025 07:03:55 Europe/Berlin] Processing line: Successfully saved cropped cotyledon_appear to: C:\xampp\htdocs\coba_website\output\detect_18\cotyledon_appear_1_85pct_1742105025.jpg
[16-Mar-2025 07:03:55 Europe/Berlin] Processing line: Processing detection 2: germinated_seed (85.42%)
[16-Mar-2025 07:03:55 Europe/Berlin] Processing line: Successfully saved cropped germinated_seed to: C:\xampp\htdocs\coba_website\output\detect_18\germinated_seed_2_85pct_1742105025.jpg
[16-Mar-2025 07:03:55 Europe/Berlin] Processing line: Processing detection 3: germinated_seed (84.53%)
[16-Mar-2025 07:03:55 Europe/Berlin] Processing line: Successfully saved cropped germinated_seed to: C:\xampp\htdocs\coba_website\output\detect_18\germinated_seed_3_84pct_1742105025.jpg
[16-Mar-2025 07:03:55 Europe/Berlin] Processing line: Processing detection 4: cotyledon_appear (83.35%)
[16-Mar-2025 07:03:55 Europe/Berlin] Processing line: Successfully saved cropped cotyledon_appear to: C:\xampp\htdocs\coba_website\output\detect_18\cotyledon_appear_4_83pct_1742105025.jpg
[16-Mar-2025 07:03:55 Europe/Berlin] Processing line: Processing detection 5: cotyledon_appear (82.18%)
[16-Mar-2025 07:03:55 Europe/Berlin] Processing line: Successfully saved cropped cotyledon_appear to: C:\xampp\htdocs\coba_website\output\detect_18\cotyledon_appear_5_82pct_1742105025.jpg
[16-Mar-2025 07:03:55 Europe/Berlin] Processing line: Processing detection 6: cotyledon_appear (81.66%)
[16-Mar-2025 07:03:55 Europe/Berlin] Processing line: Successfully saved cropped cotyledon_appear to: C:\xampp\htdocs\coba_website\output\detect_18\cotyledon_appear_6_81pct_1742105025.jpg
[16-Mar-2025 07:03:55 Europe/Berlin] Processing line: Processing detection 7: cotyledon_appear (81.07%)
[16-Mar-2025 07:03:55 Europe/Berlin] Processing line: Successfully saved cropped cotyledon_appear to: C:\xampp\htdocs\coba_website\output\detect_18\cotyledon_appear_7_81pct_1742105025.jpg
[16-Mar-2025 07:03:55 Europe/Berlin] Processing line: Processing detection 8: cotyledon_appear (80.57%)
[16-Mar-2025 07:03:55 Europe/Berlin] Processing line: Successfully saved cropped cotyledon_appear to: C:\xampp\htdocs\coba_website\output\detect_18\cotyledon_appear_8_80pct_1742105025.jpg
[16-Mar-2025 07:03:55 Europe/Berlin] Processing line: Processing detection 9: cotyledon_appear (79.70%)
[16-Mar-2025 07:03:55 Europe/Berlin] Processing line: Successfully saved cropped cotyledon_appear to: C:\xampp\htdocs\coba_website\output\detect_18\cotyledon_appear_9_79pct_1742105025.jpg
[16-Mar-2025 07:03:55 Europe/Berlin] Processing line: Processing detection 10: germinated_seed (78.77%)
[16-Mar-2025 07:03:55 Europe/Berlin] Processing line: Successfully saved cropped germinated_seed to: C:\xampp\htdocs\coba_website\output\detect_18\germinated_seed_10_78pct_1742105025.jpg
[16-Mar-2025 07:03:55 Europe/Berlin] Processing line: Processing detection 11: cotyledon_appear (76.79%)
[16-Mar-2025 07:03:55 Europe/Berlin] Processing line: Successfully saved cropped cotyledon_appear to: C:\xampp\htdocs\coba_website\output\detect_18\cotyledon_appear_11_76pct_1742105025.jpg
[16-Mar-2025 07:03:55 Europe/Berlin] Processing line: Processing detection 12: cotyledon_appear (76.54%)
[16-Mar-2025 07:03:55 Europe/Berlin] Processing line: Successfully saved cropped cotyledon_appear to: C:\xampp\htdocs\coba_website\output\detect_18\cotyledon_appear_12_76pct_1742105025.jpg
[16-Mar-2025 07:03:55 Europe/Berlin] Processing line: Processing detection 13: cotyledon_appear (75.80%)
[16-Mar-2025 07:03:55 Europe/Berlin] Processing line: Successfully saved cropped cotyledon_appear to: C:\xampp\htdocs\coba_website\output\detect_18\cotyledon_appear_13_75pct_1742105025.jpg
[16-Mar-2025 07:03:55 Europe/Berlin] Processing line: Processing detection 14: cotyledon_appear (75.34%)
[16-Mar-2025 07:03:55 Europe/Berlin] Processing line: Successfully saved cropped cotyledon_appear to: C:\xampp\htdocs\coba_website\output\detect_18\cotyledon_appear_14_75pct_1742105025.jpg
[16-Mar-2025 07:03:55 Europe/Berlin] Processing line: Processing detection 15: germinated_seed (75.29%)
[16-Mar-2025 07:03:55 Europe/Berlin] Processing line: Successfully saved cropped germinated_seed to: C:\xampp\htdocs\coba_website\output\detect_18\germinated_seed_15_75pct_1742105025.jpg
[16-Mar-2025 07:03:55 Europe/Berlin] Processing line: Processing detection 16: germinated_seed (75.22%)
[16-Mar-2025 07:03:55 Europe/Berlin] Processing line: Successfully saved cropped germinated_seed to: C:\xampp\htdocs\coba_website\output\detect_18\germinated_seed_16_75pct_1742105025.jpg
[16-Mar-2025 07:03:55 Europe/Berlin] Processing line: Processing detection 17: germinated_seed (75.16%)
[16-Mar-2025 07:03:55 Europe/Berlin] Processing line: Successfully saved cropped germinated_seed to: C:\xampp\htdocs\coba_website\output\detect_18\germinated_seed_17_75pct_1742105025.jpg
[16-Mar-2025 07:03:55 Europe/Berlin] Processing line: Processing detection 18: cotyledon_appear (74.52%)
[16-Mar-2025 07:03:55 Europe/Berlin] Processing line: Successfully saved cropped cotyledon_appear to: C:\xampp\htdocs\coba_website\output\detect_18\cotyledon_appear_18_74pct_1742105025.jpg
[16-Mar-2025 07:03:55 Europe/Berlin] Processing line: Processing detection 19: cotyledon_appear (74.34%)
[16-Mar-2025 07:03:55 Europe/Berlin] Processing line: Successfully saved cropped cotyledon_appear to: C:\xampp\htdocs\coba_website\output\detect_18\cotyledon_appear_19_74pct_1742105025.jpg
[16-Mar-2025 07:03:55 Europe/Berlin] Processing line: Processing detection 20: cotyledon_appear (73.86%)
[16-Mar-2025 07:03:55 Europe/Berlin] Processing line: Successfully saved cropped cotyledon_appear to: C:\xampp\htdocs\coba_website\output\detect_18\cotyledon_appear_20_73pct_1742105025.jpg
[16-Mar-2025 07:03:55 Europe/Berlin] Processing line: Processing detection 21: cotyledon_appear (73.40%)
[16-Mar-2025 07:03:55 Europe/Berlin] Processing line: Successfully saved cropped cotyledon_appear to: C:\xampp\htdocs\coba_website\output\detect_18\cotyledon_appear_21_73pct_1742105025.jpg
[16-Mar-2025 07:03:55 Europe/Berlin] Processing line: Processing detection 22: cotyledon_appear (73.39%)
[16-Mar-2025 07:03:55 Europe/Berlin] Processing line: Successfully saved cropped cotyledon_appear to: C:\xampp\htdocs\coba_website\output\detect_18\cotyledon_appear_22_73pct_1742105025.jpg
[16-Mar-2025 07:03:55 Europe/Berlin] Processing line: Processing detection 23: cotyledon_appear (73.30%)
[16-Mar-2025 07:03:55 Europe/Berlin] Processing line: Successfully saved cropped cotyledon_appear to: C:\xampp\htdocs\coba_website\output\detect_18\cotyledon_appear_23_73pct_1742105025.jpg
[16-Mar-2025 07:03:55 Europe/Berlin] Processing line: Processing detection 24: cotyledon_appear (73.11%)
[16-Mar-2025 07:03:55 Europe/Berlin] Processing line: Successfully saved cropped cotyledon_appear to: C:\xampp\htdocs\coba_website\output\detect_18\cotyledon_appear_24_73pct_1742105025.jpg
[16-Mar-2025 07:03:55 Europe/Berlin] Processing line: Processing detection 25: cotyledon_appear (72.17%)
[16-Mar-2025 07:03:55 Europe/Berlin] Processing line: Successfully saved cropped cotyledon_appear to: C:\xampp\htdocs\coba_website\output\detect_18\cotyledon_appear_25_72pct_1742105025.jpg
[16-Mar-2025 07:03:55 Europe/Berlin] Processing line: Processing detection 26: cotyledon_appear (71.98%)
[16-Mar-2025 07:03:55 Europe/Berlin] Processing line: Successfully saved cropped cotyledon_appear to: C:\xampp\htdocs\coba_website\output\detect_18\cotyledon_appear_26_71pct_1742105025.jpg
[16-Mar-2025 07:03:55 Europe/Berlin] Processing line: Processing detection 27: cotyledon_appear (71.92%)
[16-Mar-2025 07:03:55 Europe/Berlin] Processing line: Successfully saved cropped cotyledon_appear to: C:\xampp\htdocs\coba_website\output\detect_18\cotyledon_appear_27_71pct_1742105025.jpg
[16-Mar-2025 07:03:55 Europe/Berlin] Processing line: Processing detection 28: cotyledon_appear (71.53%)
[16-Mar-2025 07:03:55 Europe/Berlin] Processing line: Successfully saved cropped cotyledon_appear to: C:\xampp\htdocs\coba_website\output\detect_18\cotyledon_appear_28_71pct_1742105025.jpg
[16-Mar-2025 07:03:55 Europe/Berlin] Processing line: Processing detection 29: cotyledon_appear (71.43%)
[16-Mar-2025 07:03:55 Europe/Berlin] Processing line: Successfully saved cropped cotyledon_appear to: C:\xampp\htdocs\coba_website\output\detect_18\cotyledon_appear_29_71pct_1742105025.jpg
[16-Mar-2025 07:03:55 Europe/Berlin] Processing line: Processing detection 30: cotyledon_appear (70.81%)
[16-Mar-2025 07:03:55 Europe/Berlin] Processing line: Successfully saved cropped cotyledon_appear to: C:\xampp\htdocs\coba_website\output\detect_18\cotyledon_appear_30_70pct_1742105025.jpg
[16-Mar-2025 07:03:55 Europe/Berlin] Processing line: Processing detection 31: cotyledon_appear (69.95%)
[16-Mar-2025 07:03:55 Europe/Berlin] Processing line: Successfully saved cropped cotyledon_appear to: C:\xampp\htdocs\coba_website\output\detect_18\cotyledon_appear_31_69pct_1742105025.jpg
[16-Mar-2025 07:03:55 Europe/Berlin] Processing line: Processing detection 32: cotyledon_appear (68.91%)
[16-Mar-2025 07:03:55 Europe/Berlin] Processing line: Successfully saved cropped cotyledon_appear to: C:\xampp\htdocs\coba_website\output\detect_18\cotyledon_appear_32_68pct_1742105025.jpg
[16-Mar-2025 07:03:55 Europe/Berlin] Processing line: Processing detection 33: cotyledon_appear (67.75%)
[16-Mar-2025 07:03:55 Europe/Berlin] Processing line: Successfully saved cropped cotyledon_appear to: C:\xampp\htdocs\coba_website\output\detect_18\cotyledon_appear_33_67pct_1742105025.jpg
[16-Mar-2025 07:03:55 Europe/Berlin] Processing line: Processing detection 34: not_germinated (67.68%)
[16-Mar-2025 07:03:55 Europe/Berlin] Processing line: Successfully saved cropped not_germinated to: C:\xampp\htdocs\coba_website\output\detect_18\not_germinated_34_67pct_1742105025.jpg
[16-Mar-2025 07:03:55 Europe/Berlin] Processing line: Processing detection 35: germinated_seed (65.64%)
[16-Mar-2025 07:03:55 Europe/Berlin] Processing line: Successfully saved cropped germinated_seed to: C:\xampp\htdocs\coba_website\output\detect_18\germinated_seed_35_65pct_1742105025.jpg
[16-Mar-2025 07:03:55 Europe/Berlin] Processing line: Processing detection 36: cotyledon_appear (65.57%)
[16-Mar-2025 07:03:55 Europe/Berlin] Processing line: Successfully saved cropped cotyledon_appear to: C:\xampp\htdocs\coba_website\output\detect_18\cotyledon_appear_36_65pct_1742105025.jpg
[16-Mar-2025 07:03:55 Europe/Berlin] Processing line: Processing detection 37: cotyledon_appear (65.33%)
[16-Mar-2025 07:03:55 Europe/Berlin] Processing line: Successfully saved cropped cotyledon_appear to: C:\xampp\htdocs\coba_website\output\detect_18\cotyledon_appear_37_65pct_1742105025.jpg
[16-Mar-2025 07:03:55 Europe/Berlin] Processing line: Processing detection 38: cotyledon_appear (64.53%)
[16-Mar-2025 07:03:55 Europe/Berlin] Processing line: Successfully saved cropped cotyledon_appear to: C:\xampp\htdocs\coba_website\output\detect_18\cotyledon_appear_38_64pct_1742105025.jpg
[16-Mar-2025 07:03:55 Europe/Berlin] Processing line: Processing detection 39: cotyledon_appear (64.52%)
[16-Mar-2025 07:03:55 Europe/Berlin] Processing line: Successfully saved cropped cotyledon_appear to: C:\xampp\htdocs\coba_website\output\detect_18\cotyledon_appear_39_64pct_1742105025.jpg
[16-Mar-2025 07:03:55 Europe/Berlin] Processing line: Processing detection 40: cotyledon_appear (63.11%)
[16-Mar-2025 07:03:55 Europe/Berlin] Processing line: Successfully saved cropped cotyledon_appear to: C:\xampp\htdocs\coba_website\output\detect_18\cotyledon_appear_40_63pct_1742105025.jpg
[16-Mar-2025 07:03:55 Europe/Berlin] Processing line: Processing detection 41: cotyledon_appear (62.54%)
[16-Mar-2025 07:03:55 Europe/Berlin] Processing line: Successfully saved cropped cotyledon_appear to: C:\xampp\htdocs\coba_website\output\detect_18\cotyledon_appear_41_62pct_1742105025.jpg
[16-Mar-2025 07:03:55 Europe/Berlin] Processing line: Processing detection 42: cotyledon_appear (62.18%)
[16-Mar-2025 07:03:55 Europe/Berlin] Processing line: Successfully saved cropped cotyledon_appear to: C:\xampp\htdocs\coba_website\output\detect_18\cotyledon_appear_42_62pct_1742105025.jpg
[16-Mar-2025 07:03:55 Europe/Berlin] Processing line: Processing detection 43: germinated_seed (61.91%)
[16-Mar-2025 07:03:55 Europe/Berlin] Processing line: Successfully saved cropped germinated_seed to: C:\xampp\htdocs\coba_website\output\detect_18\germinated_seed_43_61pct_1742105025.jpg
[16-Mar-2025 07:03:55 Europe/Berlin] Processing line: Processing detection 44: germinated_seed (60.67%)
[16-Mar-2025 07:03:55 Europe/Berlin] Processing line: Successfully saved cropped germinated_seed to: C:\xampp\htdocs\coba_website\output\detect_18\germinated_seed_44_60pct_1742105025.jpg
[16-Mar-2025 07:03:55 Europe/Berlin] Processing line: Processing detection 45: cotyledon_appear (60.54%)
[16-Mar-2025 07:03:55 Europe/Berlin] Processing line: Successfully saved cropped cotyledon_appear to: C:\xampp\htdocs\coba_website\output\detect_18\cotyledon_appear_45_60pct_1742105025.jpg
[16-Mar-2025 07:03:55 Europe/Berlin] Processing line: Processing detection 46: germinated_seed (59.54%)
[16-Mar-2025 07:03:55 Europe/Berlin] Processing line: Successfully saved cropped germinated_seed to: C:\xampp\htdocs\coba_website\output\detect_18\germinated_seed_46_59pct_1742105025.jpg
[16-Mar-2025 07:03:55 Europe/Berlin] Processing line: Processing detection 47: cotyledon_appear (58.41%)
[16-Mar-2025 07:03:55 Europe/Berlin] Processing line: Successfully saved cropped cotyledon_appear to: C:\xampp\htdocs\coba_website\output\detect_18\cotyledon_appear_47_58pct_1742105025.jpg
[16-Mar-2025 07:03:55 Europe/Berlin] Processing line: Processing detection 48: germinated_seed (58.40%)
[16-Mar-2025 07:03:55 Europe/Berlin] Processing line: Successfully saved cropped germinated_seed to: C:\xampp\htdocs\coba_website\output\detect_18\germinated_seed_48_58pct_1742105025.jpg
[16-Mar-2025 07:03:55 Europe/Berlin] Processing line: Processing detection 49: cotyledon_appear (56.62%)
[16-Mar-2025 07:03:55 Europe/Berlin] Processing line: Successfully saved cropped cotyledon_appear to: C:\xampp\htdocs\coba_website\output\detect_18\cotyledon_appear_49_56pct_1742105025.jpg
[16-Mar-2025 07:03:55 Europe/Berlin] Processing line: Processing detection 50: cotyledon_appear (56.25%)
[16-Mar-2025 07:03:55 Europe/Berlin] Processing line: Successfully saved cropped cotyledon_appear to: C:\xampp\htdocs\coba_website\output\detect_18\cotyledon_appear_50_56pct_1742105025.jpg
[16-Mar-2025 07:03:55 Europe/Berlin] Processing line: Processing detection 51: cotyledon_appear (55.23%)
[16-Mar-2025 07:03:55 Europe/Berlin] Processing line: Successfully saved cropped cotyledon_appear to: C:\xampp\htdocs\coba_website\output\detect_18\cotyledon_appear_51_55pct_1742105025.jpg
[16-Mar-2025 07:03:55 Europe/Berlin] Processing line: Processing detection 52: cotyledon_appear (55.09%)
[16-Mar-2025 07:03:55 Europe/Berlin] Processing line: Successfully saved cropped cotyledon_appear to: C:\xampp\htdocs\coba_website\output\detect_18\cotyledon_appear_52_55pct_1742105025.jpg
[16-Mar-2025 07:03:55 Europe/Berlin] Processing line: Processing detection 53: germinated_seed (54.01%)
[16-Mar-2025 07:03:55 Europe/Berlin] Processing line: Successfully saved cropped germinated_seed to: C:\xampp\htdocs\coba_website\output\detect_18\germinated_seed_53_54pct_1742105025.jpg
[16-Mar-2025 07:03:55 Europe/Berlin] Processing line: Processing detection 54: cotyledon_appear (52.91%)
[16-Mar-2025 07:03:55 Europe/Berlin] Processing line: Successfully saved cropped cotyledon_appear to: C:\xampp\htdocs\coba_website\output\detect_18\cotyledon_appear_54_52pct_1742105025.jpg
[16-Mar-2025 07:03:55 Europe/Berlin] Processing line: Processing detection 55: cotyledon_appear (50.60%)
[16-Mar-2025 07:03:55 Europe/Berlin] Processing line: Successfully saved cropped cotyledon_appear to: C:\xampp\htdocs\coba_website\output\detect_18\cotyledon_appear_55_50pct_1742105025.jpg
[16-Mar-2025 07:03:55 Europe/Berlin] Processing line: Processing detection 56: not_germinated (47.96%)
[16-Mar-2025 07:03:55 Europe/Berlin] Processing line: Successfully saved cropped not_germinated to: C:\xampp\htdocs\coba_website\output\detect_18\not_germinated_56_47pct_1742105025.jpg
[16-Mar-2025 07:03:55 Europe/Berlin] Processing line: Processing detection 57: cotyledon_appear (46.67%)
[16-Mar-2025 07:03:55 Europe/Berlin] Processing line: Successfully saved cropped cotyledon_appear to: C:\xampp\htdocs\coba_website\output\detect_18\cotyledon_appear_57_46pct_1742105025.jpg
[16-Mar-2025 07:03:55 Europe/Berlin] Processing line: Processing detection 58: cotyledon_appear (45.02%)
[16-Mar-2025 07:03:55 Europe/Berlin] Processing line: Successfully saved cropped cotyledon_appear to: C:\xampp\htdocs\coba_website\output\detect_18\cotyledon_appear_58_45pct_1742105025.jpg
[16-Mar-2025 07:03:55 Europe/Berlin] Processing line: Processing detection 59: germinated_seed (39.31%)
[16-Mar-2025 07:03:55 Europe/Berlin] Processing line: Successfully saved cropped germinated_seed to: C:\xampp\htdocs\coba_website\output\detect_18\germinated_seed_59_39pct_1742105025.jpg
[16-Mar-2025 07:03:55 Europe/Berlin] Processing line: Processing detection 60: germinated_seed (39.17%)
[16-Mar-2025 07:03:55 Europe/Berlin] Processing line: Successfully saved cropped germinated_seed to: C:\xampp\htdocs\coba_website\output\detect_18\germinated_seed_60_39pct_1742105025.jpg
[16-Mar-2025 07:03:55 Europe/Berlin] Processing line: Processing detection 61: not_germinated (36.50%)
[16-Mar-2025 07:03:55 Europe/Berlin] Processing line: Successfully saved cropped not_germinated to: C:\xampp\htdocs\coba_website\output\detect_18\not_germinated_61_36pct_1742105025.jpg
[16-Mar-2025 07:03:55 Europe/Berlin] Processing line: Processing detection 62: germinated_seed (27.03%)
[16-Mar-2025 07:03:55 Europe/Berlin] Processing line: Successfully saved cropped germinated_seed to: C:\xampp\htdocs\coba_website\output\detect_18\germinated_seed_62_27pct_1742105025.jpg
[16-Mar-2025 07:03:55 Europe/Berlin] Processing line: Processing detection 63: germinated_seed (25.30%)
[16-Mar-2025 07:03:55 Europe/Berlin] Processing line: Successfully saved cropped germinated_seed to: C:\xampp\htdocs\coba_website\output\detect_18\germinated_seed_63_25pct_1742105025.jpg
[16-Mar-2025 07:03:55 Europe/Berlin] Processing line: Saved detection results to: C:\xampp\htdocs\coba_website\output\detect_18\1742105025_detections.json
[16-Mar-2025 07:03:55 Europe/Berlin] Processing line: Successfully saved result visualization to: C:\xampp\htdocs\coba_website\output\detect_18\1742105025_result.jpg
[16-Mar-2025 07:03:55 Europe/Berlin] Processing line: DETECTION_RESULTS_START
[16-Mar-2025 07:03:55 Europe/Berlin] Processing line: {"image_size": {"width": 3712, "height": 5568}, "detections": [{"class": "cotyledon_appear", "confidence": 85.79, "bbox": {"x1": 1368, "y1": 1496, "x2": 1862, "y2": 1859, "width": 494, "height": 363}, "cropped_image": "cotyledon_appear_1_85pct_1742105025.jpg", "processed_image": null, "mask_image": null, "color_analysis": null}, {"class": "germinated_seed", "confidence": 85.42, "bbox": {"x1": 1393, "y1": 2075, "x2": 1739, "y2": 2423, "width": 346, "height": 348}, "cropped_image": "germinated_seed_2_85pct_1742105025.jpg", "processed_image": null, "mask_image": null, "color_analysis": null}, {"class": "germinated_seed", "confidence": 84.53, "bbox": {"x1": 2483, "y1": 3098, "x2": 2841, "y2": 3452, "width": 358, "height": 354}, "cropped_image": "germinated_seed_3_84pct_1742105025.jpg", "processed_image": null, "mask_image": null, "color_analysis": null}, {"class": "cotyledon_appear", "confidence": 83.35, "bbox": {"x1": 732, "y1": 920, "x2": 1224, "y2": 1326, "width": 492, "height": 406}, "cropped_image": "cotyledon_appear_4_83pct_1742105025.jpg", "processed_image": null, "mask_image": null, "color_analysis": null}, {"class": "cotyledon_appear", "confidence": 82.18, "bbox": {"x1": 1328, "y1": 2554, "x2": 1821, "y2": 2935, "width": 493, "height": 381}, "cropped_image": "cotyledon_appear_5_82pct_1742105025.jpg", "processed_image": null, "mask_image": null, "color_analysis": null}, {"class": "cotyledon_appear", "confidence": 81.66, "bbox": {"x1": 2550, "y1": 2574, "x2": 3008, "y2": 2911, "width": 458, "height": 337}, "cropped_image": "cotyledon_appear_6_81pct_1742105025.jpg", "processed_image": null, "mask_image": null, "color_analysis": null}, {"class": "cotyledon_appear", "confidence": 81.07, "bbox": {"x1": 1327, "y1": 415, "x2": 1739, "y2": 794, "width": 412, "height": 379}, "cropped_image": "cotyledon_appear_7_81pct_1742105025.jpg", "processed_image": null, "mask_image": null, "color_analysis": null}, {"class": "cotyledon_appear", "confidence": 80.57, "bbox": {"x1": 745, "y1": 2502, "x2": 1239, "y2": 2958, "width": 494, "height": 456}, "cropped_image": "cotyledon_appear_8_80pct_1742105025.jpg", "processed_image": null, "mask_image": null, "color_analysis": null}, {"class": "cotyledon_appear", "confidence": 79.7, "bbox": {"x1": 1366, "y1": 4893, "x2": 1852, "y2": 5306, "width": 486, "height": 413}, "cropped_image": "cotyledon_appear_9_79pct_1742105025.jpg", "processed_image": null, "mask_image": null, "color_analysis": null}, {"class": "germinated_seed", "confidence": 78.77, "bbox": {"x1": 1983, "y1": 4310, "x2": 2330, "y2": 4665, "width": 347, "height": 355}, "cropped_image": "germinated_seed_10_78pct_1742105025.jpg", "processed_image": null, "mask_image": null, "color_analysis": null}, {"class": "cotyledon_appear", "confidence": 76.79, "bbox": {"x1": 195, "y1": 3667, "x2": 587, "y2": 4126, "width": 392, "height": 459}, "cropped_image": "cotyledon_appear_11_76pct_1742105025.jpg", "processed_image": null, "mask_image": null, "color_analysis": null}, {"class": "cotyledon_appear", "confidence": 76.54, "bbox": {"x1": 1331, "y1": 3730, "x2": 1745, "y2": 4178, "width": 414, "height": 448}, "cropped_image": "cotyledon_appear_12_76pct_1742105025.jpg", "processed_image": null, "mask_image": null, "color_analysis": null}, {"class": "cotyledon_appear", "confidence": 75.8, "bbox": {"x1": 1428, "y1": 3056, "x2": 1813, "y2": 3581, "width": 385, "height": 525}, "cropped_image": "cotyledon_appear_13_75pct_1742105025.jpg", "processed_image": null, "mask_image": null, "color_analysis": null}, {"class": "cotyledon_appear", "confidence": 75.34, "bbox": {"x1": 2496, "y1": 3639, "x2": 2870, "y2": 4104, "width": 374, "height": 465}, "cropped_image": "cotyledon_appear_14_75pct_1742105025.jpg", "processed_image": null, "mask_image": null, "color_analysis": null}, {"class": "germinated_seed", "confidence": 75.29, "bbox": {"x1": 290, "y1": 1464, "x2": 642, "y2": 1807, "width": 352, "height": 343}, "cropped_image": "germinated_seed_15_75pct_1742105025.jpg", "processed_image": null, "mask_image": null, "color_analysis": null}, {"class": "germinated_seed", "confidence": 75.22, "bbox": {"x1": 208, "y1": 3159, "x2": 614, "y2": 3509, "width": 406, "height": 350}, "cropped_image": "germinated_seed_16_75pct_1742105025.jpg", "processed_image": null, "mask_image": null, "color_analysis": null}, {"class": "germinated_seed", "confidence": 75.16, "bbox": {"x1": 1932, "y1": 461, "x2": 2239, "y2": 840, "width": 307, "height": 379}, "cropped_image": "germinated_seed_17_75pct_1742105025.jpg", "processed_image": null, "mask_image": null, "color_analysis": null}, {"class": "cotyledon_appear", "confidence": 74.52, "bbox": {"x1": 330, "y1": 0, "x2": 680, "y2": 320, "width": 350, "height": 320}, "cropped_image": "cotyledon_appear_18_74pct_1742105025.jpg", "processed_image": null, "mask_image": null, "color_analysis": null}, {"class": "cotyledon_appear", "confidence": 74.34, "bbox": {"x1": 1383, "y1": 4306, "x2": 1755, "y2": 4692, "width": 372, "height": 386}, "cropped_image": "cotyledon_appear_19_74pct_1742105025.jpg", "processed_image": null, "mask_image": null, "color_analysis": null}, {"class": "cotyledon_appear", "confidence": 73.86, "bbox": {"x1": 3077, "y1": 2536, "x2": 3394, "y2": 2856, "width": 317, "height": 320}, "cropped_image": "cotyledon_appear_20_73pct_1742105025.jpg", "processed_image": null, "mask_image": null, "color_analysis": null}, {"class": "cotyledon_appear", "confidence": 73.4, "bbox": {"x1": 3171, "y1": 3679, "x2": 3622, "y2": 4212, "width": 451, "height": 533}, "cropped_image": "cotyledon_appear_21_73pct_1742105025.jpg", "processed_image": null, "mask_image": null, "color_analysis": null}, {"class": "cotyledon_appear", "confidence": 73.39, "bbox": {"x1": 3075, "y1": 3012, "x2": 3515, "y2": 3536, "width": 440, "height": 524}, "cropped_image": "cotyledon_appear_22_73pct_1742105025.jpg", "processed_image": null, "mask_image": null, "color_analysis": null}, {"class": "cotyledon_appear", "confidence": 73.3, "bbox": {"x1": 3050, "y1": 1365, "x2": 3534, "y2": 1826, "width": 484, "height": 461}, "cropped_image": "cotyledon_appear_23_73pct_1742105025.jpg", "processed_image": null, "mask_image": null, "color_analysis": null}, {"class": "cotyledon_appear", "confidence": 73.11, "bbox": {"x1": 1930, "y1": 1422, "x2": 2353, "y2": 1922, "width": 423, "height": 500}, "cropped_image": "cotyledon_appear_24_73pct_1742105025.jpg", "processed_image": null, "mask_image": null, "color_analysis": null}, {"class": "cotyledon_appear", "confidence": 72.17, "bbox": {"x1": 1978, "y1": 4805, "x2": 2395, "y2": 5288, "width": 417, "height": 483}, "cropped_image": "cotyledon_appear_25_72pct_1742105025.jpg", "processed_image": null, "mask_image": null, "color_analysis": null}, {"class": "cotyledon_appear", "confidence": 71.98, "bbox": {"x1": 3097, "y1": 2029, "x2": 3557, "y2": 2357, "width": 460, "height": 328}, "cropped_image": "cotyledon_appear_26_71pct_1742105025.jpg", "processed_image": null, "mask_image": null, "color_analysis": null}, {"class": "cotyledon_appear", "confidence": 71.92, "bbox": {"x1": 232, "y1": 2528, "x2": 644, "y2": 2908, "width": 412, "height": 380}, "cropped_image": "cotyledon_appear_27_71pct_1742105025.jpg", "processed_image": null, "mask_image": null, "color_analysis": null}, {"class": "cotyledon_appear", "confidence": 71.53, "bbox": {"x1": 2578, "y1": 4818, "x2": 2954, "y2": 5317, "width": 376, "height": 499}, "cropped_image": "cotyledon_appear_28_71pct_1742105025.jpg", "processed_image": null, "mask_image": null, "color_analysis": null}, {"class": "cotyledon_appear", "confidence": 71.43, "bbox": {"x1": 2513, "y1": 2032, "x2": 3029, "y2": 2386, "width": 516, "height": 354}, "cropped_image": "cotyledon_appear_29_71pct_1742105025.jpg", "processed_image": null, "mask_image": null, "color_analysis": null}, {"class": "cotyledon_appear", "confidence": 70.81, "bbox": {"x1": 823, "y1": 261, "x2": 1216, "y2": 789, "width": 393, "height": 528}, "cropped_image": "cotyledon_appear_30_70pct_1742105025.jpg", "processed_image": null, "mask_image": null, "color_analysis": null}, {"class": "cotyledon_appear", "confidence": 69.95, "bbox": {"x1": 3163, "y1": 4243, "x2": 3655, "y2": 4771, "width": 492, "height": 528}, "cropped_image": "cotyledon_appear_31_69pct_1742105025.jpg", "processed_image": null, "mask_image": null, "color_analysis": null}, {"class": "cotyledon_appear", "confidence": 68.91, "bbox": {"x1": 923, "y1": 0, "x2": 1220, "y2": 283, "width": 297, "height": 283}, "cropped_image": "cotyledon_appear_32_68pct_1742105025.jpg", "processed_image": null, "mask_image": null, "color_analysis": null}, {"class": "cotyledon_appear", "confidence": 67.75, "bbox": {"x1": 3188, "y1": 4872, "x2": 3570, "y2": 5474, "width": 382, "height": 602}, "cropped_image": "cotyledon_appear_33_67pct_1742105025.jpg", "processed_image": null, "mask_image": null, "color_analysis": null}, {"class": "not_germinated", "confidence": 67.68, "bbox": {"x1": 270, "y1": 967, "x2": 647, "y2": 1292, "width": 377, "height": 325}, "cropped_image": "not_germinated_34_67pct_1742105025.jpg", "processed_image": null, "mask_image": null, "color_analysis": null}, {"class": "germinated_seed", "confidence": 65.64, "bbox": {"x1": 2985, "y1": 941, "x2": 3314, "y2": 1299, "width": 329, "height": 358}, "cropped_image": "germinated_seed_35_65pct_1742105025.jpg", "processed_image": null, "mask_image": null, "color_analysis": null}, {"class": "cotyledon_appear", "confidence": 65.57, "bbox": {"x1": 886, "y1": 3687, "x2": 1234, "y2": 4112, "width": 348, "height": 425}, "cropped_image": "cotyledon_appear_36_65pct_1742105025.jpg", "processed_image": null, "mask_image": null, "color_analysis": null}, {"class": "cotyledon_appear", "confidence": 65.33, "bbox": {"x1": 299, "y1": 4252, "x2": 651, "y2": 4701, "width": 352, "height": 449}, "cropped_image": "cotyledon_appear_37_65pct_1742105025.jpg", "processed_image": null, "mask_image": null, "color_analysis": null}, {"class": "cotyledon_appear", "confidence": 64.53, "bbox": {"x1": 311, "y1": 1936, "x2": 660, "y2": 2379, "width": 349, "height": 443}, "cropped_image": "cotyledon_appear_38_64pct_1742105025.jpg", "processed_image": null, "mask_image": null, "color_analysis": null}, {"class": "cotyledon_appear", "confidence": 64.52, "bbox": {"x1": 888, "y1": 2047, "x2": 1236, "y2": 2398, "width": 348, "height": 351}, "cropped_image": "cotyledon_appear_39_64pct_1742105025.jpg", "processed_image": null, "mask_image": null, "color_analysis": null}, {"class": "cotyledon_appear", "confidence": 63.11, "bbox": {"x1": 2541, "y1": 4307, "x2": 2929, "y2": 4763, "width": 388, "height": 456}, "cropped_image": "cotyledon_appear_40_63pct_1742105025.jpg", "processed_image": null, "mask_image": null, "color_analysis": null}, {"class": "cotyledon_appear", "confidence": 62.54, "bbox": {"x1": 1964, "y1": 3117, "x2": 2422, "y2": 3436, "width": 458, "height": 319}, "cropped_image": "cotyledon_appear_41_62pct_1742105025.jpg", "processed_image": null, "mask_image": null, "color_analysis": null}, {"class": "cotyledon_appear", "confidence": 62.18, "bbox": {"x1": 825, "y1": 4946, "x2": 1186, "y2": 5497, "width": 361, "height": 551}, "cropped_image": "cotyledon_appear_42_62pct_1742105025.jpg", "processed_image": null, "mask_image": null, "color_analysis": null}, {"class": "germinated_seed", "confidence": 61.91, "bbox": {"x1": 1444, "y1": 89, "x2": 1734, "y2": 363, "width": 290, "height": 274}, "cropped_image": "germinated_seed_43_61pct_1742105025.jpg", "processed_image": null, "mask_image": null, "color_analysis": null}, {"class": "germinated_seed", "confidence": 60.67, "bbox": {"x1": 1959, "y1": 2084, "x2": 2286, "y2": 2402, "width": 327, "height": 318}, "cropped_image": "germinated_seed_44_60pct_1742105025.jpg", "processed_image": null, "mask_image": null, "color_analysis": null}, {"class": "cotyledon_appear", "confidence": 60.54, "bbox": {"x1": 1398, "y1": 780, "x2": 1776, "y2": 1336, "width": 378, "height": 556}, "cropped_image": "cotyledon_appear_45_60pct_1742105025.jpg", "processed_image": null, "mask_image": null, "color_analysis": null}, {"class": "germinated_seed", "confidence": 59.54, "bbox": {"x1": 814, "y1": 1431, "x2": 1171, "y2": 1813, "width": 357, "height": 382}, "cropped_image": "germinated_seed_46_59pct_1742105025.jpg", "processed_image": null, "mask_image": null, "color_analysis": null}, {"class": "cotyledon_appear", "confidence": 58.41, "bbox": {"x1": 1928, "y1": 0, "x2": 2308, "y2": 366, "width": 380, "height": 366}, "cropped_image": "cotyledon_appear_47_58pct_1742105025.jpg", "processed_image": null, "mask_image": null, "color_analysis": null}, {"class": "germinated_seed", "confidence": 58.4, "bbox": {"x1": 785, "y1": 3179, "x2": 1156, "y2": 3526, "width": 371, "height": 347}, "cropped_image": "germinated_seed_48_58pct_1742105025.jpg", "processed_image": null, "mask_image": null, "color_analysis": null}, {"class": "cotyledon_appear", "confidence": 56.62, "bbox": {"x1": 3059, "y1": 185, "x2": 3454, "y2": 760, "width": 395, "height": 575}, "cropped_image": "cotyledon_appear_49_56pct_1742105025.jpg", "processed_image": null, "mask_image": null, "color_analysis": null}, {"class": "cotyledon_appear", "confidence": 56.25, "bbox": {"x1": 2520, "y1": 895, "x2": 2825, "y2": 1364, "width": 305, "height": 469}, "cropped_image": "cotyledon_appear_50_56pct_1742105025.jpg", "processed_image": null, "mask_image": null, "color_analysis": null}, {"class": "cotyledon_appear", "confidence": 55.23, "bbox": {"x1": 1986, "y1": 972, "x2": 2369, "y2": 1340, "width": 383, "height": 368}, "cropped_image": "cotyledon_appear_51_55pct_1742105025.jpg", "processed_image": null, "mask_image": null, "color_analysis": null}, {"class": "cotyledon_appear", "confidence": 55.09, "bbox": {"x1": 1993, "y1": 3723, "x2": 2320, "y2": 4106, "width": 327, "height": 383}, "cropped_image": "cotyledon_appear_52_55pct_1742105025.jpg", "processed_image": null, "mask_image": null, "color_analysis": null}, {"class": "germinated_seed", "confidence": 54.01, "bbox": {"x1": 397, "y1": 437, "x2": 700, "y2": 788, "width": 303, "height": 351}, "cropped_image": "germinated_seed_53_54pct_1742105025.jpg", "processed_image": null, "mask_image": null, "color_analysis": null}, {"class": "cotyledon_appear", "confidence": 52.91, "bbox": {"x1": 1943, "y1": 2520, "x2": 2310, "y2": 2997, "width": 367, "height": 477}, "cropped_image": "cotyledon_appear_54_52pct_1742105025.jpg", "processed_image": null, "mask_image": null, "color_analysis": null}, {"class": "cotyledon_appear", "confidence": 50.6, "bbox": {"x1": 187, "y1": 4879, "x2": 606, "y2": 5419, "width": 419, "height": 540}, "cropped_image": "cotyledon_appear_55_50pct_1742105025.jpg", "processed_image": null, "mask_image": null, "color_analysis": null}, {"class": "not_germinated", "confidence": 47.96, "bbox": {"x1": 796, "y1": 4327, "x2": 1145, "y2": 4685, "width": 349, "height": 358}, "cropped_image": "not_germinated_56_47pct_1742105025.jpg", "processed_image": null, "mask_image": null, "color_analysis": null}, {"class": "cotyledon_appear", "confidence": 46.67, "bbox": {"x1": 2441, "y1": 1509, "x2": 2897, "y2": 1842, "width": 456, "height": 333}, "cropped_image": "cotyledon_appear_57_46pct_1742105025.jpg", "processed_image": null, "mask_image": null, "color_analysis": null}, {"class": "cotyledon_appear", "confidence": 45.02, "bbox": {"x1": 2460, "y1": 294, "x2": 2789, "y2": 843, "width": 329, "height": 549}, "cropped_image": "cotyledon_appear_58_45pct_1742105025.jpg", "processed_image": null, "mask_image": null, "color_analysis": null}, {"class": "germinated_seed", "confidence": 39.31, "bbox": {"x1": 1982, "y1": 972, "x2": 2359, "y2": 1334, "width": 377, "height": 362}, "cropped_image": "germinated_seed_59_39pct_1742105025.jpg", "processed_image": null, "mask_image": null, "color_analysis": null}, {"class": "germinated_seed", "confidence": 39.17, "bbox": {"x1": 794, "y1": 4327, "x2": 1147, "y2": 4674, "width": 353, "height": 347}, "cropped_image": "germinated_seed_60_39pct_1742105025.jpg", "processed_image": null, "mask_image": null, "color_analysis": null}, {"class": "not_germinated", "confidence": 36.5, "bbox": {"x1": 784, "y1": 3181, "x2": 1159, "y2": 3525, "width": 375, "height": 344}, "cropped_image": "not_germinated_61_36pct_1742105025.jpg", "processed_image": null, "mask_image": null, "color_analysis": null}, {"class": "germinated_seed", "confidence": 27.03, "bbox": {"x1": 1916, "y1": 0, "x2": 2311, "y2": 364, "width": 395, "height": 364}, "cropped_image": "germinated_seed_62_27pct_1742105025.jpg", "processed_image": null, "mask_image": null, "color_analysis": null}, {"class": "germinated_seed", "confidence": 25.3, "bbox": {"x1": 188, "y1": 4879, "x2": 632, "y2": 5425, "width": 444, "height": 546}, "cropped_image": "germinated_seed_63_25pct_1742105025.jpg", "processed_image": null, "mask_image": null, "color_analysis": null}]}
[16-Mar-2025 07:03:55 Europe/Berlin] Processing line: DETECTION_RESULTS_END
[16-Mar-2025 07:03:55 Europe/Berlin] Parsing JSON data: {"image_size": {"width": 3712, "height": 5568}, "detections": [{"class": "cotyledon_appear", "confidence": 85.79, "bbox": {"x1": 1368, "y1": 1496, "x2": 1862, "y2": 1859, "width": 494, "height": 363}, "cropped_image": "cotyledon_appear_1_85pct_1742105025.jpg", "processed_image": null, "mask_image": null, "color_analysis": null}, {"class": "germinated_seed", "confidence": 85.42, "bbox": {"x1": 1393, "y1": 2075, "x2": 1739, "y2": 2423, "width": 346, "height": 348}, "cropped_image": "germinated_seed_2_85pct_1742105025.jpg", "processed_image": null, "mask_image": null, "color_analysis": null}, {"class": "germinated_seed", "confidence": 84.53, "bbox": {"x1": 2483, "y1": 3098, "x2": 2841, "y2": 3452, "width": 358, "height": 354}, "cropped_image": "germinated_seed_3_84pct_1742105025.jpg", "processed_image": null, "mask_image": null, "color_analysis": null}, {"class": "cotyledon_appear", "confidence": 83.35, "bbox": {"x1": 732, "y1": 920, "x2": 1224, "y2": 1326, "width": 492, "height": 406}, "cropped_image": "cotyledon_appear_4_83pct_1742105025.jpg", "processed_image": null, "mask_image": null, "color_analysis": null}, {"class": "cotyledon_appear", "confidence": 82.18, "bbox": {"x1": 1328, "y1": 2554, "x2": 1821, "y2": 2935, "width": 493, "height": 381}, "cropped_image": "cotyledon_appear_5_82pct_1742105025.jpg", "processed_image": null, "mask_image": null, "color_analysis": null}, {"class": "cotyledon_appear", "confidence": 81.66, "bbox": {"x1": 2550, "y1": 2574, "x2": 3008, "y2": 2911, "width": 458, "height": 337}, "cropped_image": "cotyledon_appear_6_81pct_1742105025.jpg", "processed_image": null, "mask_image": null, "color_analysis": null}, {"class": "cotyledon_appear", "confidence": 81.07, "bbox": {"x1": 1327, "y1": 415, "x2": 1739, "y2": 794, "width": 412, "height": 379}, "cropped_image": "cotyledon_appear_7_81pct_1742105025.jpg", "processed_image": null, "mask_image": null, "color_analysis": null}, {"class": "cotyledon_appear", "confidence": 80.57, "bbox": {"x1": 745, "y1": 2502, "x2": 1239, "y2": 2958, "width": 494, "height": 456}, "cropped_image": "cotyledon_appear_8_80pct_1742105025.jpg", "processed_image": null, "mask_image": null, "color_analysis": null}, {"class": "cotyledon_appear", "confidence": 79.7, "bbox": {"x1": 1366, "y1": 4893, "x2": 1852, "y2": 5306, "width": 486, "height": 413}, "cropped_image": "cotyledon_appear_9_79pct_1742105025.jpg", "processed_image": null, "mask_image": null, "color_analysis": null}, {"class": "germinated_seed", "confidence": 78.77, "bbox": {"x1": 1983, "y1": 4310, "x2": 2330, "y2": 4665, "width": 347, "height": 355}, "cropped_image": "germinated_seed_10_78pct_1742105025.jpg", "processed_image": null, "mask_image": null, "color_analysis": null}, {"class": "cotyledon_appear", "confidence": 76.79, "bbox": {"x1": 195, "y1": 3667, "x2": 587, "y2": 4126, "width": 392, "height": 459}, "cropped_image": "cotyledon_appear_11_76pct_1742105025.jpg", "processed_image": null, "mask_image": null, "color_analysis": null}, {"class": "cotyledon_appear", "confidence": 76.54, "bbox": {"x1": 1331, "y1": 3730, "x2": 1745, "y2": 4178, "width": 414, "height": 448}, "cropped_image": "cotyledon_appear_12_76pct_1742105025.jpg", "processed_image": null, "mask_image": null, "color_analysis": null}, {"class": "cotyledon_appear", "confidence": 75.8, "bbox": {"x1": 1428, "y1": 3056, "x2": 1813, "y2": 3581, "width": 385, "height": 525}, "cropped_image": "cotyledon_appear_13_75pct_1742105025.jpg", "processed_image": null, "mask_image": null, "color_analysis": null}, {"class": "cotyledon_appear", "confidence": 75.34, "bbox": {"x1": 2496, "y1": 3639, "x2": 2870, "y2": 4104, "width": 374, "height": 465}, "cropped_image": "cotyledon_appear_14_75pct_1742105025.jpg", "processed_image": null, "mask_image": null, "color_analysis": null}, {"class": "germinated_seed", "confidence": 75.29, "bbox": {"x1": 290, "y1": 1464, "x2": 642, "y2": 1807, "width": 352, "height": 343}, "cropped_image": "germinated_seed_15_75pct_1742105025.jpg", "processed_image": null, "mask_image": null, "color_analysis": null}, {"class": "germinated_seed", "confidence": 75.22, "bbox": {"x1": 208, "y1": 3159, "x2": 614, "y2": 3509, "width": 406, "height": 350}, "cropped_image": "germinated_seed_16_75pct_1742105025.jpg", "processed_image": null, "mask_image": null, "color_analysis": null}, {"class": "germinated_seed", "confidence": 75.16, "bbox": {"x1": 1932, "y1": 461, "x2": 2239, "y2": 840, "width": 307, "height": 379}, "cropped_image": "germinated_seed_17_75pct_1742105025.jpg", "processed_image": null, "mask_image": null, "color_analysis": null}, {"class": "cotyledon_appear", "confidence": 74.52, "bbox": {"x1": 330, "y1": 0, "x2": 680, "y2": 320, "width": 350, "height": 320}, "cropped_image": "cotyledon_appear_18_74pct_1742105025.jpg", "processed_image": null, "mask_image": null, "color_analysis": null}, {"class": "cotyledon_appear", "confidence": 74.34, "bbox": {"x1": 1383, "y1": 4306, "x2": 1755, "y2": 4692, "width": 372, "height": 386}, "cropped_image": "cotyledon_appear_19_74pct_1742105025.jpg", "processed_image": null, "mask_image": null, "color_analysis": null}, {"class": "cotyledon_appear", "confidence": 73.86, "bbox": {"x1": 3077, "y1": 2536, "x2": 3394, "y2": 2856, "width": 317, "height": 320}, "cropped_image": "cotyledon_appear_20_73pct_1742105025.jpg", "processed_image": null, "mask_image": null, "color_analysis": null}, {"class": "cotyledon_appear", "confidence": 73.4, "bbox": {"x1": 3171, "y1": 3679, "x2": 3622, "y2": 4212, "width": 451, "height": 533}, "cropped_image": "cotyledon_appear_21_73pct_1742105025.jpg", "processed_image": null, "mask_image": null, "color_analysis": null}, {"class": "cotyledon_appear", "confidence": 73.39, "bbox": {"x1": 3075, "y1": 3012, "x2": 3515, "y2": 3536, "width": 440, "height": 524}, "cropped_image": "cotyledon_appear_22_73pct_1742105025.jpg", "processed_image": null, "mask_image": null, "color_analysis": null}, {"class": "cotyledon_appear", "confidence": 73.3, "bbox": {"x1": 3050, "y1": 1365, "x2": 3534, "y2": 1826, "width": 484, "height": 461}, "cropped_image": "cotyledon_appear_23_73pct_1742105025.jpg", "processed_image": null, "mask_image": null, "color_analysis": null}, {"class": "cotyledon_appear", "confidence": 73.11, "bbox": {"x1": 1930, "y1": 1422, "x2": 2353, "y2": 1922, "width": 423, "height": 500}, "cropped_image": "cotyledon_appear_24_73pct_1742105025.jpg", "processed_image": null, "mask_image": null, "color_analysis": null}, {"class": "cotyledon_appear", "confidence": 72.17, "bbox": {"x1": 1978, "y1": 4805, "x2": 2395, "y2": 5288, "width": 417, "height": 483}, "cropped_image": "cotyledon_appear_25_72pct_1742105025.jpg", "processed_image": null, "mask_image": null, "color_analysis": null}, {"class": "cotyledon_appear", "confidence": 71.98, "bbox": {"x1": 3097, "y1": 2029, "x2": 3557, "y2": 2357, "width": 460, "height": 328}, "cropped_image": "cotyledon_appear_26_71pct_1742105025.jpg", "processed_image": null, "mask_image": null, "color_analysis": null}, {"class": "cotyledon_appear", "confidence": 71.92, "bbox": {"x1": 232, "y1": 2528, "x2": 644, "y2": 2908, "width": 412, "height": 380}, "cropped_image": "cotyledon_appear_27_71pct_1742105025.jpg", "processed_image": null, "mask_image": null, "color_analysis": null}, {"class": "cotyledon_appear", "confidence": 71.53, "bbox": {"x1": 2578, "y1": 4818, "x2": 2954, "y2": 5317, "width": 376, "height": 499}, "cropped_image": "cotyledon_appear_28_71pct_1742105025.jpg", "processed_image": null, "mask_image": null, "color_analysis": null}, {"class": "cotyledon_appear", "confidence": 71.43, "bbox": {"x1": 2513, "y1": 2032, "x2": 3029, "y2": 2386, "width": 516, "height": 354}, "cropped_image": "cotyledon_appear_29_71pct_1742105025.jpg", "processed_image": null, "mask_image": null, "color_analysis": null}, {"class": "cotyledon_appear", "confidence": 70.81, "bbox": {"x1": 823, "y1": 261, "x2": 1216, "y2": 789, "width": 393, "height": 528}, "cropped_image": "cotyledon_appear_30_70pct_1742105025.jpg", "processed_image": null, "mask_image": null, "color_analysis": null}, {"class": "cotyledon_appear", "confidence": 69.95, "bbox": {"x1": 3163, "y1": 4243, "x2": 3655, "y2": 4771, "width": 492, "height": 528}, "cropped_image": "cotyledon_appear_31_69pct_1742105025.jpg", "processed_image": null, "mask_image": null, "color_analysis": null}, {"class": "cotyledon_appear", "confidence": 68.91, "bbox": {"x1": 923, "y1": 0, "x2": 1220, "y2": 283, "width": 297, "height": 283}, "cropped_image": "cotyledon_appear_32_68pct_1742105025.jpg", "processed_image": null, "mask_image": null, "color_analysis": null}, {"class": "cotyledon_appear", "confidence": 67.75, "bbox": {"x1": 3188, "y1": 4872, "x2": 3570, "y2": 5474, "width": 382, "height": 602}, "cropped_image": "cotyledon_appear_33_67pct_1742105025.jpg", "processed_image": null, "mask_image": null, "color_analysis": null}, {"class": "not_germinated", "confidence": 67.68, "bbox": {"x1": 270, "y1": 967, "x2": 647, "y2": 1292, "width": 377, "height": 325}, "cropped_image": "not_germinated_34_67pct_1742105025.jpg", "processed_image": null, "mask_image": null, "color_analysis": null}, {"class": "germinated_seed", "confidence": 65.64, "bbox": {"x1": 2985, "y1": 941, "x2": 3314, "y2": 1299, "width": 329, "height": 358}, "cropped_image": "germinated_seed_35_65pct_1742105025.jpg", "processed_image": null, "mask_image": null, "color_analysis": null}, {"class": "cotyledon_appear", "confidence": 65.57, "bbox": {"x1": 886, "y1": 3687, "x2": 1234, "y2": 4112, "width": 348, "height": 425}, "cropped_image": "cotyledon_appear_36_65pct_1742105025.jpg", "processed_image": null, "mask_image": null, "color_analysis": null}, {"class": "cotyledon_appear", "confidence": 65.33, "bbox": {"x1": 299, "y1": 4252, "x2": 651, "y2": 4701, "width": 352, "height": 449}, "cropped_image": "cotyledon_appear_37_65pct_1742105025.jpg", "processed_image": null, "mask_image": null, "color_analysis": null}, {"class": "cotyledon_appear", "confidence": 64.53, "bbox": {"x1": 311, "y1": 1936, "x2": 660, "y2": 2379, "width": 349, "height": 443}, "cropped_image": "cotyledon_appear_38_64pct_1742105025.jpg", "processed_image": null, "mask_image": null, "color_analysis": null}, {"class": "cotyledon_appear", "confidence": 64.52, "bbox": {"x1": 888, "y1": 2047, "x2": 1236, "y2": 2398, "width": 348, "height": 351}, "cropped_image": "cotyledon_appear_39_64pct_1742105025.jpg", "processed_image": null, "mask_image": null, "color_analysis": null}, {"class": "cotyledon_appear", "confidence": 63.11, "bbox": {"x1": 2541, "y1": 4307, "x2": 2929, "y2": 4763, "width": 388, "height": 456}, "cropped_image": "cotyledon_appear_40_63pct_1742105025.jpg", "processed_image": null, "mask_image": null, "color_analysis": null}, {"class": "cotyledon_appear", "confidence": 62.54, "bbox": {"x1": 1964, "y1": 3117, "x2": 2422, "y2": 3436, "width": 458, "height": 319}, "cropped_image": "cotyledon_appear_41_62pct_1742105025.jpg", "processed_image": null, "mask_image": null, "color_analysis": null}, {"class": "cotyledon_appear", "confidence": 62.18, "bbox": {"x1": 825, "y1": 4946, "x2": 1186, "y2": 5497, "width": 361, "height": 551}, "cropped_image": "cotyledon_appear_42_62pct_1742105025.jpg", "processed_image": null, "mask_image": null, "color_analysis": null}, {"class": "germinated_seed", "confidence": 61.91, "bbox": {"x1": 1444, "y1": 89, "x2": 1734, "y2": 363, "width": 290, "height": 274}, "cropped_image": "germinated_seed_43_61pct_1742105025.jpg", "processed_image": null, "mask_image": null, "color_analysis": null}, {"class": "germinated_seed", "confidence": 60.67, "bbox": {"x1": 1959, "y1": 2084, "x2": 2286, "y2": 2402, "width": 327, "height": 318}, "cropped_image": "germinated_seed_44_60pct_1742105025.jpg", "processed_image": null, "mask_image": null, "color_analysis": null}, {"class": "cotyledon_appear", "confidence": 60.54, "bbox": {"x1": 1398, "y1": 780, "x2": 1776, "y2": 1336, "width": 378, "height": 556}, "cropped_image": "cotyledon_appear_45_60pct_1742105025.jpg", "processed_image": null, "mask_image": null, "color_analysis": null}, {"class": "germinated_seed", "confidence": 59.54, "bbox": {"x1": 814, "y1": 1431, "x2": 1171, "y2": 1813, "width": 357, "height": 382}, "cropped_image": "germinated_seed_46_59pct_1742105025.jpg", "processed_image": null, "mask_image": null, "color_analysis": null}, {"class": "cotyledon_appear", "confidence": 58.41, "bbox": {"x1": 1928, "y1": 0, "x2": 2308, "y2": 366, "width": 380, "height": 366}, "cropped_image": "cotyledon_appear_47_58pct_1742105025.jpg", "processed_image": null, "mask_image": null, "color_analysis": null}, {"class": "germinated_seed", "confidence": 58.4, "bbox": {"x1": 785, "y1": 3179, "x2": 1156, "y2": 3526, "width": 371, "height": 347}, "cropped_image": "germinated_seed_48_58pct_1742105025.jpg", "processed_image": null, "mask_image": null, "color_analysis": null}, {"class": "cotyledon_appear", "confidence": 56.62, "bbox": {"x1": 3059, "y1": 185, "x2": 3454, "y2": 760, "width": 395, "height": 575}, "cropped_image": "cotyledon_appear_49_56pct_1742105025.jpg", "processed_image": null, "mask_image": null, "color_analysis": null}, {"class": "cotyledon_appear", "confidence": 56.25, "bbox": {"x1": 2520, "y1": 895, "x2": 2825, "y2": 1364, "width": 305, "height": 469}, "cropped_image": "cotyledon_appear_50_56pct_1742105025.jpg", "processed_image": null, "mask_image": null, "color_analysis": null}, {"class": "cotyledon_appear", "confidence": 55.23, "bbox": {"x1": 1986, "y1": 972, "x2": 2369, "y2": 1340, "width": 383, "height": 368}, "cropped_image": "cotyledon_appear_51_55pct_1742105025.jpg", "processed_image": null, "mask_image": null, "color_analysis": null}, {"class": "cotyledon_appear", "confidence": 55.09, "bbox": {"x1": 1993, "y1": 3723, "x2": 2320, "y2": 4106, "width": 327, "height": 383}, "cropped_image": "cotyledon_appear_52_55pct_1742105025.jpg", "processed_image": null, "mask_image": null, "color_analysis": null}, {"class": "germinated_seed", "confidence": 54.01, "bbox": {"x1": 397, "y1": 437, "x2": 700, "y2": 788, "width": 303, "height": 351}, "cropped_image": "germinated_seed_53_54pct_1742105025.jpg", "processed_image": null, "mask_image": null, "color_analysis": null}, {"class": "cotyledon_appear", "confidence": 52.91, "bbox": {"x1": 1943, "y1": 2520, "x2": 2310, "y2": 2997, "width": 367, "height": 477}, "cropped_image": "cotyledon_appear_54_52pct_1742105025.jpg", "processed_image": null, "mask_image": null, "color_analysis": null}, {"class": "cotyledon_appear", "confidence": 50.6, "bbox": {"x1": 187, "y1": 4879, "x2": 606, "y2": 5419, "width": 419, "height": 540}, "cropped_image": "cotyledon_appear_55_50pct_1742105025.jpg", "processed_image": null, "mask_image": null, "color_analysis": null}, {"class": "not_germinated", "confidence": 47.96, "bbox": {"x1": 796, "y1": 4327, "x2": 1145, "y2": 4685, "width": 349, "height": 358}, "cropped_image": "not_germinated_56_47pct_1742105025.jpg", "processed_image": null, "mask_image": null, "color_analysis": null}, {"class": "cotyledon_appear", "confidence": 46.67, "bbox": {"x1": 2441, "y1": 1509, "x2": 2897, "y2": 1842, "width": 456, "height": 333}, "cropped_image": "cotyledon_appear_57_46pct_1742105025.jpg", "processed_image": null, "mask_image": null, "color_analysis": null}, {"class": "cotyledon_appear", "confidence": 45.02, "bbox": {"x1": 2460, "y1": 294, "x2": 2789, "y2": 843, "width": 329, "height": 549}, "cropped_image": "cotyledon_appear_58_45pct_1742105025.jpg", "processed_image": null, "mask_image": null, "color_analysis": null}, {"class": "germinated_seed", "confidence": 39.31, "bbox": {"x1": 1982, "y1": 972, "x2": 2359, "y2": 1334, "width": 377, "height": 362}, "cropped_image": "germinated_seed_59_39pct_1742105025.jpg", "processed_image": null, "mask_image": null, "color_analysis": null}, {"class": "germinated_seed", "confidence": 39.17, "bbox": {"x1": 794, "y1": 4327, "x2": 1147, "y2": 4674, "width": 353, "height": 347}, "cropped_image": "germinated_seed_60_39pct_1742105025.jpg", "processed_image": null, "mask_image": null, "color_analysis": null}, {"class": "not_germinated", "confidence": 36.5, "bbox": {"x1": 784, "y1": 3181, "x2": 1159, "y2": 3525, "width": 375, "height": 344}, "cropped_image": "not_germinated_61_36pct_1742105025.jpg", "processed_image": null, "mask_image": null, "color_analysis": null}, {"class": "germinated_seed", "confidence": 27.03, "bbox": {"x1": 1916, "y1": 0, "x2": 2311, "y2": 364, "width": 395, "height": 364}, "cropped_image": "germinated_seed_62_27pct_1742105025.jpg", "processed_image": null, "mask_image": null, "color_analysis": null}, {"class": "germinated_seed", "confidence": 25.3, "bbox": {"x1": 188, "y1": 4879, "x2": 632, "y2": 5425, "width": 444, "height": 546}, "cropped_image": "germinated_seed_63_25pct_1742105025.jpg", "processed_image": null, "mask_image": null, "color_analysis": null}]}
[16-Mar-2025 07:03:55 Europe/Berlin] Successfully parsed detection data
[16-Mar-2025 07:16:41 Europe/Berlin] File uploaded successfully to: C:\xampp\htdocs\coba_website/output/detect_19/raw__DSC1442.JPG
[16-Mar-2025 07:16:41 Europe/Berlin] Selected model: YOLOv8
[16-Mar-2025 07:16:41 Europe/Berlin] Model path: C:\xampp\htdocs\coba_website/app/content/Melon/deeplearning/chili_yolov8.pt (exists: yes)
[16-Mar-2025 07:16:41 Europe/Berlin] Upload path: C:\xampp\htdocs\coba_website/output/detect_19/raw__DSC1442.JPG (exists: yes)
[16-Mar-2025 07:16:41 Europe/Berlin] Results dir: C:\xampp\htdocs\coba_website/results (exists: yes)
[16-Mar-2025 07:16:41 Europe/Berlin] Starting detection process...
[16-Mar-2025 07:16:41 Europe/Berlin] Executing command: cd "C:\xampp\htdocs\coba_website" && "C:/Users/Jasmine Tasmara/AppData/Local/Programs/Python/Python38/python.exe" "C:\Users\Jasmine Tasmara\AppData\Local\Temp\det3A2A.tmp.py" 2>&1
[16-Mar-2025 07:16:51 Europe/Berlin] Command output:
Current working directory: C:\xampp\htdocs\coba_website
Model path (absolute): C:\xampp\htdocs\coba_website\app\content\Melon\deeplearning\chili_yolov8.pt
Upload path (absolute): C:\xampp\htdocs\coba_website\output\detect_19\raw__DSC1442.JPG
Results directory (absolute): C:\xampp\htdocs\coba_website\output\detect_19
Using HSV ranges:
Range 1: H=[155-255], S=[160-240], V=[160-255]
Range 2: H=[0-30], S=[160-240], V=[160-255]
Loading model...
Model loaded successfully
Reading image...
Image read successfully, shape: (5568, 3712, 3)
Running detection...

0: 640x448 43 germinated_seeds, 20 not_germinateds, 234.0ms
Speed: 4.0ms preprocess, 234.0ms inference, 6.0ms postprocess per image at shape (1, 3, 640, 448)
Detection completed successfully
Found 63 objects
Processing detection 1: germinated_seed (90.56%)
Successfully saved cropped germinated_seed to: C:\xampp\htdocs\coba_website\output\detect_19\germinated_seed_1_90pct_1742105801.jpg
Processing detection 2: germinated_seed (90.11%)
Successfully saved cropped germinated_seed to: C:\xampp\htdocs\coba_website\output\detect_19\germinated_seed_2_90pct_1742105801.jpg
Processing detection 3: germinated_seed (89.73%)
Successfully saved cropped germinated_seed to: C:\xampp\htdocs\coba_website\output\detect_19\germinated_seed_3_89pct_1742105801.jpg
Processing detection 4: germinated_seed (88.58%)
Successfully saved cropped germinated_seed to: C:\xampp\htdocs\coba_website\output\detect_19\germinated_seed_4_88pct_1742105801.jpg
Processing detection 5: germinated_seed (88.41%)
Successfully saved cropped germinated_seed to: C:\xampp\htdocs\coba_website\output\detect_19\germinated_seed_5_88pct_1742105801.jpg
Processing detection 6: germinated_seed (88.21%)
Successfully saved cropped germinated_seed to: C:\xampp\htdocs\coba_website\output\detect_19\germinated_seed_6_88pct_1742105801.jpg
Processing detection 7: germinated_seed (87.94%)
Successfully saved cropped germinated_seed to: C:\xampp\htdocs\coba_website\output\detect_19\germinated_seed_7_87pct_1742105801.jpg
Processing detection 8: germinated_seed (86.96%)
Successfully saved cropped germinated_seed to: C:\xampp\htdocs\coba_website\output\detect_19\germinated_seed_8_86pct_1742105801.jpg
Processing detection 9: germinated_seed (86.69%)
Successfully saved cropped germinated_seed to: C:\xampp\htdocs\coba_website\output\detect_19\germinated_seed_9_86pct_1742105801.jpg
Processing detection 10: germinated_seed (86.37%)
Successfully saved cropped germinated_seed to: C:\xampp\htdocs\coba_website\output\detect_19\germinated_seed_10_86pct_1742105801.jpg
Processing detection 11: germinated_seed (85.78%)
Successfully saved cropped germinated_seed to: C:\xampp\htdocs\coba_website\output\detect_19\germinated_seed_11_85pct_1742105801.jpg
Processing detection 12: germinated_seed (85.54%)
Successfully saved cropped germinated_seed to: C:\xampp\htdocs\coba_website\output\detect_19\germinated_seed_12_85pct_1742105801.jpg
Processing detection 13: germinated_seed (84.51%)
Successfully saved cropped germinated_seed to: C:\xampp\htdocs\coba_website\output\detect_19\germinated_seed_13_84pct_1742105801.jpg
Processing detection 14: germinated_seed (84.37%)
Successfully saved cropped germinated_seed to: C:\xampp\htdocs\coba_website\output\detect_19\germinated_seed_14_84pct_1742105801.jpg
Processing detection 15: germinated_seed (84.27%)
Successfully saved cropped germinated_seed to: C:\xampp\htdocs\coba_website\output\detect_19\germinated_seed_15_84pct_1742105801.jpg
Processing detection 16: germinated_seed (84.09%)
Successfully saved cropped germinated_seed to: C:\xampp\htdocs\coba_website\output\detect_19\germinated_seed_16_84pct_1742105801.jpg
Processing detection 17: germinated_seed (83.57%)
Successfully saved cropped germinated_seed to: C:\xampp\htdocs\coba_website\output\detect_19\germinated_seed_17_83pct_1742105801.jpg
Processing detection 18: germinated_seed (82.60%)
Successfully saved cropped germinated_seed to: C:\xampp\htdocs\coba_website\output\detect_19\germinated_seed_18_82pct_1742105801.jpg
Processing detection 19: germinated_seed (80.71%)
Successfully saved cropped germinated_seed to: C:\xampp\htdocs\coba_website\output\detect_19\germinated_seed_19_80pct_1742105801.jpg
Processing detection 20: germinated_seed (80.54%)
Successfully saved cropped germinated_seed to: C:\xampp\htdocs\coba_website\output\detect_19\germinated_seed_20_80pct_1742105801.jpg
Processing detection 21: not_germinated (78.84%)
Successfully saved cropped not_germinated to: C:\xampp\htdocs\coba_website\output\detect_19\not_germinated_21_78pct_1742105801.jpg
Processing detection 22: germinated_seed (78.27%)
Successfully saved cropped germinated_seed to: C:\xampp\htdocs\coba_website\output\detect_19\germinated_seed_22_78pct_1742105801.jpg
Processing detection 23: germinated_seed (75.30%)
Successfully saved cropped germinated_seed to: C:\xampp\htdocs\coba_website\output\detect_19\germinated_seed_23_75pct_1742105801.jpg
Processing detection 24: not_germinated (74.10%)
Successfully saved cropped not_germinated to: C:\xampp\htdocs\coba_website\output\detect_19\not_germinated_24_74pct_1742105801.jpg
Processing detection 25: germinated_seed (73.97%)
Successfully saved cropped germinated_seed to: C:\xampp\htdocs\coba_website\output\detect_19\germinated_seed_25_73pct_1742105801.jpg
Processing detection 26: germinated_seed (73.42%)
Successfully saved cropped germinated_seed to: C:\xampp\htdocs\coba_website\output\detect_19\germinated_seed_26_73pct_1742105801.jpg
Processing detection 27: germinated_seed (73.37%)
Successfully saved cropped germinated_seed to: C:\xampp\htdocs\coba_website\output\detect_19\germinated_seed_27_73pct_1742105801.jpg
Processing detection 28: germinated_seed (71.74%)
Successfully saved cropped germinated_seed to: C:\xampp\htdocs\coba_website\output\detect_19\germinated_seed_28_71pct_1742105801.jpg
Processing detection 29: germinated_seed (71.59%)
Successfully saved cropped germinated_seed to: C:\xampp\htdocs\coba_website\output\detect_19\germinated_seed_29_71pct_1742105801.jpg
Processing detection 30: germinated_seed (71.24%)
Successfully saved cropped germinated_seed to: C:\xampp\htdocs\coba_website\output\detect_19\germinated_seed_30_71pct_1742105801.jpg
Processing detection 31: not_germinated (71.03%)
Successfully saved cropped not_germinated to: C:\xampp\htdocs\coba_website\output\detect_19\not_germinated_31_71pct_1742105801.jpg
Processing detection 32: not_germinated (70.10%)
Successfully saved cropped not_germinated to: C:\xampp\htdocs\coba_website\output\detect_19\not_germinated_32_70pct_1742105801.jpg
Processing detection 33: not_germinated (69.88%)
Successfully saved cropped not_germinated to: C:\xampp\htdocs\coba_website\output\detect_19\not_germinated_33_69pct_1742105801.jpg
Processing detection 34: not_germinated (69.65%)
Successfully saved cropped not_germinated to: C:\xampp\htdocs\coba_website\output\detect_19\not_germinated_34_69pct_1742105801.jpg
Processing detection 35: germinated_seed (69.22%)
Successfully saved cropped germinated_seed to: C:\xampp\htdocs\coba_website\output\detect_19\germinated_seed_35_69pct_1742105801.jpg
Processing detection 36: germinated_seed (68.96%)
Successfully saved cropped germinated_seed to: C:\xampp\htdocs\coba_website\output\detect_19\germinated_seed_36_68pct_1742105801.jpg
Processing detection 37: not_germinated (68.16%)
Successfully saved cropped not_germinated to: C:\xampp\htdocs\coba_website\output\detect_19\not_germinated_37_68pct_1742105801.jpg
Processing detection 38: germinated_seed (67.95%)
Successfully saved cropped germinated_seed to: C:\xampp\htdocs\coba_website\output\detect_19\germinated_seed_38_67pct_1742105801.jpg
Processing detection 39: germinated_seed (67.84%)
Successfully saved cropped germinated_seed to: C:\xampp\htdocs\coba_website\output\detect_19\germinated_seed_39_67pct_1742105801.jpg
Processing detection 40: not_germinated (66.40%)
Successfully saved cropped not_germinated to: C:\xampp\htdocs\coba_website\output\detect_19\not_germinated_40_66pct_1742105801.jpg
Processing detection 41: germinated_seed (65.53%)
Successfully saved cropped germinated_seed to: C:\xampp\htdocs\coba_website\output\detect_19\germinated_seed_41_65pct_1742105801.jpg
Processing detection 42: germinated_seed (65.27%)
Successfully saved cropped germinated_seed to: C:\xampp\htdocs\coba_website\output\detect_19\germinated_seed_42_65pct_1742105801.jpg
Processing detection 43: not_germinated (64.30%)
Successfully saved cropped not_germinated to: C:\xampp\htdocs\coba_website\output\detect_19\not_germinated_43_64pct_1742105801.jpg
Processing detection 44: germinated_seed (63.72%)
Successfully saved cropped germinated_seed to: C:\xampp\htdocs\coba_website\output\detect_19\germinated_seed_44_63pct_1742105801.jpg
Processing detection 45: germinated_seed (62.80%)
Successfully saved cropped germinated_seed to: C:\xampp\htdocs\coba_website\output\detect_19\germinated_seed_45_62pct_1742105801.jpg
Processing detection 46: germinated_seed (59.99%)
Successfully saved cropped germinated_seed to: C:\xampp\htdocs\coba_website\output\detect_19\germinated_seed_46_59pct_1742105801.jpg
Processing detection 47: not_germinated (59.88%)
Successfully saved cropped not_germinated to: C:\xampp\htdocs\coba_website\output\detect_19\not_germinated_47_59pct_1742105801.jpg
Processing detection 48: not_germinated (59.81%)
Successfully saved cropped not_germinated to: C:\xampp\htdocs\coba_website\output\detect_19\not_germinated_48_59pct_1742105801.jpg
Processing detection 49: germinated_seed (59.61%)
Successfully saved cropped germinated_seed to: C:\xampp\htdocs\coba_website\output\detect_19\germinated_seed_49_59pct_1742105801.jpg
Processing detection 50: not_germinated (58.81%)
Successfully saved cropped not_germinated to: C:\xampp\htdocs\coba_website\output\detect_19\not_germinated_50_58pct_1742105801.jpg
Processing detection 51: not_germinated (58.53%)
Successfully saved cropped not_germinated to: C:\xampp\htdocs\coba_website\output\detect_19\not_germinated_51_58pct_1742105801.jpg
Processing detection 52: germinated_seed (57.17%)
Successfully saved cropped germinated_seed to: C:\xampp\htdocs\coba_website\output\detect_19\germinated_seed_52_57pct_1742105801.jpg
Processing detection 53: not_germinated (56.75%)
Successfully saved cropped not_germinated to: C:\xampp\htdocs\coba_website\output\detect_19\not_germinated_53_56pct_1742105801.jpg
Processing detection 54: germinated_seed (55.87%)
Successfully saved cropped germinated_seed to: C:\xampp\htdocs\coba_website\output\detect_19\germinated_seed_54_55pct_1742105801.jpg
Processing detection 55: not_germinated (53.62%)
Successfully saved cropped not_germinated to: C:\xampp\htdocs\coba_website\output\detect_19\not_germinated_55_53pct_1742105801.jpg
Processing detection 56: not_germinated (53.48%)
Successfully saved cropped not_germinated to: C:\xampp\htdocs\coba_website\output\detect_19\not_germinated_56_53pct_1742105801.jpg
Processing detection 57: not_germinated (52.32%)
Successfully saved cropped not_germinated to: C:\xampp\htdocs\coba_website\output\detect_19\not_germinated_57_52pct_1742105801.jpg
Processing detection 58: germinated_seed (46.41%)
Successfully saved cropped germinated_seed to: C:\xampp\htdocs\coba_website\output\detect_19\germinated_seed_58_46pct_1742105801.jpg
Processing detection 59: not_germinated (44.59%)
Successfully saved cropped not_germinated to: C:\xampp\htdocs\coba_website\output\detect_19\not_germinated_59_44pct_1742105801.jpg
Processing detection 60: germinated_seed (43.97%)
Successfully saved cropped germinated_seed to: C:\xampp\htdocs\coba_website\output\detect_19\germinated_seed_60_43pct_1742105801.jpg
Processing detection 61: not_germinated (41.50%)
Successfully saved cropped not_germinated to: C:\xampp\htdocs\coba_website\output\detect_19\not_germinated_61_41pct_1742105801.jpg
Processing detection 62: not_germinated (36.35%)
Successfully saved cropped not_germinated to: C:\xampp\htdocs\coba_website\output\detect_19\not_germinated_62_36pct_1742105801.jpg
Processing detection 63: germinated_seed (29.30%)
Successfully saved cropped germinated_seed to: C:\xampp\htdocs\coba_website\output\detect_19\germinated_seed_63_29pct_1742105801.jpg
Saved detection results to: C:\xampp\htdocs\coba_website\output\detect_19\1742105801_detections.json
Successfully saved result visualization to: C:\xampp\htdocs\coba_website\output\detect_19\1742105801_result.jpg
DETECTION_RESULTS_START
{"image_size": {"width": 3712, "height": 5568}, "detections": [{"class": "germinated_seed", "confidence": 90.56, "bbox": {"x1": 3111, "y1": 3097, "x2": 3514, "y2": 3460, "width": 403, "height": 363}, "cropped_image": "germinated_seed_1_90pct_1742105801.jpg", "processed_image": null, "mask_image": null, "color_analysis": null}, {"class": "germinated_seed", "confidence": 90.11, "bbox": {"x1": 1950, "y1": 1485, "x2": 2284, "y2": 1826, "width": 334, "height": 341}, "cropped_image": "germinated_seed_2_90pct_1742105801.jpg", "processed_image": null, "mask_image": null, "color_analysis": null}, {"class": "germinated_seed", "confidence": 89.73, "bbox": {"x1": 1417, "y1": 3110, "x2": 1798, "y2": 3467, "width": 381, "height": 357}, "cropped_image": "germinated_seed_3_89pct_1742105801.jpg", "processed_image": null, "mask_image": null, "color_analysis": null}, {"class": "germinated_seed", "confidence": 88.58, "bbox": {"x1": 1412, "y1": 3742, "x2": 1784, "y2": 4121, "width": 372, "height": 379}, "cropped_image": "germinated_seed_4_88pct_1742105801.jpg", "processed_image": null, "mask_image": null, "color_analysis": null}, {"class": "germinated_seed", "confidence": 88.41, "bbox": {"x1": 1401, "y1": 965, "x2": 1736, "y2": 1287, "width": 335, "height": 322}, "cropped_image": "germinated_seed_5_88pct_1742105801.jpg", "processed_image": null, "mask_image": null, "color_analysis": null}, {"class": "germinated_seed", "confidence": 88.21, "bbox": {"x1": 2471, "y1": 1426, "x2": 2842, "y2": 1769, "width": 371, "height": 343}, "cropped_image": "germinated_seed_6_88pct_1742105801.jpg", "processed_image": null, "mask_image": null, "color_analysis": null}, {"class": "germinated_seed", "confidence": 87.94, "bbox": {"x1": 2000, "y1": 942, "x2": 2355, "y2": 1277, "width": 355, "height": 335}, "cropped_image": "germinated_seed_7_87pct_1742105801.jpg", "processed_image": null, "mask_image": null, "color_analysis": null}, {"class": "germinated_seed", "confidence": 86.96, "bbox": {"x1": 3171, "y1": 1949, "x2": 3536, "y2": 2307, "width": 365, "height": 358}, "cropped_image": "germinated_seed_8_86pct_1742105801.jpg", "processed_image": null, "mask_image": null, "color_analysis": null}, {"class": "germinated_seed", "confidence": 86.69, "bbox": {"x1": 2001, "y1": 4309, "x2": 2387, "y2": 4708, "width": 386, "height": 399}, "cropped_image": "germinated_seed_9_86pct_1742105801.jpg", "processed_image": null, "mask_image": null, "color_analysis": null}, {"class": "germinated_seed", "confidence": 86.37, "bbox": {"x1": 228, "y1": 3138, "x2": 633, "y2": 3503, "width": 405, "height": 365}, "cropped_image": "germinated_seed_10_86pct_1742105801.jpg", "processed_image": null, "mask_image": null, "color_analysis": null}, {"class": "germinated_seed", "confidence": 85.78, "bbox": {"x1": 1370, "y1": 453, "x2": 1710, "y2": 794, "width": 340, "height": 341}, "cropped_image": "germinated_seed_11_85pct_1742105801.jpg", "processed_image": null, "mask_image": null, "color_analysis": null}, {"class": "germinated_seed", "confidence": 85.54, "bbox": {"x1": 3215, "y1": 3745, "x2": 3637, "y2": 4151, "width": 422, "height": 406}, "cropped_image": "germinated_seed_12_85pct_1742105801.jpg", "processed_image": null, "mask_image": null, "color_analysis": null}, {"class": "germinated_seed", "confidence": 84.51, "bbox": {"x1": 2560, "y1": 4369, "x2": 2913, "y2": 4720, "width": 353, "height": 351}, "cropped_image": "germinated_seed_13_84pct_1742105801.jpg", "processed_image": null, "mask_image": null, "color_analysis": null}, {"class": "germinated_seed", "confidence": 84.37, "bbox": {"x1": 812, "y1": 2541, "x2": 1273, "y2": 2941, "width": 461, "height": 400}, "cropped_image": "germinated_seed_14_84pct_1742105801.jpg", "processed_image": null, "mask_image": null, "color_analysis": null}, {"class": "germinated_seed", "confidence": 84.27, "bbox": {"x1": 1983, "y1": 2032, "x2": 2337, "y2": 2368, "width": 354, "height": 336}, "cropped_image": "germinated_seed_15_84pct_1742105801.jpg", "processed_image": null, "mask_image": null, "color_analysis": null}, {"class": "germinated_seed", "confidence": 84.09, "bbox": {"x1": 303, "y1": 1454, "x2": 670, "y2": 1819, "width": 367, "height": 365}, "cropped_image": "germinated_seed_16_84pct_1742105801.jpg", "processed_image": null, "mask_image": null, "color_analysis": null}, {"class": "germinated_seed", "confidence": 83.57, "bbox": {"x1": 2573, "y1": 1950, "x2": 2934, "y2": 2346, "width": 361, "height": 396}, "cropped_image": "germinated_seed_17_83pct_1742105801.jpg", "processed_image": null, "mask_image": null, "color_analysis": null}, {"class": "germinated_seed", "confidence": 82.6, "bbox": {"x1": 1985, "y1": 3096, "x2": 2369, "y2": 3445, "width": 384, "height": 349}, "cropped_image": "germinated_seed_18_82pct_1742105801.jpg", "processed_image": null, "mask_image": null, "color_analysis": null}, {"class": "germinated_seed", "confidence": 80.71, "bbox": {"x1": 295, "y1": 2533, "x2": 674, "y2": 2926, "width": 379, "height": 393}, "cropped_image": "germinated_seed_19_80pct_1742105801.jpg", "processed_image": null, "mask_image": null, "color_analysis": null}, {"class": "germinated_seed", "confidence": 80.54, "bbox": {"x1": 801, "y1": 4903, "x2": 1218, "y2": 5296, "width": 417, "height": 393}, "cropped_image": "germinated_seed_20_80pct_1742105801.jpg", "processed_image": null, "mask_image": null, "color_analysis": null}, {"class": "not_germinated", "confidence": 78.84, "bbox": {"x1": 198, "y1": 4824, "x2": 662, "y2": 5222, "width": 464, "height": 398}, "cropped_image": "not_germinated_21_78pct_1742105801.jpg", "processed_image": null, "mask_image": null, "color_analysis": null}, {"class": "germinated_seed", "confidence": 78.27, "bbox": {"x1": 1937, "y1": 2595, "x2": 2347, "y2": 2948, "width": 410, "height": 353}, "cropped_image": "germinated_seed_22_78pct_1742105801.jpg", "processed_image": null, "mask_image": null, "color_analysis": null}, {"class": "germinated_seed", "confidence": 75.3, "bbox": {"x1": 2587, "y1": 4868, "x2": 3000, "y2": 5281, "width": 413, "height": 413}, "cropped_image": "germinated_seed_23_75pct_1742105801.jpg", "processed_image": null, "mask_image": null, "color_analysis": null}, {"class": "not_germinated", "confidence": 74.1, "bbox": {"x1": 821, "y1": 1422, "x2": 1175, "y2": 1794, "width": 354, "height": 372}, "cropped_image": "not_germinated_24_74pct_1742105801.jpg", "processed_image": null, "mask_image": null, "color_analysis": null}, {"class": "germinated_seed", "confidence": 73.97, "bbox": {"x1": 935, "y1": 0, "x2": 1236, "y2": 301, "width": 301, "height": 301}, "cropped_image": "germinated_seed_25_73pct_1742105801.jpg", "processed_image": null, "mask_image": null, "color_analysis": null}, {"class": "germinated_seed", "confidence": 73.42, "bbox": {"x1": 1407, "y1": 2027, "x2": 1772, "y2": 2388, "width": 365, "height": 361}, "cropped_image": "germinated_seed_26_73pct_1742105801.jpg", "processed_image": null, "mask_image": null, "color_analysis": null}, {"class": "germinated_seed", "confidence": 73.37, "bbox": {"x1": 3203, "y1": 4284, "x2": 3622, "y2": 4673, "width": 419, "height": 389}, "cropped_image": "germinated_seed_27_73pct_1742105801.jpg", "processed_image": null, "mask_image": null, "color_analysis": null}, {"class": "germinated_seed", "confidence": 71.74, "bbox": {"x1": 240, "y1": 3670, "x2": 635, "y2": 4022, "width": 395, "height": 352}, "cropped_image": "germinated_seed_28_71pct_1742105801.jpg", "processed_image": null, "mask_image": null, "color_analysis": null}, {"class": "germinated_seed", "confidence": 71.59, "bbox": {"x1": 3116, "y1": 1301, "x2": 3495, "y2": 1751, "width": 379, "height": 450}, "cropped_image": "germinated_seed_29_71pct_1742105801.jpg", "processed_image": null, "mask_image": null, "color_analysis": null}, {"class": "germinated_seed", "confidence": 71.24, "bbox": {"x1": 836, "y1": 998, "x2": 1187, "y2": 1302, "width": 351, "height": 304}, "cropped_image": "germinated_seed_30_71pct_1742105801.jpg", "processed_image": null, "mask_image": null, "color_analysis": null}, {"class": "not_germinated", "confidence": 71.03, "bbox": {"x1": 401, "y1": 414, "x2": 722, "y2": 788, "width": 321, "height": 374}, "cropped_image": "not_germinated_31_71pct_1742105801.jpg", "processed_image": null, "mask_image": null, "color_analysis": null}, {"class": "not_germinated", "confidence": 70.1, "bbox": {"x1": 908, "y1": 2022, "x2": 1239, "y2": 2378, "width": 331, "height": 356}, "cropped_image": "not_germinated_32_70pct_1742105801.jpg", "processed_image": null, "mask_image": null, "color_analysis": null}, {"class": "not_germinated", "confidence": 69.88, "bbox": {"x1": 2602, "y1": 2549, "x2": 2975, "y2": 2896, "width": 373, "height": 347}, "cropped_image": "not_germinated_33_69pct_1742105801.jpg", "processed_image": null, "mask_image": null, "color_analysis": null}, {"class": "not_germinated", "confidence": 69.65, "bbox": {"x1": 3147, "y1": 2494, "x2": 3525, "y2": 2852, "width": 378, "height": 358}, "cropped_image": "not_germinated_34_69pct_1742105801.jpg", "processed_image": null, "mask_image": null, "color_analysis": null}, {"class": "germinated_seed", "confidence": 69.22, "bbox": {"x1": 371, "y1": 2017, "x2": 699, "y2": 2376, "width": 328, "height": 359}, "cropped_image": "germinated_seed_35_69pct_1742105801.jpg", "processed_image": null, "mask_image": null, "color_analysis": null}, {"class": "germinated_seed", "confidence": 68.96, "bbox": {"x1": 3168, "y1": 234, "x2": 3533, "y2": 621, "width": 365, "height": 387}, "cropped_image": "germinated_seed_36_68pct_1742105801.jpg", "processed_image": null, "mask_image": null, "color_analysis": null}, {"class": "not_germinated", "confidence": 68.16, "bbox": {"x1": 1361, "y1": 4896, "x2": 1747, "y2": 5313, "width": 386, "height": 417}, "cropped_image": "not_germinated_37_68pct_1742105801.jpg", "processed_image": null, "mask_image": null, "color_analysis": null}, {"class": "germinated_seed", "confidence": 67.95, "bbox": {"x1": 2452, "y1": 339, "x2": 2851, "y2": 721, "width": 399, "height": 382}, "cropped_image": "germinated_seed_38_67pct_1742105801.jpg", "processed_image": null, "mask_image": null, "color_analysis": null}, {"class": "germinated_seed", "confidence": 67.84, "bbox": {"x1": 1966, "y1": 2512, "x2": 2360, "y2": 2818, "width": 394, "height": 306}, "cropped_image": "germinated_seed_39_67pct_1742105801.jpg", "processed_image": null, "mask_image": null, "color_analysis": null}, {"class": "not_germinated", "confidence": 66.4, "bbox": {"x1": 1401, "y1": 2536, "x2": 1775, "y2": 2907, "width": 374, "height": 371}, "cropped_image": "not_germinated_40_66pct_1742105801.jpg", "processed_image": null, "mask_image": null, "color_analysis": null}, {"class": "germinated_seed", "confidence": 65.53, "bbox": {"x1": 3061, "y1": 776, "x2": 3480, "y2": 1186, "width": 419, "height": 410}, "cropped_image": "germinated_seed_41_65pct_1742105801.jpg", "processed_image": null, "mask_image": null, "color_analysis": null}, {"class": "germinated_seed", "confidence": 65.27, "bbox": {"x1": 1420, "y1": 1468, "x2": 1771, "y2": 1824, "width": 351, "height": 356}, "cropped_image": "germinated_seed_42_65pct_1742105801.jpg", "processed_image": null, "mask_image": null, "color_analysis": null}, {"class": "not_germinated", "confidence": 64.3, "bbox": {"x1": 1991, "y1": 4839, "x2": 2390, "y2": 5262, "width": 399, "height": 423}, "cropped_image": "not_germinated_43_64pct_1742105801.jpg", "processed_image": null, "mask_image": null, "color_analysis": null}, {"class": "germinated_seed", "confidence": 63.72, "bbox": {"x1": 375, "y1": 32, "x2": 669, "y2": 310, "width": 294, "height": 278}, "cropped_image": "germinated_seed_44_63pct_1742105801.jpg", "processed_image": null, "mask_image": null, "color_analysis": null}, {"class": "germinated_seed", "confidence": 62.8, "bbox": {"x1": 1457, "y1": 0, "x2": 1764, "y2": 289, "width": 307, "height": 289}, "cropped_image": "germinated_seed_45_62pct_1742105801.jpg", "processed_image": null, "mask_image": null, "color_analysis": null}, {"class": "germinated_seed", "confidence": 59.99, "bbox": {"x1": 1950, "y1": 0, "x2": 2284, "y2": 269, "width": 334, "height": 269}, "cropped_image": "germinated_seed_46_59pct_1742105801.jpg", "processed_image": null, "mask_image": null, "color_analysis": null}, {"class": "not_germinated", "confidence": 59.88, "bbox": {"x1": 2519, "y1": 3074, "x2": 2918, "y2": 3460, "width": 399, "height": 386}, "cropped_image": "not_germinated_47_59pct_1742105801.jpg", "processed_image": null, "mask_image": null, "color_analysis": null}, {"class": "not_germinated", "confidence": 59.81, "bbox": {"x1": 880, "y1": 3708, "x2": 1243, "y2": 4104, "width": 363, "height": 396}, "cropped_image": "not_germinated_48_59pct_1742105801.jpg", "processed_image": null, "mask_image": null, "color_analysis": null}, {"class": "germinated_seed", "confidence": 59.61, "bbox": {"x1": 2528, "y1": 3691, "x2": 2905, "y2": 4104, "width": 377, "height": 413}, "cropped_image": "germinated_seed_49_59pct_1742105801.jpg", "processed_image": null, "mask_image": null, "color_analysis": null}, {"class": "not_germinated", "confidence": 58.81, "bbox": {"x1": 3208, "y1": 4942, "x2": 3566, "y2": 5375, "width": 358, "height": 433}, "cropped_image": "not_germinated_50_58pct_1742105801.jpg", "processed_image": null, "mask_image": null, "color_analysis": null}, {"class": "not_germinated", "confidence": 58.53, "bbox": {"x1": 796, "y1": 4290, "x2": 1181, "y2": 4684, "width": 385, "height": 394}, "cropped_image": "not_germinated_51_58pct_1742105801.jpg", "processed_image": null, "mask_image": null, "color_analysis": null}, {"class": "germinated_seed", "confidence": 57.17, "bbox": {"x1": 849, "y1": 405, "x2": 1221, "y2": 782, "width": 372, "height": 377}, "cropped_image": "germinated_seed_52_57pct_1742105801.jpg", "processed_image": null, "mask_image": null, "color_analysis": null}, {"class": "not_germinated", "confidence": 56.75, "bbox": {"x1": 296, "y1": 4234, "x2": 673, "y2": 4612, "width": 377, "height": 378}, "cropped_image": "not_germinated_53_56pct_1742105801.jpg", "processed_image": null, "mask_image": null, "color_analysis": null}, {"class": "germinated_seed", "confidence": 55.87, "bbox": {"x1": 797, "y1": 3152, "x2": 1194, "y2": 3522, "width": 397, "height": 370}, "cropped_image": "germinated_seed_54_55pct_1742105801.jpg", "processed_image": null, "mask_image": null, "color_analysis": null}, {"class": "not_germinated", "confidence": 53.62, "bbox": {"x1": 1951, "y1": 411, "x2": 2264, "y2": 767, "width": 313, "height": 356}, "cropped_image": "not_germinated_55_53pct_1742105801.jpg", "processed_image": null, "mask_image": null, "color_analysis": null}, {"class": "not_germinated", "confidence": 53.48, "bbox": {"x1": 1383, "y1": 4304, "x2": 1755, "y2": 4662, "width": 372, "height": 358}, "cropped_image": "not_germinated_56_53pct_1742105801.jpg", "processed_image": null, "mask_image": null, "color_analysis": null}, {"class": "not_germinated", "confidence": 52.32, "bbox": {"x1": 797, "y1": 3146, "x2": 1193, "y2": 3520, "width": 396, "height": 374}, "cropped_image": "not_germinated_57_52pct_1742105801.jpg", "processed_image": null, "mask_image": null, "color_analysis": null}, {"class": "germinated_seed", "confidence": 46.41, "bbox": {"x1": 2540, "y1": 958, "x2": 2860, "y2": 1274, "width": 320, "height": 316}, "cropped_image": "germinated_seed_58_46pct_1742105801.jpg", "processed_image": null, "mask_image": null, "color_analysis": null}, {"class": "not_germinated", "confidence": 44.59, "bbox": {"x1": 2002, "y1": 3761, "x2": 2357, "y2": 4132, "width": 355, "height": 371}, "cropped_image": "not_germinated_59_44pct_1742105801.jpg", "processed_image": null, "mask_image": null, "color_analysis": null}, {"class": "germinated_seed", "confidence": 43.97, "bbox": {"x1": 285, "y1": 965, "x2": 672, "y2": 1299, "width": 387, "height": 334}, "cropped_image": "germinated_seed_60_43pct_1742105801.jpg", "processed_image": null, "mask_image": null, "color_analysis": null}, {"class": "not_germinated", "confidence": 41.5, "bbox": {"x1": 2537, "y1": 954, "x2": 2856, "y2": 1274, "width": 319, "height": 320}, "cropped_image": "not_germinated_61_41pct_1742105801.jpg", "processed_image": null, "mask_image": null, "color_analysis": null}, {"class": "not_germinated", "confidence": 36.35, "bbox": {"x1": 2534, "y1": 0, "x2": 2902, "y2": 233, "width": 368, "height": 233}, "cropped_image": "not_germinated_62_36pct_1742105801.jpg", "processed_image": null, "mask_image": null, "color_analysis": null}, {"class": "germinated_seed", "confidence": 29.3, "bbox": {"x1": 1994, "y1": 3775, "x2": 2358, "y2": 4127, "width": 364, "height": 352}, "cropped_image": "germinated_seed_63_29pct_1742105801.jpg", "processed_image": null, "mask_image": null, "color_analysis": null}]}
DETECTION_RESULTS_END
[16-Mar-2025 07:16:51 Europe/Berlin] Return code: 0
[16-Mar-2025 07:16:51 Europe/Berlin] Processing line: Current working directory: C:\xampp\htdocs\coba_website
[16-Mar-2025 07:16:51 Europe/Berlin] Processing line: Model path (absolute): C:\xampp\htdocs\coba_website\app\content\Melon\deeplearning\chili_yolov8.pt
[16-Mar-2025 07:16:51 Europe/Berlin] Processing line: Upload path (absolute): C:\xampp\htdocs\coba_website\output\detect_19\raw__DSC1442.JPG
[16-Mar-2025 07:16:51 Europe/Berlin] Processing line: Results directory (absolute): C:\xampp\htdocs\coba_website\output\detect_19
[16-Mar-2025 07:16:51 Europe/Berlin] Processing line: Using HSV ranges:
[16-Mar-2025 07:16:51 Europe/Berlin] Processing line: Range 1: H=[155-255], S=[160-240], V=[160-255]
[16-Mar-2025 07:16:51 Europe/Berlin] Processing line: Range 2: H=[0-30], S=[160-240], V=[160-255]
[16-Mar-2025 07:16:51 Europe/Berlin] Processing line: Loading model...
[16-Mar-2025 07:16:51 Europe/Berlin] Processing line: Model loaded successfully
[16-Mar-2025 07:16:51 Europe/Berlin] Processing line: Reading image...
[16-Mar-2025 07:16:51 Europe/Berlin] Processing line: Image read successfully, shape: (5568, 3712, 3)
[16-Mar-2025 07:16:51 Europe/Berlin] Processing line: Running detection...
[16-Mar-2025 07:16:51 Europe/Berlin] Processing line: 
[16-Mar-2025 07:16:51 Europe/Berlin] Processing line: 0: 640x448 43 germinated_seeds, 20 not_germinateds, 234.0ms
[16-Mar-2025 07:16:51 Europe/Berlin] Processing line: Speed: 4.0ms preprocess, 234.0ms inference, 6.0ms postprocess per image at shape (1, 3, 640, 448)
[16-Mar-2025 07:16:51 Europe/Berlin] Processing line: Detection completed successfully
[16-Mar-2025 07:16:51 Europe/Berlin] Processing line: Found 63 objects
[16-Mar-2025 07:16:51 Europe/Berlin] Processing line: Processing detection 1: germinated_seed (90.56%)
[16-Mar-2025 07:16:51 Europe/Berlin] Processing line: Successfully saved cropped germinated_seed to: C:\xampp\htdocs\coba_website\output\detect_19\germinated_seed_1_90pct_1742105801.jpg
[16-Mar-2025 07:16:51 Europe/Berlin] Processing line: Processing detection 2: germinated_seed (90.11%)
[16-Mar-2025 07:16:51 Europe/Berlin] Processing line: Successfully saved cropped germinated_seed to: C:\xampp\htdocs\coba_website\output\detect_19\germinated_seed_2_90pct_1742105801.jpg
[16-Mar-2025 07:16:51 Europe/Berlin] Processing line: Processing detection 3: germinated_seed (89.73%)
[16-Mar-2025 07:16:51 Europe/Berlin] Processing line: Successfully saved cropped germinated_seed to: C:\xampp\htdocs\coba_website\output\detect_19\germinated_seed_3_89pct_1742105801.jpg
[16-Mar-2025 07:16:51 Europe/Berlin] Processing line: Processing detection 4: germinated_seed (88.58%)
[16-Mar-2025 07:16:51 Europe/Berlin] Processing line: Successfully saved cropped germinated_seed to: C:\xampp\htdocs\coba_website\output\detect_19\germinated_seed_4_88pct_1742105801.jpg
[16-Mar-2025 07:16:51 Europe/Berlin] Processing line: Processing detection 5: germinated_seed (88.41%)
[16-Mar-2025 07:16:51 Europe/Berlin] Processing line: Successfully saved cropped germinated_seed to: C:\xampp\htdocs\coba_website\output\detect_19\germinated_seed_5_88pct_1742105801.jpg
[16-Mar-2025 07:16:51 Europe/Berlin] Processing line: Processing detection 6: germinated_seed (88.21%)
[16-Mar-2025 07:16:51 Europe/Berlin] Processing line: Successfully saved cropped germinated_seed to: C:\xampp\htdocs\coba_website\output\detect_19\germinated_seed_6_88pct_1742105801.jpg
[16-Mar-2025 07:16:51 Europe/Berlin] Processing line: Processing detection 7: germinated_seed (87.94%)
[16-Mar-2025 07:16:51 Europe/Berlin] Processing line: Successfully saved cropped germinated_seed to: C:\xampp\htdocs\coba_website\output\detect_19\germinated_seed_7_87pct_1742105801.jpg
[16-Mar-2025 07:16:51 Europe/Berlin] Processing line: Processing detection 8: germinated_seed (86.96%)
[16-Mar-2025 07:16:51 Europe/Berlin] Processing line: Successfully saved cropped germinated_seed to: C:\xampp\htdocs\coba_website\output\detect_19\germinated_seed_8_86pct_1742105801.jpg
[16-Mar-2025 07:16:51 Europe/Berlin] Processing line: Processing detection 9: germinated_seed (86.69%)
[16-Mar-2025 07:16:51 Europe/Berlin] Processing line: Successfully saved cropped germinated_seed to: C:\xampp\htdocs\coba_website\output\detect_19\germinated_seed_9_86pct_1742105801.jpg
[16-Mar-2025 07:16:51 Europe/Berlin] Processing line: Processing detection 10: germinated_seed (86.37%)
[16-Mar-2025 07:16:51 Europe/Berlin] Processing line: Successfully saved cropped germinated_seed to: C:\xampp\htdocs\coba_website\output\detect_19\germinated_seed_10_86pct_1742105801.jpg
[16-Mar-2025 07:16:51 Europe/Berlin] Processing line: Processing detection 11: germinated_seed (85.78%)
[16-Mar-2025 07:16:51 Europe/Berlin] Processing line: Successfully saved cropped germinated_seed to: C:\xampp\htdocs\coba_website\output\detect_19\germinated_seed_11_85pct_1742105801.jpg
[16-Mar-2025 07:16:51 Europe/Berlin] Processing line: Processing detection 12: germinated_seed (85.54%)
[16-Mar-2025 07:16:51 Europe/Berlin] Processing line: Successfully saved cropped germinated_seed to: C:\xampp\htdocs\coba_website\output\detect_19\germinated_seed_12_85pct_1742105801.jpg
[16-Mar-2025 07:16:51 Europe/Berlin] Processing line: Processing detection 13: germinated_seed (84.51%)
[16-Mar-2025 07:16:51 Europe/Berlin] Processing line: Successfully saved cropped germinated_seed to: C:\xampp\htdocs\coba_website\output\detect_19\germinated_seed_13_84pct_1742105801.jpg
[16-Mar-2025 07:16:51 Europe/Berlin] Processing line: Processing detection 14: germinated_seed (84.37%)
[16-Mar-2025 07:16:51 Europe/Berlin] Processing line: Successfully saved cropped germinated_seed to: C:\xampp\htdocs\coba_website\output\detect_19\germinated_seed_14_84pct_1742105801.jpg
[16-Mar-2025 07:16:51 Europe/Berlin] Processing line: Processing detection 15: germinated_seed (84.27%)
[16-Mar-2025 07:16:51 Europe/Berlin] Processing line: Successfully saved cropped germinated_seed to: C:\xampp\htdocs\coba_website\output\detect_19\germinated_seed_15_84pct_1742105801.jpg
[16-Mar-2025 07:16:51 Europe/Berlin] Processing line: Processing detection 16: germinated_seed (84.09%)
[16-Mar-2025 07:16:51 Europe/Berlin] Processing line: Successfully saved cropped germinated_seed to: C:\xampp\htdocs\coba_website\output\detect_19\germinated_seed_16_84pct_1742105801.jpg
[16-Mar-2025 07:16:51 Europe/Berlin] Processing line: Processing detection 17: germinated_seed (83.57%)
[16-Mar-2025 07:16:51 Europe/Berlin] Processing line: Successfully saved cropped germinated_seed to: C:\xampp\htdocs\coba_website\output\detect_19\germinated_seed_17_83pct_1742105801.jpg
[16-Mar-2025 07:16:51 Europe/Berlin] Processing line: Processing detection 18: germinated_seed (82.60%)
[16-Mar-2025 07:16:51 Europe/Berlin] Processing line: Successfully saved cropped germinated_seed to: C:\xampp\htdocs\coba_website\output\detect_19\germinated_seed_18_82pct_1742105801.jpg
[16-Mar-2025 07:16:51 Europe/Berlin] Processing line: Processing detection 19: germinated_seed (80.71%)
[16-Mar-2025 07:16:51 Europe/Berlin] Processing line: Successfully saved cropped germinated_seed to: C:\xampp\htdocs\coba_website\output\detect_19\germinated_seed_19_80pct_1742105801.jpg
[16-Mar-2025 07:16:51 Europe/Berlin] Processing line: Processing detection 20: germinated_seed (80.54%)
[16-Mar-2025 07:16:51 Europe/Berlin] Processing line: Successfully saved cropped germinated_seed to: C:\xampp\htdocs\coba_website\output\detect_19\germinated_seed_20_80pct_1742105801.jpg
[16-Mar-2025 07:16:51 Europe/Berlin] Processing line: Processing detection 21: not_germinated (78.84%)
[16-Mar-2025 07:16:51 Europe/Berlin] Processing line: Successfully saved cropped not_germinated to: C:\xampp\htdocs\coba_website\output\detect_19\not_germinated_21_78pct_1742105801.jpg
[16-Mar-2025 07:16:51 Europe/Berlin] Processing line: Processing detection 22: germinated_seed (78.27%)
[16-Mar-2025 07:16:51 Europe/Berlin] Processing line: Successfully saved cropped germinated_seed to: C:\xampp\htdocs\coba_website\output\detect_19\germinated_seed_22_78pct_1742105801.jpg
[16-Mar-2025 07:16:51 Europe/Berlin] Processing line: Processing detection 23: germinated_seed (75.30%)
[16-Mar-2025 07:16:51 Europe/Berlin] Processing line: Successfully saved cropped germinated_seed to: C:\xampp\htdocs\coba_website\output\detect_19\germinated_seed_23_75pct_1742105801.jpg
[16-Mar-2025 07:16:51 Europe/Berlin] Processing line: Processing detection 24: not_germinated (74.10%)
[16-Mar-2025 07:16:51 Europe/Berlin] Processing line: Successfully saved cropped not_germinated to: C:\xampp\htdocs\coba_website\output\detect_19\not_germinated_24_74pct_1742105801.jpg
[16-Mar-2025 07:16:51 Europe/Berlin] Processing line: Processing detection 25: germinated_seed (73.97%)
[16-Mar-2025 07:16:51 Europe/Berlin] Processing line: Successfully saved cropped germinated_seed to: C:\xampp\htdocs\coba_website\output\detect_19\germinated_seed_25_73pct_1742105801.jpg
[16-Mar-2025 07:16:51 Europe/Berlin] Processing line: Processing detection 26: germinated_seed (73.42%)
[16-Mar-2025 07:16:51 Europe/Berlin] Processing line: Successfully saved cropped germinated_seed to: C:\xampp\htdocs\coba_website\output\detect_19\germinated_seed_26_73pct_1742105801.jpg
[16-Mar-2025 07:16:51 Europe/Berlin] Processing line: Processing detection 27: germinated_seed (73.37%)
[16-Mar-2025 07:16:51 Europe/Berlin] Processing line: Successfully saved cropped germinated_seed to: C:\xampp\htdocs\coba_website\output\detect_19\germinated_seed_27_73pct_1742105801.jpg
[16-Mar-2025 07:16:51 Europe/Berlin] Processing line: Processing detection 28: germinated_seed (71.74%)
[16-Mar-2025 07:16:51 Europe/Berlin] Processing line: Successfully saved cropped germinated_seed to: C:\xampp\htdocs\coba_website\output\detect_19\germinated_seed_28_71pct_1742105801.jpg
[16-Mar-2025 07:16:51 Europe/Berlin] Processing line: Processing detection 29: germinated_seed (71.59%)
[16-Mar-2025 07:16:51 Europe/Berlin] Processing line: Successfully saved cropped germinated_seed to: C:\xampp\htdocs\coba_website\output\detect_19\germinated_seed_29_71pct_1742105801.jpg
[16-Mar-2025 07:16:51 Europe/Berlin] Processing line: Processing detection 30: germinated_seed (71.24%)
[16-Mar-2025 07:16:51 Europe/Berlin] Processing line: Successfully saved cropped germinated_seed to: C:\xampp\htdocs\coba_website\output\detect_19\germinated_seed_30_71pct_1742105801.jpg
[16-Mar-2025 07:16:51 Europe/Berlin] Processing line: Processing detection 31: not_germinated (71.03%)
[16-Mar-2025 07:16:51 Europe/Berlin] Processing line: Successfully saved cropped not_germinated to: C:\xampp\htdocs\coba_website\output\detect_19\not_germinated_31_71pct_1742105801.jpg
[16-Mar-2025 07:16:51 Europe/Berlin] Processing line: Processing detection 32: not_germinated (70.10%)
[16-Mar-2025 07:16:51 Europe/Berlin] Processing line: Successfully saved cropped not_germinated to: C:\xampp\htdocs\coba_website\output\detect_19\not_germinated_32_70pct_1742105801.jpg
[16-Mar-2025 07:16:51 Europe/Berlin] Processing line: Processing detection 33: not_germinated (69.88%)
[16-Mar-2025 07:16:51 Europe/Berlin] Processing line: Successfully saved cropped not_germinated to: C:\xampp\htdocs\coba_website\output\detect_19\not_germinated_33_69pct_1742105801.jpg
[16-Mar-2025 07:16:51 Europe/Berlin] Processing line: Processing detection 34: not_germinated (69.65%)
[16-Mar-2025 07:16:51 Europe/Berlin] Processing line: Successfully saved cropped not_germinated to: C:\xampp\htdocs\coba_website\output\detect_19\not_germinated_34_69pct_1742105801.jpg
[16-Mar-2025 07:16:51 Europe/Berlin] Processing line: Processing detection 35: germinated_seed (69.22%)
[16-Mar-2025 07:16:51 Europe/Berlin] Processing line: Successfully saved cropped germinated_seed to: C:\xampp\htdocs\coba_website\output\detect_19\germinated_seed_35_69pct_1742105801.jpg
[16-Mar-2025 07:16:51 Europe/Berlin] Processing line: Processing detection 36: germinated_seed (68.96%)
[16-Mar-2025 07:16:51 Europe/Berlin] Processing line: Successfully saved cropped germinated_seed to: C:\xampp\htdocs\coba_website\output\detect_19\germinated_seed_36_68pct_1742105801.jpg
[16-Mar-2025 07:16:51 Europe/Berlin] Processing line: Processing detection 37: not_germinated (68.16%)
[16-Mar-2025 07:16:51 Europe/Berlin] Processing line: Successfully saved cropped not_germinated to: C:\xampp\htdocs\coba_website\output\detect_19\not_germinated_37_68pct_1742105801.jpg
[16-Mar-2025 07:16:51 Europe/Berlin] Processing line: Processing detection 38: germinated_seed (67.95%)
[16-Mar-2025 07:16:51 Europe/Berlin] Processing line: Successfully saved cropped germinated_seed to: C:\xampp\htdocs\coba_website\output\detect_19\germinated_seed_38_67pct_1742105801.jpg
[16-Mar-2025 07:16:51 Europe/Berlin] Processing line: Processing detection 39: germinated_seed (67.84%)
[16-Mar-2025 07:16:51 Europe/Berlin] Processing line: Successfully saved cropped germinated_seed to: C:\xampp\htdocs\coba_website\output\detect_19\germinated_seed_39_67pct_1742105801.jpg
[16-Mar-2025 07:16:51 Europe/Berlin] Processing line: Processing detection 40: not_germinated (66.40%)
[16-Mar-2025 07:16:51 Europe/Berlin] Processing line: Successfully saved cropped not_germinated to: C:\xampp\htdocs\coba_website\output\detect_19\not_germinated_40_66pct_1742105801.jpg
[16-Mar-2025 07:16:51 Europe/Berlin] Processing line: Processing detection 41: germinated_seed (65.53%)
[16-Mar-2025 07:16:51 Europe/Berlin] Processing line: Successfully saved cropped germinated_seed to: C:\xampp\htdocs\coba_website\output\detect_19\germinated_seed_41_65pct_1742105801.jpg
[16-Mar-2025 07:16:51 Europe/Berlin] Processing line: Processing detection 42: germinated_seed (65.27%)
[16-Mar-2025 07:16:51 Europe/Berlin] Processing line: Successfully saved cropped germinated_seed to: C:\xampp\htdocs\coba_website\output\detect_19\germinated_seed_42_65pct_1742105801.jpg
[16-Mar-2025 07:16:51 Europe/Berlin] Processing line: Processing detection 43: not_germinated (64.30%)
[16-Mar-2025 07:16:51 Europe/Berlin] Processing line: Successfully saved cropped not_germinated to: C:\xampp\htdocs\coba_website\output\detect_19\not_germinated_43_64pct_1742105801.jpg
[16-Mar-2025 07:16:51 Europe/Berlin] Processing line: Processing detection 44: germinated_seed (63.72%)
[16-Mar-2025 07:16:51 Europe/Berlin] Processing line: Successfully saved cropped germinated_seed to: C:\xampp\htdocs\coba_website\output\detect_19\germinated_seed_44_63pct_1742105801.jpg
[16-Mar-2025 07:16:51 Europe/Berlin] Processing line: Processing detection 45: germinated_seed (62.80%)
[16-Mar-2025 07:16:51 Europe/Berlin] Processing line: Successfully saved cropped germinated_seed to: C:\xampp\htdocs\coba_website\output\detect_19\germinated_seed_45_62pct_1742105801.jpg
[16-Mar-2025 07:16:51 Europe/Berlin] Processing line: Processing detection 46: germinated_seed (59.99%)
[16-Mar-2025 07:16:51 Europe/Berlin] Processing line: Successfully saved cropped germinated_seed to: C:\xampp\htdocs\coba_website\output\detect_19\germinated_seed_46_59pct_1742105801.jpg
[16-Mar-2025 07:16:51 Europe/Berlin] Processing line: Processing detection 47: not_germinated (59.88%)
[16-Mar-2025 07:16:51 Europe/Berlin] Processing line: Successfully saved cropped not_germinated to: C:\xampp\htdocs\coba_website\output\detect_19\not_germinated_47_59pct_1742105801.jpg
[16-Mar-2025 07:16:51 Europe/Berlin] Processing line: Processing detection 48: not_germinated (59.81%)
[16-Mar-2025 07:16:51 Europe/Berlin] Processing line: Successfully saved cropped not_germinated to: C:\xampp\htdocs\coba_website\output\detect_19\not_germinated_48_59pct_1742105801.jpg
[16-Mar-2025 07:16:51 Europe/Berlin] Processing line: Processing detection 49: germinated_seed (59.61%)
[16-Mar-2025 07:16:51 Europe/Berlin] Processing line: Successfully saved cropped germinated_seed to: C:\xampp\htdocs\coba_website\output\detect_19\germinated_seed_49_59pct_1742105801.jpg
[16-Mar-2025 07:16:51 Europe/Berlin] Processing line: Processing detection 50: not_germinated (58.81%)
[16-Mar-2025 07:16:51 Europe/Berlin] Processing line: Successfully saved cropped not_germinated to: C:\xampp\htdocs\coba_website\output\detect_19\not_germinated_50_58pct_1742105801.jpg
[16-Mar-2025 07:16:51 Europe/Berlin] Processing line: Processing detection 51: not_germinated (58.53%)
[16-Mar-2025 07:16:51 Europe/Berlin] Processing line: Successfully saved cropped not_germinated to: C:\xampp\htdocs\coba_website\output\detect_19\not_germinated_51_58pct_1742105801.jpg
[16-Mar-2025 07:16:51 Europe/Berlin] Processing line: Processing detection 52: germinated_seed (57.17%)
[16-Mar-2025 07:16:51 Europe/Berlin] Processing line: Successfully saved cropped germinated_seed to: C:\xampp\htdocs\coba_website\output\detect_19\germinated_seed_52_57pct_1742105801.jpg
[16-Mar-2025 07:16:51 Europe/Berlin] Processing line: Processing detection 53: not_germinated (56.75%)
[16-Mar-2025 07:16:51 Europe/Berlin] Processing line: Successfully saved cropped not_germinated to: C:\xampp\htdocs\coba_website\output\detect_19\not_germinated_53_56pct_1742105801.jpg
[16-Mar-2025 07:16:51 Europe/Berlin] Processing line: Processing detection 54: germinated_seed (55.87%)
[16-Mar-2025 07:16:51 Europe/Berlin] Processing line: Successfully saved cropped germinated_seed to: C:\xampp\htdocs\coba_website\output\detect_19\germinated_seed_54_55pct_1742105801.jpg
[16-Mar-2025 07:16:51 Europe/Berlin] Processing line: Processing detection 55: not_germinated (53.62%)
[16-Mar-2025 07:16:51 Europe/Berlin] Processing line: Successfully saved cropped not_germinated to: C:\xampp\htdocs\coba_website\output\detect_19\not_germinated_55_53pct_1742105801.jpg
[16-Mar-2025 07:16:51 Europe/Berlin] Processing line: Processing detection 56: not_germinated (53.48%)
[16-Mar-2025 07:16:51 Europe/Berlin] Processing line: Successfully saved cropped not_germinated to: C:\xampp\htdocs\coba_website\output\detect_19\not_germinated_56_53pct_1742105801.jpg
[16-Mar-2025 07:16:51 Europe/Berlin] Processing line: Processing detection 57: not_germinated (52.32%)
[16-Mar-2025 07:16:51 Europe/Berlin] Processing line: Successfully saved cropped not_germinated to: C:\xampp\htdocs\coba_website\output\detect_19\not_germinated_57_52pct_1742105801.jpg
[16-Mar-2025 07:16:51 Europe/Berlin] Processing line: Processing detection 58: germinated_seed (46.41%)
[16-Mar-2025 07:16:51 Europe/Berlin] Processing line: Successfully saved cropped germinated_seed to: C:\xampp\htdocs\coba_website\output\detect_19\germinated_seed_58_46pct_1742105801.jpg
[16-Mar-2025 07:16:51 Europe/Berlin] Processing line: Processing detection 59: not_germinated (44.59%)
[16-Mar-2025 07:16:51 Europe/Berlin] Processing line: Successfully saved cropped not_germinated to: C:\xampp\htdocs\coba_website\output\detect_19\not_germinated_59_44pct_1742105801.jpg
[16-Mar-2025 07:16:51 Europe/Berlin] Processing line: Processing detection 60: germinated_seed (43.97%)
[16-Mar-2025 07:16:51 Europe/Berlin] Processing line: Successfully saved cropped germinated_seed to: C:\xampp\htdocs\coba_website\output\detect_19\germinated_seed_60_43pct_1742105801.jpg
[16-Mar-2025 07:16:51 Europe/Berlin] Processing line: Processing detection 61: not_germinated (41.50%)
[16-Mar-2025 07:16:51 Europe/Berlin] Processing line: Successfully saved cropped not_germinated to: C:\xampp\htdocs\coba_website\output\detect_19\not_germinated_61_41pct_1742105801.jpg
[16-Mar-2025 07:16:51 Europe/Berlin] Processing line: Processing detection 62: not_germinated (36.35%)
[16-Mar-2025 07:16:51 Europe/Berlin] Processing line: Successfully saved cropped not_germinated to: C:\xampp\htdocs\coba_website\output\detect_19\not_germinated_62_36pct_1742105801.jpg
[16-Mar-2025 07:16:51 Europe/Berlin] Processing line: Processing detection 63: germinated_seed (29.30%)
[16-Mar-2025 07:16:51 Europe/Berlin] Processing line: Successfully saved cropped germinated_seed to: C:\xampp\htdocs\coba_website\output\detect_19\germinated_seed_63_29pct_1742105801.jpg
[16-Mar-2025 07:16:51 Europe/Berlin] Processing line: Saved detection results to: C:\xampp\htdocs\coba_website\output\detect_19\1742105801_detections.json
[16-Mar-2025 07:16:51 Europe/Berlin] Processing line: Successfully saved result visualization to: C:\xampp\htdocs\coba_website\output\detect_19\1742105801_result.jpg
[16-Mar-2025 07:16:51 Europe/Berlin] Processing line: DETECTION_RESULTS_START
[16-Mar-2025 07:16:51 Europe/Berlin] Processing line: {"image_size": {"width": 3712, "height": 5568}, "detections": [{"class": "germinated_seed", "confidence": 90.56, "bbox": {"x1": 3111, "y1": 3097, "x2": 3514, "y2": 3460, "width": 403, "height": 363}, "cropped_image": "germinated_seed_1_90pct_1742105801.jpg", "processed_image": null, "mask_image": null, "color_analysis": null}, {"class": "germinated_seed", "confidence": 90.11, "bbox": {"x1": 1950, "y1": 1485, "x2": 2284, "y2": 1826, "width": 334, "height": 341}, "cropped_image": "germinated_seed_2_90pct_1742105801.jpg", "processed_image": null, "mask_image": null, "color_analysis": null}, {"class": "germinated_seed", "confidence": 89.73, "bbox": {"x1": 1417, "y1": 3110, "x2": 1798, "y2": 3467, "width": 381, "height": 357}, "cropped_image": "germinated_seed_3_89pct_1742105801.jpg", "processed_image": null, "mask_image": null, "color_analysis": null}, {"class": "germinated_seed", "confidence": 88.58, "bbox": {"x1": 1412, "y1": 3742, "x2": 1784, "y2": 4121, "width": 372, "height": 379}, "cropped_image": "germinated_seed_4_88pct_1742105801.jpg", "processed_image": null, "mask_image": null, "color_analysis": null}, {"class": "germinated_seed", "confidence": 88.41, "bbox": {"x1": 1401, "y1": 965, "x2": 1736, "y2": 1287, "width": 335, "height": 322}, "cropped_image": "germinated_seed_5_88pct_1742105801.jpg", "processed_image": null, "mask_image": null, "color_analysis": null}, {"class": "germinated_seed", "confidence": 88.21, "bbox": {"x1": 2471, "y1": 1426, "x2": 2842, "y2": 1769, "width": 371, "height": 343}, "cropped_image": "germinated_seed_6_88pct_1742105801.jpg", "processed_image": null, "mask_image": null, "color_analysis": null}, {"class": "germinated_seed", "confidence": 87.94, "bbox": {"x1": 2000, "y1": 942, "x2": 2355, "y2": 1277, "width": 355, "height": 335}, "cropped_image": "germinated_seed_7_87pct_1742105801.jpg", "processed_image": null, "mask_image": null, "color_analysis": null}, {"class": "germinated_seed", "confidence": 86.96, "bbox": {"x1": 3171, "y1": 1949, "x2": 3536, "y2": 2307, "width": 365, "height": 358}, "cropped_image": "germinated_seed_8_86pct_1742105801.jpg", "processed_image": null, "mask_image": null, "color_analysis": null}, {"class": "germinated_seed", "confidence": 86.69, "bbox": {"x1": 2001, "y1": 4309, "x2": 2387, "y2": 4708, "width": 386, "height": 399}, "cropped_image": "germinated_seed_9_86pct_1742105801.jpg", "processed_image": null, "mask_image": null, "color_analysis": null}, {"class": "germinated_seed", "confidence": 86.37, "bbox": {"x1": 228, "y1": 3138, "x2": 633, "y2": 3503, "width": 405, "height": 365}, "cropped_image": "germinated_seed_10_86pct_1742105801.jpg", "processed_image": null, "mask_image": null, "color_analysis": null}, {"class": "germinated_seed", "confidence": 85.78, "bbox": {"x1": 1370, "y1": 453, "x2": 1710, "y2": 794, "width": 340, "height": 341}, "cropped_image": "germinated_seed_11_85pct_1742105801.jpg", "processed_image": null, "mask_image": null, "color_analysis": null}, {"class": "germinated_seed", "confidence": 85.54, "bbox": {"x1": 3215, "y1": 3745, "x2": 3637, "y2": 4151, "width": 422, "height": 406}, "cropped_image": "germinated_seed_12_85pct_1742105801.jpg", "processed_image": null, "mask_image": null, "color_analysis": null}, {"class": "germinated_seed", "confidence": 84.51, "bbox": {"x1": 2560, "y1": 4369, "x2": 2913, "y2": 4720, "width": 353, "height": 351}, "cropped_image": "germinated_seed_13_84pct_1742105801.jpg", "processed_image": null, "mask_image": null, "color_analysis": null}, {"class": "germinated_seed", "confidence": 84.37, "bbox": {"x1": 812, "y1": 2541, "x2": 1273, "y2": 2941, "width": 461, "height": 400}, "cropped_image": "germinated_seed_14_84pct_1742105801.jpg", "processed_image": null, "mask_image": null, "color_analysis": null}, {"class": "germinated_seed", "confidence": 84.27, "bbox": {"x1": 1983, "y1": 2032, "x2": 2337, "y2": 2368, "width": 354, "height": 336}, "cropped_image": "germinated_seed_15_84pct_1742105801.jpg", "processed_image": null, "mask_image": null, "color_analysis": null}, {"class": "germinated_seed", "confidence": 84.09, "bbox": {"x1": 303, "y1": 1454, "x2": 670, "y2": 1819, "width": 367, "height": 365}, "cropped_image": "germinated_seed_16_84pct_1742105801.jpg", "processed_image": null, "mask_image": null, "color_analysis": null}, {"class": "germinated_seed", "confidence": 83.57, "bbox": {"x1": 2573, "y1": 1950, "x2": 2934, "y2": 2346, "width": 361, "height": 396}, "cropped_image": "germinated_seed_17_83pct_1742105801.jpg", "processed_image": null, "mask_image": null, "color_analysis": null}, {"class": "germinated_seed", "confidence": 82.6, "bbox": {"x1": 1985, "y1": 3096, "x2": 2369, "y2": 3445, "width": 384, "height": 349}, "cropped_image": "germinated_seed_18_82pct_1742105801.jpg", "processed_image": null, "mask_image": null, "color_analysis": null}, {"class": "germinated_seed", "confidence": 80.71, "bbox": {"x1": 295, "y1": 2533, "x2": 674, "y2": 2926, "width": 379, "height": 393}, "cropped_image": "germinated_seed_19_80pct_1742105801.jpg", "processed_image": null, "mask_image": null, "color_analysis": null}, {"class": "germinated_seed", "confidence": 80.54, "bbox": {"x1": 801, "y1": 4903, "x2": 1218, "y2": 5296, "width": 417, "height": 393}, "cropped_image": "germinated_seed_20_80pct_1742105801.jpg", "processed_image": null, "mask_image": null, "color_analysis": null}, {"class": "not_germinated", "confidence": 78.84, "bbox": {"x1": 198, "y1": 4824, "x2": 662, "y2": 5222, "width": 464, "height": 398}, "cropped_image": "not_germinated_21_78pct_1742105801.jpg", "processed_image": null, "mask_image": null, "color_analysis": null}, {"class": "germinated_seed", "confidence": 78.27, "bbox": {"x1": 1937, "y1": 2595, "x2": 2347, "y2": 2948, "width": 410, "height": 353}, "cropped_image": "germinated_seed_22_78pct_1742105801.jpg", "processed_image": null, "mask_image": null, "color_analysis": null}, {"class": "germinated_seed", "confidence": 75.3, "bbox": {"x1": 2587, "y1": 4868, "x2": 3000, "y2": 5281, "width": 413, "height": 413}, "cropped_image": "germinated_seed_23_75pct_1742105801.jpg", "processed_image": null, "mask_image": null, "color_analysis": null}, {"class": "not_germinated", "confidence": 74.1, "bbox": {"x1": 821, "y1": 1422, "x2": 1175, "y2": 1794, "width": 354, "height": 372}, "cropped_image": "not_germinated_24_74pct_1742105801.jpg", "processed_image": null, "mask_image": null, "color_analysis": null}, {"class": "germinated_seed", "confidence": 73.97, "bbox": {"x1": 935, "y1": 0, "x2": 1236, "y2": 301, "width": 301, "height": 301}, "cropped_image": "germinated_seed_25_73pct_1742105801.jpg", "processed_image": null, "mask_image": null, "color_analysis": null}, {"class": "germinated_seed", "confidence": 73.42, "bbox": {"x1": 1407, "y1": 2027, "x2": 1772, "y2": 2388, "width": 365, "height": 361}, "cropped_image": "germinated_seed_26_73pct_1742105801.jpg", "processed_image": null, "mask_image": null, "color_analysis": null}, {"class": "germinated_seed", "confidence": 73.37, "bbox": {"x1": 3203, "y1": 4284, "x2": 3622, "y2": 4673, "width": 419, "height": 389}, "cropped_image": "germinated_seed_27_73pct_1742105801.jpg", "processed_image": null, "mask_image": null, "color_analysis": null}, {"class": "germinated_seed", "confidence": 71.74, "bbox": {"x1": 240, "y1": 3670, "x2": 635, "y2": 4022, "width": 395, "height": 352}, "cropped_image": "germinated_seed_28_71pct_1742105801.jpg", "processed_image": null, "mask_image": null, "color_analysis": null}, {"class": "germinated_seed", "confidence": 71.59, "bbox": {"x1": 3116, "y1": 1301, "x2": 3495, "y2": 1751, "width": 379, "height": 450}, "cropped_image": "germinated_seed_29_71pct_1742105801.jpg", "processed_image": null, "mask_image": null, "color_analysis": null}, {"class": "germinated_seed", "confidence": 71.24, "bbox": {"x1": 836, "y1": 998, "x2": 1187, "y2": 1302, "width": 351, "height": 304}, "cropped_image": "germinated_seed_30_71pct_1742105801.jpg", "processed_image": null, "mask_image": null, "color_analysis": null}, {"class": "not_germinated", "confidence": 71.03, "bbox": {"x1": 401, "y1": 414, "x2": 722, "y2": 788, "width": 321, "height": 374}, "cropped_image": "not_germinated_31_71pct_1742105801.jpg", "processed_image": null, "mask_image": null, "color_analysis": null}, {"class": "not_germinated", "confidence": 70.1, "bbox": {"x1": 908, "y1": 2022, "x2": 1239, "y2": 2378, "width": 331, "height": 356}, "cropped_image": "not_germinated_32_70pct_1742105801.jpg", "processed_image": null, "mask_image": null, "color_analysis": null}, {"class": "not_germinated", "confidence": 69.88, "bbox": {"x1": 2602, "y1": 2549, "x2": 2975, "y2": 2896, "width": 373, "height": 347}, "cropped_image": "not_germinated_33_69pct_1742105801.jpg", "processed_image": null, "mask_image": null, "color_analysis": null}, {"class": "not_germinated", "confidence": 69.65, "bbox": {"x1": 3147, "y1": 2494, "x2": 3525, "y2": 2852, "width": 378, "height": 358}, "cropped_image": "not_germinated_34_69pct_1742105801.jpg", "processed_image": null, "mask_image": null, "color_analysis": null}, {"class": "germinated_seed", "confidence": 69.22, "bbox": {"x1": 371, "y1": 2017, "x2": 699, "y2": 2376, "width": 328, "height": 359}, "cropped_image": "germinated_seed_35_69pct_1742105801.jpg", "processed_image": null, "mask_image": null, "color_analysis": null}, {"class": "germinated_seed", "confidence": 68.96, "bbox": {"x1": 3168, "y1": 234, "x2": 3533, "y2": 621, "width": 365, "height": 387}, "cropped_image": "germinated_seed_36_68pct_1742105801.jpg", "processed_image": null, "mask_image": null, "color_analysis": null}, {"class": "not_germinated", "confidence": 68.16, "bbox": {"x1": 1361, "y1": 4896, "x2": 1747, "y2": 5313, "width": 386, "height": 417}, "cropped_image": "not_germinated_37_68pct_1742105801.jpg", "processed_image": null, "mask_image": null, "color_analysis": null}, {"class": "germinated_seed", "confidence": 67.95, "bbox": {"x1": 2452, "y1": 339, "x2": 2851, "y2": 721, "width": 399, "height": 382}, "cropped_image": "germinated_seed_38_67pct_1742105801.jpg", "processed_image": null, "mask_image": null, "color_analysis": null}, {"class": "germinated_seed", "confidence": 67.84, "bbox": {"x1": 1966, "y1": 2512, "x2": 2360, "y2": 2818, "width": 394, "height": 306}, "cropped_image": "germinated_seed_39_67pct_1742105801.jpg", "processed_image": null, "mask_image": null, "color_analysis": null}, {"class": "not_germinated", "confidence": 66.4, "bbox": {"x1": 1401, "y1": 2536, "x2": 1775, "y2": 2907, "width": 374, "height": 371}, "cropped_image": "not_germinated_40_66pct_1742105801.jpg", "processed_image": null, "mask_image": null, "color_analysis": null}, {"class": "germinated_seed", "confidence": 65.53, "bbox": {"x1": 3061, "y1": 776, "x2": 3480, "y2": 1186, "width": 419, "height": 410}, "cropped_image": "germinated_seed_41_65pct_1742105801.jpg", "processed_image": null, "mask_image": null, "color_analysis": null}, {"class": "germinated_seed", "confidence": 65.27, "bbox": {"x1": 1420, "y1": 1468, "x2": 1771, "y2": 1824, "width": 351, "height": 356}, "cropped_image": "germinated_seed_42_65pct_1742105801.jpg", "processed_image": null, "mask_image": null, "color_analysis": null}, {"class": "not_germinated", "confidence": 64.3, "bbox": {"x1": 1991, "y1": 4839, "x2": 2390, "y2": 5262, "width": 399, "height": 423}, "cropped_image": "not_germinated_43_64pct_1742105801.jpg", "processed_image": null, "mask_image": null, "color_analysis": null}, {"class": "germinated_seed", "confidence": 63.72, "bbox": {"x1": 375, "y1": 32, "x2": 669, "y2": 310, "width": 294, "height": 278}, "cropped_image": "germinated_seed_44_63pct_1742105801.jpg", "processed_image": null, "mask_image": null, "color_analysis": null}, {"class": "germinated_seed", "confidence": 62.8, "bbox": {"x1": 1457, "y1": 0, "x2": 1764, "y2": 289, "width": 307, "height": 289}, "cropped_image": "germinated_seed_45_62pct_1742105801.jpg", "processed_image": null, "mask_image": null, "color_analysis": null}, {"class": "germinated_seed", "confidence": 59.99, "bbox": {"x1": 1950, "y1": 0, "x2": 2284, "y2": 269, "width": 334, "height": 269}, "cropped_image": "germinated_seed_46_59pct_1742105801.jpg", "processed_image": null, "mask_image": null, "color_analysis": null}, {"class": "not_germinated", "confidence": 59.88, "bbox": {"x1": 2519, "y1": 3074, "x2": 2918, "y2": 3460, "width": 399, "height": 386}, "cropped_image": "not_germinated_47_59pct_1742105801.jpg", "processed_image": null, "mask_image": null, "color_analysis": null}, {"class": "not_germinated", "confidence": 59.81, "bbox": {"x1": 880, "y1": 3708, "x2": 1243, "y2": 4104, "width": 363, "height": 396}, "cropped_image": "not_germinated_48_59pct_1742105801.jpg", "processed_image": null, "mask_image": null, "color_analysis": null}, {"class": "germinated_seed", "confidence": 59.61, "bbox": {"x1": 2528, "y1": 3691, "x2": 2905, "y2": 4104, "width": 377, "height": 413}, "cropped_image": "germinated_seed_49_59pct_1742105801.jpg", "processed_image": null, "mask_image": null, "color_analysis": null}, {"class": "not_germinated", "confidence": 58.81, "bbox": {"x1": 3208, "y1": 4942, "x2": 3566, "y2": 5375, "width": 358, "height": 433}, "cropped_image": "not_germinated_50_58pct_1742105801.jpg", "processed_image": null, "mask_image": null, "color_analysis": null}, {"class": "not_germinated", "confidence": 58.53, "bbox": {"x1": 796, "y1": 4290, "x2": 1181, "y2": 4684, "width": 385, "height": 394}, "cropped_image": "not_germinated_51_58pct_1742105801.jpg", "processed_image": null, "mask_image": null, "color_analysis": null}, {"class": "germinated_seed", "confidence": 57.17, "bbox": {"x1": 849, "y1": 405, "x2": 1221, "y2": 782, "width": 372, "height": 377}, "cropped_image": "germinated_seed_52_57pct_1742105801.jpg", "processed_image": null, "mask_image": null, "color_analysis": null}, {"class": "not_germinated", "confidence": 56.75, "bbox": {"x1": 296, "y1": 4234, "x2": 673, "y2": 4612, "width": 377, "height": 378}, "cropped_image": "not_germinated_53_56pct_1742105801.jpg", "processed_image": null, "mask_image": null, "color_analysis": null}, {"class": "germinated_seed", "confidence": 55.87, "bbox": {"x1": 797, "y1": 3152, "x2": 1194, "y2": 3522, "width": 397, "height": 370}, "cropped_image": "germinated_seed_54_55pct_1742105801.jpg", "processed_image": null, "mask_image": null, "color_analysis": null}, {"class": "not_germinated", "confidence": 53.62, "bbox": {"x1": 1951, "y1": 411, "x2": 2264, "y2": 767, "width": 313, "height": 356}, "cropped_image": "not_germinated_55_53pct_1742105801.jpg", "processed_image": null, "mask_image": null, "color_analysis": null}, {"class": "not_germinated", "confidence": 53.48, "bbox": {"x1": 1383, "y1": 4304, "x2": 1755, "y2": 4662, "width": 372, "height": 358}, "cropped_image": "not_germinated_56_53pct_1742105801.jpg", "processed_image": null, "mask_image": null, "color_analysis": null}, {"class": "not_germinated", "confidence": 52.32, "bbox": {"x1": 797, "y1": 3146, "x2": 1193, "y2": 3520, "width": 396, "height": 374}, "cropped_image": "not_germinated_57_52pct_1742105801.jpg", "processed_image": null, "mask_image": null, "color_analysis": null}, {"class": "germinated_seed", "confidence": 46.41, "bbox": {"x1": 2540, "y1": 958, "x2": 2860, "y2": 1274, "width": 320, "height": 316}, "cropped_image": "germinated_seed_58_46pct_1742105801.jpg", "processed_image": null, "mask_image": null, "color_analysis": null}, {"class": "not_germinated", "confidence": 44.59, "bbox": {"x1": 2002, "y1": 3761, "x2": 2357, "y2": 4132, "width": 355, "height": 371}, "cropped_image": "not_germinated_59_44pct_1742105801.jpg", "processed_image": null, "mask_image": null, "color_analysis": null}, {"class": "germinated_seed", "confidence": 43.97, "bbox": {"x1": 285, "y1": 965, "x2": 672, "y2": 1299, "width": 387, "height": 334}, "cropped_image": "germinated_seed_60_43pct_1742105801.jpg", "processed_image": null, "mask_image": null, "color_analysis": null}, {"class": "not_germinated", "confidence": 41.5, "bbox": {"x1": 2537, "y1": 954, "x2": 2856, "y2": 1274, "width": 319, "height": 320}, "cropped_image": "not_germinated_61_41pct_1742105801.jpg", "processed_image": null, "mask_image": null, "color_analysis": null}, {"class": "not_germinated", "confidence": 36.35, "bbox": {"x1": 2534, "y1": 0, "x2": 2902, "y2": 233, "width": 368, "height": 233}, "cropped_image": "not_germinated_62_36pct_1742105801.jpg", "processed_image": null, "mask_image": null, "color_analysis": null}, {"class": "germinated_seed", "confidence": 29.3, "bbox": {"x1": 1994, "y1": 3775, "x2": 2358, "y2": 4127, "width": 364, "height": 352}, "cropped_image": "germinated_seed_63_29pct_1742105801.jpg", "processed_image": null, "mask_image": null, "color_analysis": null}]}
[16-Mar-2025 07:16:51 Europe/Berlin] Processing line: DETECTION_RESULTS_END
[16-Mar-2025 07:16:51 Europe/Berlin] Parsing JSON data: {"image_size": {"width": 3712, "height": 5568}, "detections": [{"class": "germinated_seed", "confidence": 90.56, "bbox": {"x1": 3111, "y1": 3097, "x2": 3514, "y2": 3460, "width": 403, "height": 363}, "cropped_image": "germinated_seed_1_90pct_1742105801.jpg", "processed_image": null, "mask_image": null, "color_analysis": null}, {"class": "germinated_seed", "confidence": 90.11, "bbox": {"x1": 1950, "y1": 1485, "x2": 2284, "y2": 1826, "width": 334, "height": 341}, "cropped_image": "germinated_seed_2_90pct_1742105801.jpg", "processed_image": null, "mask_image": null, "color_analysis": null}, {"class": "germinated_seed", "confidence": 89.73, "bbox": {"x1": 1417, "y1": 3110, "x2": 1798, "y2": 3467, "width": 381, "height": 357}, "cropped_image": "germinated_seed_3_89pct_1742105801.jpg", "processed_image": null, "mask_image": null, "color_analysis": null}, {"class": "germinated_seed", "confidence": 88.58, "bbox": {"x1": 1412, "y1": 3742, "x2": 1784, "y2": 4121, "width": 372, "height": 379}, "cropped_image": "germinated_seed_4_88pct_1742105801.jpg", "processed_image": null, "mask_image": null, "color_analysis": null}, {"class": "germinated_seed", "confidence": 88.41, "bbox": {"x1": 1401, "y1": 965, "x2": 1736, "y2": 1287, "width": 335, "height": 322}, "cropped_image": "germinated_seed_5_88pct_1742105801.jpg", "processed_image": null, "mask_image": null, "color_analysis": null}, {"class": "germinated_seed", "confidence": 88.21, "bbox": {"x1": 2471, "y1": 1426, "x2": 2842, "y2": 1769, "width": 371, "height": 343}, "cropped_image": "germinated_seed_6_88pct_1742105801.jpg", "processed_image": null, "mask_image": null, "color_analysis": null}, {"class": "germinated_seed", "confidence": 87.94, "bbox": {"x1": 2000, "y1": 942, "x2": 2355, "y2": 1277, "width": 355, "height": 335}, "cropped_image": "germinated_seed_7_87pct_1742105801.jpg", "processed_image": null, "mask_image": null, "color_analysis": null}, {"class": "germinated_seed", "confidence": 86.96, "bbox": {"x1": 3171, "y1": 1949, "x2": 3536, "y2": 2307, "width": 365, "height": 358}, "cropped_image": "germinated_seed_8_86pct_1742105801.jpg", "processed_image": null, "mask_image": null, "color_analysis": null}, {"class": "germinated_seed", "confidence": 86.69, "bbox": {"x1": 2001, "y1": 4309, "x2": 2387, "y2": 4708, "width": 386, "height": 399}, "cropped_image": "germinated_seed_9_86pct_1742105801.jpg", "processed_image": null, "mask_image": null, "color_analysis": null}, {"class": "germinated_seed", "confidence": 86.37, "bbox": {"x1": 228, "y1": 3138, "x2": 633, "y2": 3503, "width": 405, "height": 365}, "cropped_image": "germinated_seed_10_86pct_1742105801.jpg", "processed_image": null, "mask_image": null, "color_analysis": null}, {"class": "germinated_seed", "confidence": 85.78, "bbox": {"x1": 1370, "y1": 453, "x2": 1710, "y2": 794, "width": 340, "height": 341}, "cropped_image": "germinated_seed_11_85pct_1742105801.jpg", "processed_image": null, "mask_image": null, "color_analysis": null}, {"class": "germinated_seed", "confidence": 85.54, "bbox": {"x1": 3215, "y1": 3745, "x2": 3637, "y2": 4151, "width": 422, "height": 406}, "cropped_image": "germinated_seed_12_85pct_1742105801.jpg", "processed_image": null, "mask_image": null, "color_analysis": null}, {"class": "germinated_seed", "confidence": 84.51, "bbox": {"x1": 2560, "y1": 4369, "x2": 2913, "y2": 4720, "width": 353, "height": 351}, "cropped_image": "germinated_seed_13_84pct_1742105801.jpg", "processed_image": null, "mask_image": null, "color_analysis": null}, {"class": "germinated_seed", "confidence": 84.37, "bbox": {"x1": 812, "y1": 2541, "x2": 1273, "y2": 2941, "width": 461, "height": 400}, "cropped_image": "germinated_seed_14_84pct_1742105801.jpg", "processed_image": null, "mask_image": null, "color_analysis": null}, {"class": "germinated_seed", "confidence": 84.27, "bbox": {"x1": 1983, "y1": 2032, "x2": 2337, "y2": 2368, "width": 354, "height": 336}, "cropped_image": "germinated_seed_15_84pct_1742105801.jpg", "processed_image": null, "mask_image": null, "color_analysis": null}, {"class": "germinated_seed", "confidence": 84.09, "bbox": {"x1": 303, "y1": 1454, "x2": 670, "y2": 1819, "width": 367, "height": 365}, "cropped_image": "germinated_seed_16_84pct_1742105801.jpg", "processed_image": null, "mask_image": null, "color_analysis": null}, {"class": "germinated_seed", "confidence": 83.57, "bbox": {"x1": 2573, "y1": 1950, "x2": 2934, "y2": 2346, "width": 361, "height": 396}, "cropped_image": "germinated_seed_17_83pct_1742105801.jpg", "processed_image": null, "mask_image": null, "color_analysis": null}, {"class": "germinated_seed", "confidence": 82.6, "bbox": {"x1": 1985, "y1": 3096, "x2": 2369, "y2": 3445, "width": 384, "height": 349}, "cropped_image": "germinated_seed_18_82pct_1742105801.jpg", "processed_image": null, "mask_image": null, "color_analysis": null}, {"class": "germinated_seed", "confidence": 80.71, "bbox": {"x1": 295, "y1": 2533, "x2": 674, "y2": 2926, "width": 379, "height": 393}, "cropped_image": "germinated_seed_19_80pct_1742105801.jpg", "processed_image": null, "mask_image": null, "color_analysis": null}, {"class": "germinated_seed", "confidence": 80.54, "bbox": {"x1": 801, "y1": 4903, "x2": 1218, "y2": 5296, "width": 417, "height": 393}, "cropped_image": "germinated_seed_20_80pct_1742105801.jpg", "processed_image": null, "mask_image": null, "color_analysis": null}, {"class": "not_germinated", "confidence": 78.84, "bbox": {"x1": 198, "y1": 4824, "x2": 662, "y2": 5222, "width": 464, "height": 398}, "cropped_image": "not_germinated_21_78pct_1742105801.jpg", "processed_image": null, "mask_image": null, "color_analysis": null}, {"class": "germinated_seed", "confidence": 78.27, "bbox": {"x1": 1937, "y1": 2595, "x2": 2347, "y2": 2948, "width": 410, "height": 353}, "cropped_image": "germinated_seed_22_78pct_1742105801.jpg", "processed_image": null, "mask_image": null, "color_analysis": null}, {"class": "germinated_seed", "confidence": 75.3, "bbox": {"x1": 2587, "y1": 4868, "x2": 3000, "y2": 5281, "width": 413, "height": 413}, "cropped_image": "germinated_seed_23_75pct_1742105801.jpg", "processed_image": null, "mask_image": null, "color_analysis": null}, {"class": "not_germinated", "confidence": 74.1, "bbox": {"x1": 821, "y1": 1422, "x2": 1175, "y2": 1794, "width": 354, "height": 372}, "cropped_image": "not_germinated_24_74pct_1742105801.jpg", "processed_image": null, "mask_image": null, "color_analysis": null}, {"class": "germinated_seed", "confidence": 73.97, "bbox": {"x1": 935, "y1": 0, "x2": 1236, "y2": 301, "width": 301, "height": 301}, "cropped_image": "germinated_seed_25_73pct_1742105801.jpg", "processed_image": null, "mask_image": null, "color_analysis": null}, {"class": "germinated_seed", "confidence": 73.42, "bbox": {"x1": 1407, "y1": 2027, "x2": 1772, "y2": 2388, "width": 365, "height": 361}, "cropped_image": "germinated_seed_26_73pct_1742105801.jpg", "processed_image": null, "mask_image": null, "color_analysis": null}, {"class": "germinated_seed", "confidence": 73.37, "bbox": {"x1": 3203, "y1": 4284, "x2": 3622, "y2": 4673, "width": 419, "height": 389}, "cropped_image": "germinated_seed_27_73pct_1742105801.jpg", "processed_image": null, "mask_image": null, "color_analysis": null}, {"class": "germinated_seed", "confidence": 71.74, "bbox": {"x1": 240, "y1": 3670, "x2": 635, "y2": 4022, "width": 395, "height": 352}, "cropped_image": "germinated_seed_28_71pct_1742105801.jpg", "processed_image": null, "mask_image": null, "color_analysis": null}, {"class": "germinated_seed", "confidence": 71.59, "bbox": {"x1": 3116, "y1": 1301, "x2": 3495, "y2": 1751, "width": 379, "height": 450}, "cropped_image": "germinated_seed_29_71pct_1742105801.jpg", "processed_image": null, "mask_image": null, "color_analysis": null}, {"class": "germinated_seed", "confidence": 71.24, "bbox": {"x1": 836, "y1": 998, "x2": 1187, "y2": 1302, "width": 351, "height": 304}, "cropped_image": "germinated_seed_30_71pct_1742105801.jpg", "processed_image": null, "mask_image": null, "color_analysis": null}, {"class": "not_germinated", "confidence": 71.03, "bbox": {"x1": 401, "y1": 414, "x2": 722, "y2": 788, "width": 321, "height": 374}, "cropped_image": "not_germinated_31_71pct_1742105801.jpg", "processed_image": null, "mask_image": null, "color_analysis": null}, {"class": "not_germinated", "confidence": 70.1, "bbox": {"x1": 908, "y1": 2022, "x2": 1239, "y2": 2378, "width": 331, "height": 356}, "cropped_image": "not_germinated_32_70pct_1742105801.jpg", "processed_image": null, "mask_image": null, "color_analysis": null}, {"class": "not_germinated", "confidence": 69.88, "bbox": {"x1": 2602, "y1": 2549, "x2": 2975, "y2": 2896, "width": 373, "height": 347}, "cropped_image": "not_germinated_33_69pct_1742105801.jpg", "processed_image": null, "mask_image": null, "color_analysis": null}, {"class": "not_germinated", "confidence": 69.65, "bbox": {"x1": 3147, "y1": 2494, "x2": 3525, "y2": 2852, "width": 378, "height": 358}, "cropped_image": "not_germinated_34_69pct_1742105801.jpg", "processed_image": null, "mask_image": null, "color_analysis": null}, {"class": "germinated_seed", "confidence": 69.22, "bbox": {"x1": 371, "y1": 2017, "x2": 699, "y2": 2376, "width": 328, "height": 359}, "cropped_image": "germinated_seed_35_69pct_1742105801.jpg", "processed_image": null, "mask_image": null, "color_analysis": null}, {"class": "germinated_seed", "confidence": 68.96, "bbox": {"x1": 3168, "y1": 234, "x2": 3533, "y2": 621, "width": 365, "height": 387}, "cropped_image": "germinated_seed_36_68pct_1742105801.jpg", "processed_image": null, "mask_image": null, "color_analysis": null}, {"class": "not_germinated", "confidence": 68.16, "bbox": {"x1": 1361, "y1": 4896, "x2": 1747, "y2": 5313, "width": 386, "height": 417}, "cropped_image": "not_germinated_37_68pct_1742105801.jpg", "processed_image": null, "mask_image": null, "color_analysis": null}, {"class": "germinated_seed", "confidence": 67.95, "bbox": {"x1": 2452, "y1": 339, "x2": 2851, "y2": 721, "width": 399, "height": 382}, "cropped_image": "germinated_seed_38_67pct_1742105801.jpg", "processed_image": null, "mask_image": null, "color_analysis": null}, {"class": "germinated_seed", "confidence": 67.84, "bbox": {"x1": 1966, "y1": 2512, "x2": 2360, "y2": 2818, "width": 394, "height": 306}, "cropped_image": "germinated_seed_39_67pct_1742105801.jpg", "processed_image": null, "mask_image": null, "color_analysis": null}, {"class": "not_germinated", "confidence": 66.4, "bbox": {"x1": 1401, "y1": 2536, "x2": 1775, "y2": 2907, "width": 374, "height": 371}, "cropped_image": "not_germinated_40_66pct_1742105801.jpg", "processed_image": null, "mask_image": null, "color_analysis": null}, {"class": "germinated_seed", "confidence": 65.53, "bbox": {"x1": 3061, "y1": 776, "x2": 3480, "y2": 1186, "width": 419, "height": 410}, "cropped_image": "germinated_seed_41_65pct_1742105801.jpg", "processed_image": null, "mask_image": null, "color_analysis": null}, {"class": "germinated_seed", "confidence": 65.27, "bbox": {"x1": 1420, "y1": 1468, "x2": 1771, "y2": 1824, "width": 351, "height": 356}, "cropped_image": "germinated_seed_42_65pct_1742105801.jpg", "processed_image": null, "mask_image": null, "color_analysis": null}, {"class": "not_germinated", "confidence": 64.3, "bbox": {"x1": 1991, "y1": 4839, "x2": 2390, "y2": 5262, "width": 399, "height": 423}, "cropped_image": "not_germinated_43_64pct_1742105801.jpg", "processed_image": null, "mask_image": null, "color_analysis": null}, {"class": "germinated_seed", "confidence": 63.72, "bbox": {"x1": 375, "y1": 32, "x2": 669, "y2": 310, "width": 294, "height": 278}, "cropped_image": "germinated_seed_44_63pct_1742105801.jpg", "processed_image": null, "mask_image": null, "color_analysis": null}, {"class": "germinated_seed", "confidence": 62.8, "bbox": {"x1": 1457, "y1": 0, "x2": 1764, "y2": 289, "width": 307, "height": 289}, "cropped_image": "germinated_seed_45_62pct_1742105801.jpg", "processed_image": null, "mask_image": null, "color_analysis": null}, {"class": "germinated_seed", "confidence": 59.99, "bbox": {"x1": 1950, "y1": 0, "x2": 2284, "y2": 269, "width": 334, "height": 269}, "cropped_image": "germinated_seed_46_59pct_1742105801.jpg", "processed_image": null, "mask_image": null, "color_analysis": null}, {"class": "not_germinated", "confidence": 59.88, "bbox": {"x1": 2519, "y1": 3074, "x2": 2918, "y2": 3460, "width": 399, "height": 386}, "cropped_image": "not_germinated_47_59pct_1742105801.jpg", "processed_image": null, "mask_image": null, "color_analysis": null}, {"class": "not_germinated", "confidence": 59.81, "bbox": {"x1": 880, "y1": 3708, "x2": 1243, "y2": 4104, "width": 363, "height": 396}, "cropped_image": "not_germinated_48_59pct_1742105801.jpg", "processed_image": null, "mask_image": null, "color_analysis": null}, {"class": "germinated_seed", "confidence": 59.61, "bbox": {"x1": 2528, "y1": 3691, "x2": 2905, "y2": 4104, "width": 377, "height": 413}, "cropped_image": "germinated_seed_49_59pct_1742105801.jpg", "processed_image": null, "mask_image": null, "color_analysis": null}, {"class": "not_germinated", "confidence": 58.81, "bbox": {"x1": 3208, "y1": 4942, "x2": 3566, "y2": 5375, "width": 358, "height": 433}, "cropped_image": "not_germinated_50_58pct_1742105801.jpg", "processed_image": null, "mask_image": null, "color_analysis": null}, {"class": "not_germinated", "confidence": 58.53, "bbox": {"x1": 796, "y1": 4290, "x2": 1181, "y2": 4684, "width": 385, "height": 394}, "cropped_image": "not_germinated_51_58pct_1742105801.jpg", "processed_image": null, "mask_image": null, "color_analysis": null}, {"class": "germinated_seed", "confidence": 57.17, "bbox": {"x1": 849, "y1": 405, "x2": 1221, "y2": 782, "width": 372, "height": 377}, "cropped_image": "germinated_seed_52_57pct_1742105801.jpg", "processed_image": null, "mask_image": null, "color_analysis": null}, {"class": "not_germinated", "confidence": 56.75, "bbox": {"x1": 296, "y1": 4234, "x2": 673, "y2": 4612, "width": 377, "height": 378}, "cropped_image": "not_germinated_53_56pct_1742105801.jpg", "processed_image": null, "mask_image": null, "color_analysis": null}, {"class": "germinated_seed", "confidence": 55.87, "bbox": {"x1": 797, "y1": 3152, "x2": 1194, "y2": 3522, "width": 397, "height": 370}, "cropped_image": "germinated_seed_54_55pct_1742105801.jpg", "processed_image": null, "mask_image": null, "color_analysis": null}, {"class": "not_germinated", "confidence": 53.62, "bbox": {"x1": 1951, "y1": 411, "x2": 2264, "y2": 767, "width": 313, "height": 356}, "cropped_image": "not_germinated_55_53pct_1742105801.jpg", "processed_image": null, "mask_image": null, "color_analysis": null}, {"class": "not_germinated", "confidence": 53.48, "bbox": {"x1": 1383, "y1": 4304, "x2": 1755, "y2": 4662, "width": 372, "height": 358}, "cropped_image": "not_germinated_56_53pct_1742105801.jpg", "processed_image": null, "mask_image": null, "color_analysis": null}, {"class": "not_germinated", "confidence": 52.32, "bbox": {"x1": 797, "y1": 3146, "x2": 1193, "y2": 3520, "width": 396, "height": 374}, "cropped_image": "not_germinated_57_52pct_1742105801.jpg", "processed_image": null, "mask_image": null, "color_analysis": null}, {"class": "germinated_seed", "confidence": 46.41, "bbox": {"x1": 2540, "y1": 958, "x2": 2860, "y2": 1274, "width": 320, "height": 316}, "cropped_image": "germinated_seed_58_46pct_1742105801.jpg", "processed_image": null, "mask_image": null, "color_analysis": null}, {"class": "not_germinated", "confidence": 44.59, "bbox": {"x1": 2002, "y1": 3761, "x2": 2357, "y2": 4132, "width": 355, "height": 371}, "cropped_image": "not_germinated_59_44pct_1742105801.jpg", "processed_image": null, "mask_image": null, "color_analysis": null}, {"class": "germinated_seed", "confidence": 43.97, "bbox": {"x1": 285, "y1": 965, "x2": 672, "y2": 1299, "width": 387, "height": 334}, "cropped_image": "germinated_seed_60_43pct_1742105801.jpg", "processed_image": null, "mask_image": null, "color_analysis": null}, {"class": "not_germinated", "confidence": 41.5, "bbox": {"x1": 2537, "y1": 954, "x2": 2856, "y2": 1274, "width": 319, "height": 320}, "cropped_image": "not_germinated_61_41pct_1742105801.jpg", "processed_image": null, "mask_image": null, "color_analysis": null}, {"class": "not_germinated", "confidence": 36.35, "bbox": {"x1": 2534, "y1": 0, "x2": 2902, "y2": 233, "width": 368, "height": 233}, "cropped_image": "not_germinated_62_36pct_1742105801.jpg", "processed_image": null, "mask_image": null, "color_analysis": null}, {"class": "germinated_seed", "confidence": 29.3, "bbox": {"x1": 1994, "y1": 3775, "x2": 2358, "y2": 4127, "width": 364, "height": 352}, "cropped_image": "germinated_seed_63_29pct_1742105801.jpg", "processed_image": null, "mask_image": null, "color_analysis": null}]}
[16-Mar-2025 07:16:51 Europe/Berlin] Successfully parsed detection data
[18-Mar-2025 06:27:31 Europe/Berlin] PHP Warning:  require_once(/coba_website/config/config.php): Failed to open stream: No such file or directory in C:\xampp\htdocs\coba_website\app\content\Melon\deeplearning\deep_learning_melon.php on line 15
[18-Mar-2025 06:27:31 Europe/Berlin] PHP Fatal error:  Uncaught Error: Failed opening required '/coba_website/config/config.php' (include_path='C:\xampp\php\PEAR') in C:\xampp\htdocs\coba_website\app\content\Melon\deeplearning\deep_learning_melon.php:15
Stack trace:
#0 {main}
  thrown in C:\xampp\htdocs\coba_website\app\content\Melon\deeplearning\deep_learning_melon.php on line 15
[18-Mar-2025 06:28:11 Europe/Berlin] PHP Warning:  require_once(/coba_website/config/config.php): Failed to open stream: No such file or directory in C:\xampp\htdocs\coba_website\app\content\Melon\deeplearning\deep_learning_melon.php on line 15
[18-Mar-2025 06:28:11 Europe/Berlin] PHP Fatal error:  Uncaught Error: Failed opening required '/coba_website/config/config.php' (include_path='C:\xampp\php\PEAR') in C:\xampp\htdocs\coba_website\app\content\Melon\deeplearning\deep_learning_melon.php:15
Stack trace:
#0 {main}
  thrown in C:\xampp\htdocs\coba_website\app\content\Melon\deeplearning\deep_learning_melon.php on line 15
[18-Mar-2025 06:28:54 Europe/Berlin] PHP Warning:  require_once(/coba_website/config/config.php): Failed to open stream: No such file or directory in C:\xampp\htdocs\coba_website\app\content\Melon\deeplearning\deep_learning_melon.php on line 15
[18-Mar-2025 06:28:54 Europe/Berlin] PHP Fatal error:  Uncaught Error: Failed opening required '/coba_website/config/config.php' (include_path='C:\xampp\php\PEAR') in C:\xampp\htdocs\coba_website\app\content\Melon\deeplearning\deep_learning_melon.php:15
Stack trace:
#0 {main}
  thrown in C:\xampp\htdocs\coba_website\app\content\Melon\deeplearning\deep_learning_melon.php on line 15
[18-Mar-2025 06:29:40 Europe/Berlin] PHP Warning:  require_once(/coba_website/config/config.php): Failed to open stream: No such file or directory in C:\xampp\htdocs\coba_website\app\content\Melon\deeplearning\deep_learning_melon.php on line 15
[18-Mar-2025 06:29:40 Europe/Berlin] PHP Fatal error:  Uncaught Error: Failed opening required '/coba_website/config/config.php' (include_path='C:\xampp\php\PEAR') in C:\xampp\htdocs\coba_website\app\content\Melon\deeplearning\deep_learning_melon.php:15
Stack trace:
#0 {main}
  thrown in C:\xampp\htdocs\coba_website\app\content\Melon\deeplearning\deep_learning_melon.php on line 15
[18-Mar-2025 06:32:14 Europe/Berlin] PHP Warning:  Undefined array key "REQUEST_METHOD" in C:\xampp\htdocs\coba_website\app\content\Melon\deeplearning\deep_learning_melon.php on line 46
[18-Mar-2025 06:32:14 Europe/Berlin] PHP Warning:  Undefined array key "REQUEST_METHOD" in C:\xampp\htdocs\coba_website\app\content\Melon\deeplearning\deep_learning_melon.php on line 164
[18-Mar-2025 06:32:50 Europe/Berlin] PHP Warning:  Undefined array key "REQUEST_METHOD" in C:\xampp\htdocs\coba_website\app\content\Melon\deeplearning\deep_learning_melon.php on line 46
[18-Mar-2025 06:32:50 Europe/Berlin] PHP Warning:  Undefined array key "REQUEST_METHOD" in C:\xampp\htdocs\coba_website\app\content\Melon\deeplearning\deep_learning_melon.php on line 164
[18-Mar-2025 06:33:10 Europe/Berlin] PHP Warning:  Undefined array key "REQUEST_METHOD" in C:\xampp\htdocs\coba_website\app\content\Melon\deeplearning\deep_learning_melon.php on line 46
[18-Mar-2025 06:33:10 Europe/Berlin] PHP Warning:  Undefined array key "REQUEST_METHOD" in C:\xampp\htdocs\coba_website\app\content\Melon\deeplearning\deep_learning_melon.php on line 164
[18-Mar-2025 06:39:21 Europe/Berlin] File uploaded successfully to: C:\xampp\htdocs\coba_website/output/detect_20/raw__DSC1350.JPG
[18-Mar-2025 06:39:21 Europe/Berlin] Selected model: YOLOv8
[18-Mar-2025 06:39:21 Europe/Berlin] Model path: C:\xampp\htdocs\coba_website/app/content/Melon/deeplearning/chili_yolov8.pt (exists: yes)
[18-Mar-2025 06:39:21 Europe/Berlin] Upload path: C:\xampp\htdocs\coba_website/output/detect_20/raw__DSC1350.JPG (exists: yes)
[18-Mar-2025 06:39:21 Europe/Berlin] Results dir: C:\xampp\htdocs\coba_website/results (exists: yes)
[18-Mar-2025 06:39:21 Europe/Berlin] Starting detection process...
[18-Mar-2025 06:39:21 Europe/Berlin] Executing command: cd "C:\xampp\htdocs\coba_website" && "C:/Users/Jasmine Tasmara/AppData/Local/Programs/Python/Python38/python.exe" "C:\Users\Jasmine Tasmara\AppData\Local\Temp\detC391.tmp.py" 2>&1
[18-Mar-2025 06:39:35 Europe/Berlin] Command output:
Current working directory: C:\xampp\htdocs\coba_website
Model path (absolute): C:\xampp\htdocs\coba_website\app\content\Melon\deeplearning\chili_yolov8.pt
Upload path (absolute): C:\xampp\htdocs\coba_website\output\detect_20\raw__DSC1350.JPG
Results directory (absolute): C:\xampp\htdocs\coba_website\output\detect_20
Using HSV ranges:
Range 1: H=[155-255], S=[160-240], V=[160-255]
Range 2: H=[0-30], S=[160-240], V=[160-255]
Loading model...
Model loaded successfully
Reading image...
Image read successfully, shape: (3712, 5568, 3)
Running detection...

0: 448x640 18 germinated_seeds, 51 not_germinateds, 259.9ms
Speed: 11.1ms preprocess, 259.9ms inference, 9.0ms postprocess per image at shape (1, 3, 448, 640)
Detection completed successfully
Found 69 objects
Processing detection 1: germinated_seed (85.98%)
Successfully saved cropped germinated_seed to: C:\xampp\htdocs\coba_website\output\detect_20\germinated_seed_1_85pct_1742276361.jpg
Processing detection 2: germinated_seed (85.03%)
Successfully saved cropped germinated_seed to: C:\xampp\htdocs\coba_website\output\detect_20\germinated_seed_2_85pct_1742276361.jpg
Processing detection 3: germinated_seed (84.80%)
Successfully saved cropped germinated_seed to: C:\xampp\htdocs\coba_website\output\detect_20\germinated_seed_3_84pct_1742276361.jpg
Processing detection 4: not_germinated (82.74%)
Successfully saved cropped not_germinated to: C:\xampp\htdocs\coba_website\output\detect_20\not_germinated_4_82pct_1742276361.jpg
Processing detection 5: not_germinated (82.10%)
Successfully saved cropped not_germinated to: C:\xampp\htdocs\coba_website\output\detect_20\not_germinated_5_82pct_1742276361.jpg
Processing detection 6: not_germinated (81.97%)
Successfully saved cropped not_germinated to: C:\xampp\htdocs\coba_website\output\detect_20\not_germinated_6_81pct_1742276361.jpg
Processing detection 7: not_germinated (81.32%)
Successfully saved cropped not_germinated to: C:\xampp\htdocs\coba_website\output\detect_20\not_germinated_7_81pct_1742276361.jpg
Processing detection 8: not_germinated (81.23%)
Successfully saved cropped not_germinated to: C:\xampp\htdocs\coba_website\output\detect_20\not_germinated_8_81pct_1742276361.jpg
Processing detection 9: not_germinated (80.84%)
Successfully saved cropped not_germinated to: C:\xampp\htdocs\coba_website\output\detect_20\not_germinated_9_80pct_1742276361.jpg
Processing detection 10: not_germinated (80.56%)
Successfully saved cropped not_germinated to: C:\xampp\htdocs\coba_website\output\detect_20\not_germinated_10_80pct_1742276361.jpg
Processing detection 11: not_germinated (80.07%)
Successfully saved cropped not_germinated to: C:\xampp\htdocs\coba_website\output\detect_20\not_germinated_11_80pct_1742276361.jpg
Processing detection 12: not_germinated (79.88%)
Successfully saved cropped not_germinated to: C:\xampp\htdocs\coba_website\output\detect_20\not_germinated_12_79pct_1742276361.jpg
Processing detection 13: not_germinated (79.82%)
Successfully saved cropped not_germinated to: C:\xampp\htdocs\coba_website\output\detect_20\not_germinated_13_79pct_1742276361.jpg
Processing detection 14: not_germinated (79.80%)
Successfully saved cropped not_germinated to: C:\xampp\htdocs\coba_website\output\detect_20\not_germinated_14_79pct_1742276361.jpg
Processing detection 15: not_germinated (79.33%)
Successfully saved cropped not_germinated to: C:\xampp\htdocs\coba_website\output\detect_20\not_germinated_15_79pct_1742276361.jpg
Processing detection 16: not_germinated (77.85%)
Successfully saved cropped not_germinated to: C:\xampp\htdocs\coba_website\output\detect_20\not_germinated_16_77pct_1742276361.jpg
Processing detection 17: not_germinated (77.42%)
Successfully saved cropped not_germinated to: C:\xampp\htdocs\coba_website\output\detect_20\not_germinated_17_77pct_1742276361.jpg
Processing detection 18: germinated_seed (76.93%)
Successfully saved cropped germinated_seed to: C:\xampp\htdocs\coba_website\output\detect_20\germinated_seed_18_76pct_1742276361.jpg
Processing detection 19: not_germinated (75.82%)
Successfully saved cropped not_germinated to: C:\xampp\htdocs\coba_website\output\detect_20\not_germinated_19_75pct_1742276361.jpg
Processing detection 20: not_germinated (75.13%)
Successfully saved cropped not_germinated to: C:\xampp\htdocs\coba_website\output\detect_20\not_germinated_20_75pct_1742276361.jpg
Processing detection 21: not_germinated (74.39%)
Successfully saved cropped not_germinated to: C:\xampp\htdocs\coba_website\output\detect_20\not_germinated_21_74pct_1742276361.jpg
Processing detection 22: not_germinated (74.27%)
Successfully saved cropped not_germinated to: C:\xampp\htdocs\coba_website\output\detect_20\not_germinated_22_74pct_1742276361.jpg
Processing detection 23: not_germinated (73.95%)
Successfully saved cropped not_germinated to: C:\xampp\htdocs\coba_website\output\detect_20\not_germinated_23_73pct_1742276361.jpg
Processing detection 24: not_germinated (73.87%)
Successfully saved cropped not_germinated to: C:\xampp\htdocs\coba_website\output\detect_20\not_germinated_24_73pct_1742276361.jpg
Processing detection 25: not_germinated (73.85%)
Successfully saved cropped not_germinated to: C:\xampp\htdocs\coba_website\output\detect_20\not_germinated_25_73pct_1742276361.jpg
Processing detection 26: not_germinated (73.51%)
Successfully saved cropped not_germinated to: C:\xampp\htdocs\coba_website\output\detect_20\not_germinated_26_73pct_1742276361.jpg
Processing detection 27: germinated_seed (73.30%)
Successfully saved cropped germinated_seed to: C:\xampp\htdocs\coba_website\output\detect_20\germinated_seed_27_73pct_1742276361.jpg
Processing detection 28: not_germinated (72.37%)
Successfully saved cropped not_germinated to: C:\xampp\htdocs\coba_website\output\detect_20\not_germinated_28_72pct_1742276361.jpg
Processing detection 29: not_germinated (72.17%)
Successfully saved cropped not_germinated to: C:\xampp\htdocs\coba_website\output\detect_20\not_germinated_29_72pct_1742276361.jpg
Processing detection 30: not_germinated (69.99%)
Successfully saved cropped not_germinated to: C:\xampp\htdocs\coba_website\output\detect_20\not_germinated_30_69pct_1742276361.jpg
Processing detection 31: germinated_seed (69.10%)
Successfully saved cropped germinated_seed to: C:\xampp\htdocs\coba_website\output\detect_20\germinated_seed_31_69pct_1742276361.jpg
Processing detection 32: not_germinated (68.77%)
Successfully saved cropped not_germinated to: C:\xampp\htdocs\coba_website\output\detect_20\not_germinated_32_68pct_1742276361.jpg
Processing detection 33: germinated_seed (68.40%)
Successfully saved cropped germinated_seed to: C:\xampp\htdocs\coba_website\output\detect_20\germinated_seed_33_68pct_1742276361.jpg
Processing detection 34: not_germinated (66.76%)
Successfully saved cropped not_germinated to: C:\xampp\htdocs\coba_website\output\detect_20\not_germinated_34_66pct_1742276361.jpg
Processing detection 35: not_germinated (66.12%)
Successfully saved cropped not_germinated to: C:\xampp\htdocs\coba_website\output\detect_20\not_germinated_35_66pct_1742276361.jpg
Processing detection 36: not_germinated (66.04%)
Successfully saved cropped not_germinated to: C:\xampp\htdocs\coba_website\output\detect_20\not_germinated_36_66pct_1742276361.jpg
Processing detection 37: not_germinated (65.22%)
Successfully saved cropped not_germinated to: C:\xampp\htdocs\coba_website\output\detect_20\not_germinated_37_65pct_1742276361.jpg
Processing detection 38: not_germinated (64.44%)
Successfully saved cropped not_germinated to: C:\xampp\htdocs\coba_website\output\detect_20\not_germinated_38_64pct_1742276361.jpg
Processing detection 39: germinated_seed (63.90%)
Successfully saved cropped germinated_seed to: C:\xampp\htdocs\coba_website\output\detect_20\germinated_seed_39_63pct_1742276361.jpg
Processing detection 40: not_germinated (63.41%)
Successfully saved cropped not_germinated to: C:\xampp\htdocs\coba_website\output\detect_20\not_germinated_40_63pct_1742276361.jpg
Processing detection 41: not_germinated (63.25%)
Successfully saved cropped not_germinated to: C:\xampp\htdocs\coba_website\output\detect_20\not_germinated_41_63pct_1742276361.jpg
Processing detection 42: not_germinated (63.09%)
Successfully saved cropped not_germinated to: C:\xampp\htdocs\coba_website\output\detect_20\not_germinated_42_63pct_1742276361.jpg
Processing detection 43: not_germinated (63.05%)
Successfully saved cropped not_germinated to: C:\xampp\htdocs\coba_website\output\detect_20\not_germinated_43_63pct_1742276361.jpg
Processing detection 44: not_germinated (62.61%)
Successfully saved cropped not_germinated to: C:\xampp\htdocs\coba_website\output\detect_20\not_germinated_44_62pct_1742276361.jpg
Processing detection 45: not_germinated (59.87%)
Successfully saved cropped not_germinated to: C:\xampp\htdocs\coba_website\output\detect_20\not_germinated_45_59pct_1742276361.jpg
Processing detection 46: not_germinated (59.83%)
Successfully saved cropped not_germinated to: C:\xampp\htdocs\coba_website\output\detect_20\not_germinated_46_59pct_1742276361.jpg
Processing detection 47: not_germinated (59.83%)
Successfully saved cropped not_germinated to: C:\xampp\htdocs\coba_website\output\detect_20\not_germinated_47_59pct_1742276361.jpg
Processing detection 48: not_germinated (59.59%)
Successfully saved cropped not_germinated to: C:\xampp\htdocs\coba_website\output\detect_20\not_germinated_48_59pct_1742276361.jpg
Processing detection 49: not_germinated (58.79%)
Successfully saved cropped not_germinated to: C:\xampp\htdocs\coba_website\output\detect_20\not_germinated_49_58pct_1742276361.jpg
Processing detection 50: not_germinated (58.29%)
Successfully saved cropped not_germinated to: C:\xampp\htdocs\coba_website\output\detect_20\not_germinated_50_58pct_1742276361.jpg
Processing detection 51: not_germinated (55.09%)
Successfully saved cropped not_germinated to: C:\xampp\htdocs\coba_website\output\detect_20\not_germinated_51_55pct_1742276361.jpg
Processing detection 52: germinated_seed (52.80%)
Successfully saved cropped germinated_seed to: C:\xampp\htdocs\coba_website\output\detect_20\germinated_seed_52_52pct_1742276361.jpg
Processing detection 53: germinated_seed (50.87%)
Successfully saved cropped germinated_seed to: C:\xampp\htdocs\coba_website\output\detect_20\germinated_seed_53_50pct_1742276361.jpg
Processing detection 54: not_germinated (50.83%)
Successfully saved cropped not_germinated to: C:\xampp\htdocs\coba_website\output\detect_20\not_germinated_54_50pct_1742276361.jpg
Processing detection 55: not_germinated (48.27%)
Successfully saved cropped not_germinated to: C:\xampp\htdocs\coba_website\output\detect_20\not_germinated_55_48pct_1742276361.jpg
Processing detection 56: germinated_seed (47.12%)
Successfully saved cropped germinated_seed to: C:\xampp\htdocs\coba_website\output\detect_20\germinated_seed_56_47pct_1742276361.jpg
Processing detection 57: not_germinated (46.43%)
Successfully saved cropped not_germinated to: C:\xampp\htdocs\coba_website\output\detect_20\not_germinated_57_46pct_1742276361.jpg
Processing detection 58: not_germinated (44.62%)
Successfully saved cropped not_germinated to: C:\xampp\htdocs\coba_website\output\detect_20\not_germinated_58_44pct_1742276361.jpg
Processing detection 59: not_germinated (42.87%)
Successfully saved cropped not_germinated to: C:\xampp\htdocs\coba_website\output\detect_20\not_germinated_59_42pct_1742276361.jpg
Processing detection 60: germinated_seed (40.23%)
Successfully saved cropped germinated_seed to: C:\xampp\htdocs\coba_website\output\detect_20\germinated_seed_60_40pct_1742276361.jpg
Processing detection 61: germinated_seed (40.00%)
Successfully saved cropped germinated_seed to: C:\xampp\htdocs\coba_website\output\detect_20\germinated_seed_61_40pct_1742276361.jpg
Processing detection 62: not_germinated (38.57%)
Successfully saved cropped not_germinated to: C:\xampp\htdocs\coba_website\output\detect_20\not_germinated_62_38pct_1742276361.jpg
Processing detection 63: germinated_seed (37.79%)
Successfully saved cropped germinated_seed to: C:\xampp\htdocs\coba_website\output\detect_20\germinated_seed_63_37pct_1742276361.jpg
Processing detection 64: not_germinated (36.06%)
Successfully saved cropped not_germinated to: C:\xampp\htdocs\coba_website\output\detect_20\not_germinated_64_36pct_1742276361.jpg
Processing detection 65: germinated_seed (33.36%)
Successfully saved cropped germinated_seed to: C:\xampp\htdocs\coba_website\output\detect_20\germinated_seed_65_33pct_1742276361.jpg
Processing detection 66: not_germinated (30.88%)
Successfully saved cropped not_germinated to: C:\xampp\htdocs\coba_website\output\detect_20\not_germinated_66_30pct_1742276361.jpg
Processing detection 67: germinated_seed (27.60%)
Successfully saved cropped germinated_seed to: C:\xampp\htdocs\coba_website\output\detect_20\germinated_seed_67_27pct_1742276361.jpg
Processing detection 68: germinated_seed (25.23%)
Successfully saved cropped germinated_seed to: C:\xampp\htdocs\coba_website\output\detect_20\germinated_seed_68_25pct_1742276361.jpg
Processing detection 69: germinated_seed (25.13%)
Successfully saved cropped germinated_seed to: C:\xampp\htdocs\coba_website\output\detect_20\germinated_seed_69_25pct_1742276361.jpg
Saved detection results to: C:\xampp\htdocs\coba_website\output\detect_20\1742276361_detections.json
Successfully saved result visualization to: C:\xampp\htdocs\coba_website\output\detect_20\1742276361_result.jpg
DETECTION_RESULTS_START
{"image_size": {"width": 5568, "height": 3712}, "detections": [{"class": "germinated_seed", "confidence": 85.98, "bbox": {"x1": 4066, "y1": 1336, "x2": 4408, "y2": 1655, "width": 342, "height": 319}, "cropped_image": "germinated_seed_1_85pct_1742276361.jpg", "processed_image": null, "mask_image": null, "color_analysis": null}, {"class": "germinated_seed", "confidence": 85.03, "bbox": {"x1": 3505, "y1": 1346, "x2": 3864, "y2": 1697, "width": 359, "height": 351}, "cropped_image": "germinated_seed_2_85pct_1742276361.jpg", "processed_image": null, "mask_image": null, "color_analysis": null}, {"class": "germinated_seed", "confidence": 84.8, "bbox": {"x1": 5153, "y1": 223, "x2": 5497, "y2": 560, "width": 344, "height": 337}, "cropped_image": "germinated_seed_3_84pct_1742276361.jpg", "processed_image": null, "mask_image": null, "color_analysis": null}, {"class": "not_germinated", "confidence": 82.74, "bbox": {"x1": 2368, "y1": 754, "x2": 2772, "y2": 1188, "width": 404, "height": 434}, "cropped_image": "not_germinated_4_82pct_1742276361.jpg", "processed_image": null, "mask_image": null, "color_analysis": null}, {"class": "not_germinated", "confidence": 82.1, "bbox": {"x1": 4598, "y1": 2412, "x2": 5016, "y2": 2807, "width": 418, "height": 395}, "cropped_image": "not_germinated_5_82pct_1742276361.jpg", "processed_image": null, "mask_image": null, "color_analysis": null}, {"class": "not_germinated", "confidence": 81.97, "bbox": {"x1": 2399, "y1": 1344, "x2": 2768, "y2": 1698, "width": 369, "height": 354}, "cropped_image": "not_germinated_6_81pct_1742276361.jpg", "processed_image": null, "mask_image": null, "color_analysis": null}, {"class": "not_germinated", "confidence": 81.32, "bbox": {"x1": 2937, "y1": 278, "x2": 3305, "y2": 611, "width": 368, "height": 333}, "cropped_image": "not_germinated_7_81pct_1742276361.jpg", "processed_image": null, "mask_image": null, "color_analysis": null}, {"class": "not_germinated", "confidence": 81.23, "bbox": {"x1": 1282, "y1": 200, "x2": 1635, "y2": 576, "width": 353, "height": 376}, "cropped_image": "not_germinated_8_81pct_1742276361.jpg", "processed_image": null, "mask_image": null, "color_analysis": null}, {"class": "not_germinated", "confidence": 80.84, "bbox": {"x1": 3480, "y1": 1887, "x2": 3844, "y2": 2215, "width": 364, "height": 328}, "cropped_image": "not_germinated_9_80pct_1742276361.jpg", "processed_image": null, "mask_image": null, "color_analysis": null}, {"class": "not_germinated", "confidence": 80.56, "bbox": {"x1": 107, "y1": 187, "x2": 510, "y2": 631, "width": 403, "height": 444}, "cropped_image": "not_germinated_10_80pct_1742276361.jpg", "processed_image": null, "mask_image": null, "color_analysis": null}, {"class": "not_germinated", "confidence": 80.07, "bbox": {"x1": 3547, "y1": 731, "x2": 3933, "y2": 1085, "width": 386, "height": 354}, "cropped_image": "not_germinated_11_80pct_1742276361.jpg", "processed_image": null, "mask_image": null, "color_analysis": null}, {"class": "not_germinated", "confidence": 79.88, "bbox": {"x1": 4634, "y1": 253, "x2": 5036, "y2": 592, "width": 402, "height": 339}, "cropped_image": "not_germinated_12_79pct_1742276361.jpg", "processed_image": null, "mask_image": null, "color_analysis": null}, {"class": "not_germinated", "confidence": 79.82, "bbox": {"x1": 1854, "y1": 1354, "x2": 2197, "y2": 1725, "width": 343, "height": 371}, "cropped_image": "not_germinated_13_79pct_1742276361.jpg", "processed_image": null, "mask_image": null, "color_analysis": null}, {"class": "not_germinated", "confidence": 79.8, "bbox": {"x1": 1228, "y1": 1361, "x2": 1595, "y2": 1698, "width": 367, "height": 337}, "cropped_image": "not_germinated_14_79pct_1742276361.jpg", "processed_image": null, "mask_image": null, "color_analysis": null}, {"class": "not_germinated", "confidence": 79.33, "bbox": {"x1": 2931, "y1": 836, "x2": 3293, "y2": 1174, "width": 362, "height": 338}, "cropped_image": "not_germinated_15_79pct_1742276361.jpg", "processed_image": null, "mask_image": null, "color_analysis": null}, {"class": "not_germinated", "confidence": 77.85, "bbox": {"x1": 1797, "y1": 160, "x2": 2168, "y2": 560, "width": 371, "height": 400}, "cropped_image": "not_germinated_16_77pct_1742276361.jpg", "processed_image": null, "mask_image": null, "color_analysis": null}, {"class": "not_germinated", "confidence": 77.42, "bbox": {"x1": 4628, "y1": 741, "x2": 5033, "y2": 1121, "width": 405, "height": 380}, "cropped_image": "not_germinated_17_77pct_1742276361.jpg", "processed_image": null, "mask_image": null, "color_analysis": null}, {"class": "germinated_seed", "confidence": 76.93, "bbox": {"x1": 2927, "y1": 1928, "x2": 3270, "y2": 2273, "width": 343, "height": 345}, "cropped_image": "germinated_seed_18_76pct_1742276361.jpg", "processed_image": null, "mask_image": null, "color_analysis": null}, {"class": "not_germinated", "confidence": 75.82, "bbox": {"x1": 2402, "y1": 230, "x2": 2762, "y2": 589, "width": 360, "height": 359}, "cropped_image": "not_germinated_19_75pct_1742276361.jpg", "processed_image": null, "mask_image": null, "color_analysis": null}, {"class": "not_germinated", "confidence": 75.13, "bbox": {"x1": 1860, "y1": 2432, "x2": 2219, "y2": 2798, "width": 359, "height": 366}, "cropped_image": "not_germinated_20_75pct_1742276361.jpg", "processed_image": null, "mask_image": null, "color_analysis": null}, {"class": "not_germinated", "confidence": 74.39, "bbox": {"x1": 1256, "y1": 2450, "x2": 1632, "y2": 2775, "width": 376, "height": 325}, "cropped_image": "not_germinated_21_74pct_1742276361.jpg", "processed_image": null, "mask_image": null, "color_analysis": null}, {"class": "not_germinated", "confidence": 74.27, "bbox": {"x1": 719, "y1": 1339, "x2": 1055, "y2": 1695, "width": 336, "height": 356}, "cropped_image": "not_germinated_22_74pct_1742276361.jpg", "processed_image": null, "mask_image": null, "color_analysis": null}, {"class": "not_germinated", "confidence": 73.95, "bbox": {"x1": 2442, "y1": 3048, "x2": 2773, "y2": 3386, "width": 331, "height": 338}, "cropped_image": "not_germinated_23_73pct_1742276361.jpg", "processed_image": null, "mask_image": null, "color_analysis": null}, {"class": "not_germinated", "confidence": 73.87, "bbox": {"x1": 1853, "y1": 3003, "x2": 2199, "y2": 3355, "width": 346, "height": 352}, "cropped_image": "not_germinated_24_73pct_1742276361.jpg", "processed_image": null, "mask_image": null, "color_analysis": null}, {"class": "not_germinated", "confidence": 73.85, "bbox": {"x1": 739, "y1": 3053, "x2": 1102, "y2": 3426, "width": 363, "height": 373}, "cropped_image": "not_germinated_25_73pct_1742276361.jpg", "processed_image": null, "mask_image": null, "color_analysis": null}, {"class": "not_germinated", "confidence": 73.51, "bbox": {"x1": 4086, "y1": 149, "x2": 4441, "y2": 547, "width": 355, "height": 398}, "cropped_image": "not_germinated_26_73pct_1742276361.jpg", "processed_image": null, "mask_image": null, "color_analysis": null}, {"class": "germinated_seed", "confidence": 73.3, "bbox": {"x1": 2957, "y1": 3064, "x2": 3316, "y2": 3437, "width": 359, "height": 373}, "cropped_image": "germinated_seed_27_73pct_1742276361.jpg", "processed_image": null, "mask_image": null, "color_analysis": null}, {"class": "not_germinated", "confidence": 72.37, "bbox": {"x1": 4087, "y1": 3010, "x2": 4503, "y2": 3382, "width": 416, "height": 372}, "cropped_image": "not_germinated_28_72pct_1742276361.jpg", "processed_image": null, "mask_image": null, "color_analysis": null}, {"class": "not_germinated", "confidence": 72.17, "bbox": {"x1": 3531, "y1": 2421, "x2": 3865, "y2": 2769, "width": 334, "height": 348}, "cropped_image": "not_germinated_29_72pct_1742276361.jpg", "processed_image": null, "mask_image": null, "color_analysis": null}, {"class": "not_germinated", "confidence": 69.99, "bbox": {"x1": 2385, "y1": 2522, "x2": 2713, "y2": 2885, "width": 328, "height": 363}, "cropped_image": "not_germinated_30_69pct_1742276361.jpg", "processed_image": null, "mask_image": null, "color_analysis": null}, {"class": "germinated_seed", "confidence": 69.1, "bbox": {"x1": 85, "y1": 771, "x2": 459, "y2": 1180, "width": 374, "height": 409}, "cropped_image": "germinated_seed_31_69pct_1742276361.jpg", "processed_image": null, "mask_image": null, "color_analysis": null}, {"class": "not_germinated", "confidence": 68.77, "bbox": {"x1": 5146, "y1": 814, "x2": 5509, "y2": 1145, "width": 363, "height": 331}, "cropped_image": "not_germinated_32_68pct_1742276361.jpg", "processed_image": null, "mask_image": null, "color_analysis": null}, {"class": "germinated_seed", "confidence": 68.4, "bbox": {"x1": 3536, "y1": 201, "x2": 3912, "y2": 568, "width": 376, "height": 367}, "cropped_image": "germinated_seed_33_68pct_1742276361.jpg", "processed_image": null, "mask_image": null, "color_analysis": null}, {"class": "not_germinated", "confidence": 66.76, "bbox": {"x1": 4065, "y1": 723, "x2": 4397, "y2": 1061, "width": 332, "height": 338}, "cropped_image": "not_germinated_34_66pct_1742276361.jpg", "processed_image": null, "mask_image": null, "color_analysis": null}, {"class": "not_germinated", "confidence": 66.12, "bbox": {"x1": 1242, "y1": 844, "x2": 1613, "y2": 1186, "width": 371, "height": 342}, "cropped_image": "not_germinated_35_66pct_1742276361.jpg", "processed_image": null, "mask_image": null, "color_analysis": null}, {"class": "not_germinated", "confidence": 66.04, "bbox": {"x1": 1232, "y1": 1936, "x2": 1632, "y2": 2267, "width": 400, "height": 331}, "cropped_image": "not_germinated_36_66pct_1742276361.jpg", "processed_image": null, "mask_image": null, "color_analysis": null}, {"class": "not_germinated", "confidence": 65.22, "bbox": {"x1": 133, "y1": 1920, "x2": 560, "y2": 2295, "width": 427, "height": 375}, "cropped_image": "not_germinated_37_65pct_1742276361.jpg", "processed_image": null, "mask_image": null, "color_analysis": null}, {"class": "not_germinated", "confidence": 64.44, "bbox": {"x1": 161, "y1": 2474, "x2": 558, "y2": 2848, "width": 397, "height": 374}, "cropped_image": "not_germinated_38_64pct_1742276361.jpg", "processed_image": null, "mask_image": null, "color_analysis": null}, {"class": "germinated_seed", "confidence": 63.9, "bbox": {"x1": 2924, "y1": 2503, "x2": 3288, "y2": 2843, "width": 364, "height": 340}, "cropped_image": "germinated_seed_39_63pct_1742276361.jpg", "processed_image": null, "mask_image": null, "color_analysis": null}, {"class": "not_germinated", "confidence": 63.41, "bbox": {"x1": 5134, "y1": 2505, "x2": 5499, "y2": 2840, "width": 365, "height": 335}, "cropped_image": "not_germinated_40_63pct_1742276361.jpg", "processed_image": null, "mask_image": null, "color_analysis": null}, {"class": "not_germinated", "confidence": 63.25, "bbox": {"x1": 3536, "y1": 3042, "x2": 3948, "y2": 3424, "width": 412, "height": 382}, "cropped_image": "not_germinated_41_63pct_1742276361.jpg", "processed_image": null, "mask_image": null, "color_analysis": null}, {"class": "not_germinated", "confidence": 63.09, "bbox": {"x1": 683, "y1": 762, "x2": 1038, "y2": 1124, "width": 355, "height": 362}, "cropped_image": "not_germinated_42_63pct_1742276361.jpg", "processed_image": null, "mask_image": null, "color_analysis": null}, {"class": "not_germinated", "confidence": 63.05, "bbox": {"x1": 4619, "y1": 1909, "x2": 4990, "y2": 2223, "width": 371, "height": 314}, "cropped_image": "not_germinated_43_63pct_1742276361.jpg", "processed_image": null, "mask_image": null, "color_analysis": null}, {"class": "not_germinated", "confidence": 62.61, "bbox": {"x1": 1223, "y1": 3085, "x2": 1612, "y2": 3458, "width": 389, "height": 373}, "cropped_image": "not_germinated_44_62pct_1742276361.jpg", "processed_image": null, "mask_image": null, "color_analysis": null}, {"class": "not_germinated", "confidence": 59.87, "bbox": {"x1": 107, "y1": 1329, "x2": 502, "y2": 1680, "width": 395, "height": 351}, "cropped_image": "not_germinated_45_59pct_1742276361.jpg", "processed_image": null, "mask_image": null, "color_analysis": null}, {"class": "not_germinated", "confidence": 59.83, "bbox": {"x1": 1882, "y1": 1923, "x2": 2210, "y2": 2287, "width": 328, "height": 364}, "cropped_image": "not_germinated_46_59pct_1742276361.jpg", "processed_image": null, "mask_image": null, "color_analysis": null}, {"class": "not_germinated", "confidence": 59.83, "bbox": {"x1": 4060, "y1": 1940, "x2": 4395, "y2": 2303, "width": 335, "height": 363}, "cropped_image": "not_germinated_47_59pct_1742276361.jpg", "processed_image": null, "mask_image": null, "color_analysis": null}, {"class": "not_germinated", "confidence": 59.59, "bbox": {"x1": 4041, "y1": 2501, "x2": 4361, "y2": 2822, "width": 320, "height": 321}, "cropped_image": "not_germinated_48_59pct_1742276361.jpg", "processed_image": null, "mask_image": null, "color_analysis": null}, {"class": "not_germinated", "confidence": 58.79, "bbox": {"x1": 695, "y1": 2463, "x2": 1036, "y2": 2779, "width": 341, "height": 316}, "cropped_image": "not_germinated_49_58pct_1742276361.jpg", "processed_image": null, "mask_image": null, "color_analysis": null}, {"class": "not_germinated", "confidence": 58.29, "bbox": {"x1": 712, "y1": 246, "x2": 1085, "y2": 637, "width": 373, "height": 391}, "cropped_image": "not_germinated_50_58pct_1742276361.jpg", "processed_image": null, "mask_image": null, "color_analysis": null}, {"class": "not_germinated", "confidence": 55.09, "bbox": {"x1": 2359, "y1": 1896, "x2": 2763, "y2": 2260, "width": 404, "height": 364}, "cropped_image": "not_germinated_51_55pct_1742276361.jpg", "processed_image": null, "mask_image": null, "color_analysis": null}, {"class": "germinated_seed", "confidence": 52.8, "bbox": {"x1": 2904, "y1": 1350, "x2": 3297, "y2": 1694, "width": 393, "height": 344}, "cropped_image": "germinated_seed_52_52pct_1742276361.jpg", "processed_image": null, "mask_image": null, "color_analysis": null}, {"class": "germinated_seed", "confidence": 50.87, "bbox": {"x1": 690, "y1": 1926, "x2": 1064, "y2": 2285, "width": 374, "height": 359}, "cropped_image": "germinated_seed_53_50pct_1742276361.jpg", "processed_image": null, "mask_image": null, "color_analysis": null}, {"class": "not_germinated", "confidence": 50.83, "bbox": {"x1": 115, "y1": 3036, "x2": 517, "y2": 3368, "width": 402, "height": 332}, "cropped_image": "not_germinated_54_50pct_1742276361.jpg", "processed_image": null, "mask_image": null, "color_analysis": null}, {"class": "not_germinated", "confidence": 48.27, "bbox": {"x1": 1791, "y1": 743, "x2": 2151, "y2": 1102, "width": 360, "height": 359}, "cropped_image": "not_germinated_55_48pct_1742276361.jpg", "processed_image": null, "mask_image": null, "color_analysis": null}, {"class": "germinated_seed", "confidence": 47.12, "bbox": {"x1": 714, "y1": 252, "x2": 1083, "y2": 636, "width": 369, "height": 384}, "cropped_image": "germinated_seed_56_47pct_1742276361.jpg", "processed_image": null, "mask_image": null, "color_analysis": null}, {"class": "not_germinated", "confidence": 46.43, "bbox": {"x1": 4647, "y1": 3073, "x2": 5047, "y2": 3462, "width": 400, "height": 389}, "cropped_image": "not_germinated_57_46pct_1742276361.jpg", "processed_image": null, "mask_image": null, "color_analysis": null}, {"class": "not_germinated", "confidence": 44.62, "bbox": {"x1": 5193, "y1": 3066, "x2": 5567, "y2": 3442, "width": 374, "height": 376}, "cropped_image": "not_germinated_58_44pct_1742276361.jpg", "processed_image": null, "mask_image": null, "color_analysis": null}, {"class": "not_germinated", "confidence": 42.87, "bbox": {"x1": 4610, "y1": 1305, "x2": 4966, "y2": 1667, "width": 356, "height": 362}, "cropped_image": "not_germinated_59_42pct_1742276361.jpg", "processed_image": null, "mask_image": null, "color_analysis": null}, {"class": "germinated_seed", "confidence": 40.23, "bbox": {"x1": 1793, "y1": 742, "x2": 2157, "y2": 1116, "width": 364, "height": 374}, "cropped_image": "germinated_seed_60_40pct_1742276361.jpg", "processed_image": null, "mask_image": null, "color_analysis": null}, {"class": "germinated_seed", "confidence": 40.0, "bbox": {"x1": 4609, "y1": 1302, "x2": 4971, "y2": 1638, "width": 362, "height": 336}, "cropped_image": "germinated_seed_61_40pct_1742276361.jpg", "processed_image": null, "mask_image": null, "color_analysis": null}, {"class": "not_germinated", "confidence": 38.57, "bbox": {"x1": 2907, "y1": 1352, "x2": 3290, "y2": 1696, "width": 383, "height": 344}, "cropped_image": "not_germinated_62_38pct_1742276361.jpg", "processed_image": null, "mask_image": null, "color_analysis": null}, {"class": "germinated_seed", "confidence": 37.79, "bbox": {"x1": 1241, "y1": 846, "x2": 1609, "y2": 1186, "width": 368, "height": 340}, "cropped_image": "germinated_seed_63_37pct_1742276361.jpg", "processed_image": null, "mask_image": null, "color_analysis": null}, {"class": "not_germinated", "confidence": 36.06, "bbox": {"x1": 5149, "y1": 1899, "x2": 5494, "y2": 2238, "width": 345, "height": 339}, "cropped_image": "not_germinated_64_36pct_1742276361.jpg", "processed_image": null, "mask_image": null, "color_analysis": null}, {"class": "germinated_seed", "confidence": 33.36, "bbox": {"x1": 5203, "y1": 3069, "x2": 5568, "y2": 3449, "width": 365, "height": 380}, "cropped_image": "germinated_seed_65_33pct_1742276361.jpg", "processed_image": null, "mask_image": null, "color_analysis": null}, {"class": "not_germinated", "confidence": 30.88, "bbox": {"x1": 5134, "y1": 1374, "x2": 5487, "y2": 1695, "width": 353, "height": 321}, "cropped_image": "not_germinated_66_30pct_1742276361.jpg", "processed_image": null, "mask_image": null, "color_analysis": null}, {"class": "germinated_seed", "confidence": 27.6, "bbox": {"x1": 5149, "y1": 1903, "x2": 5490, "y2": 2240, "width": 341, "height": 337}, "cropped_image": "germinated_seed_67_27pct_1742276361.jpg", "processed_image": null, "mask_image": null, "color_analysis": null}, {"class": "germinated_seed", "confidence": 25.23, "bbox": {"x1": 3538, "y1": 3050, "x2": 3949, "y2": 3424, "width": 411, "height": 374}, "cropped_image": "germinated_seed_68_25pct_1742276361.jpg", "processed_image": null, "mask_image": null, "color_analysis": null}, {"class": "germinated_seed", "confidence": 25.13, "bbox": {"x1": 5132, "y1": 1369, "x2": 5477, "y2": 1695, "width": 345, "height": 326}, "cropped_image": "germinated_seed_69_25pct_1742276361.jpg", "processed_image": null, "mask_image": null, "color_analysis": null}]}
DETECTION_RESULTS_END
[18-Mar-2025 06:39:35 Europe/Berlin] Return code: 0
[18-Mar-2025 06:39:35 Europe/Berlin] Processing line: Current working directory: C:\xampp\htdocs\coba_website
[18-Mar-2025 06:39:35 Europe/Berlin] Processing line: Model path (absolute): C:\xampp\htdocs\coba_website\app\content\Melon\deeplearning\chili_yolov8.pt
[18-Mar-2025 06:39:35 Europe/Berlin] Processing line: Upload path (absolute): C:\xampp\htdocs\coba_website\output\detect_20\raw__DSC1350.JPG
[18-Mar-2025 06:39:35 Europe/Berlin] Processing line: Results directory (absolute): C:\xampp\htdocs\coba_website\output\detect_20
[18-Mar-2025 06:39:35 Europe/Berlin] Processing line: Using HSV ranges:
[18-Mar-2025 06:39:35 Europe/Berlin] Processing line: Range 1: H=[155-255], S=[160-240], V=[160-255]
[18-Mar-2025 06:39:35 Europe/Berlin] Processing line: Range 2: H=[0-30], S=[160-240], V=[160-255]
[18-Mar-2025 06:39:35 Europe/Berlin] Processing line: Loading model...
[18-Mar-2025 06:39:35 Europe/Berlin] Processing line: Model loaded successfully
[18-Mar-2025 06:39:35 Europe/Berlin] Processing line: Reading image...
[18-Mar-2025 06:39:35 Europe/Berlin] Processing line: Image read successfully, shape: (3712, 5568, 3)
[18-Mar-2025 06:39:35 Europe/Berlin] Processing line: Running detection...
[18-Mar-2025 06:39:35 Europe/Berlin] Processing line: 
[18-Mar-2025 06:39:35 Europe/Berlin] Processing line: 0: 448x640 18 germinated_seeds, 51 not_germinateds, 259.9ms
[18-Mar-2025 06:39:35 Europe/Berlin] Processing line: Speed: 11.1ms preprocess, 259.9ms inference, 9.0ms postprocess per image at shape (1, 3, 448, 640)
[18-Mar-2025 06:39:35 Europe/Berlin] Processing line: Detection completed successfully
[18-Mar-2025 06:39:35 Europe/Berlin] Processing line: Found 69 objects
[18-Mar-2025 06:39:35 Europe/Berlin] Processing line: Processing detection 1: germinated_seed (85.98%)
[18-Mar-2025 06:39:35 Europe/Berlin] Processing line: Successfully saved cropped germinated_seed to: C:\xampp\htdocs\coba_website\output\detect_20\germinated_seed_1_85pct_1742276361.jpg
[18-Mar-2025 06:39:35 Europe/Berlin] Processing line: Processing detection 2: germinated_seed (85.03%)
[18-Mar-2025 06:39:35 Europe/Berlin] Processing line: Successfully saved cropped germinated_seed to: C:\xampp\htdocs\coba_website\output\detect_20\germinated_seed_2_85pct_1742276361.jpg
[18-Mar-2025 06:39:35 Europe/Berlin] Processing line: Processing detection 3: germinated_seed (84.80%)
[18-Mar-2025 06:39:35 Europe/Berlin] Processing line: Successfully saved cropped germinated_seed to: C:\xampp\htdocs\coba_website\output\detect_20\germinated_seed_3_84pct_1742276361.jpg
[18-Mar-2025 06:39:35 Europe/Berlin] Processing line: Processing detection 4: not_germinated (82.74%)
[18-Mar-2025 06:39:35 Europe/Berlin] Processing line: Successfully saved cropped not_germinated to: C:\xampp\htdocs\coba_website\output\detect_20\not_germinated_4_82pct_1742276361.jpg
[18-Mar-2025 06:39:35 Europe/Berlin] Processing line: Processing detection 5: not_germinated (82.10%)
[18-Mar-2025 06:39:35 Europe/Berlin] Processing line: Successfully saved cropped not_germinated to: C:\xampp\htdocs\coba_website\output\detect_20\not_germinated_5_82pct_1742276361.jpg
[18-Mar-2025 06:39:35 Europe/Berlin] Processing line: Processing detection 6: not_germinated (81.97%)
[18-Mar-2025 06:39:35 Europe/Berlin] Processing line: Successfully saved cropped not_germinated to: C:\xampp\htdocs\coba_website\output\detect_20\not_germinated_6_81pct_1742276361.jpg
[18-Mar-2025 06:39:35 Europe/Berlin] Processing line: Processing detection 7: not_germinated (81.32%)
[18-Mar-2025 06:39:35 Europe/Berlin] Processing line: Successfully saved cropped not_germinated to: C:\xampp\htdocs\coba_website\output\detect_20\not_germinated_7_81pct_1742276361.jpg
[18-Mar-2025 06:39:35 Europe/Berlin] Processing line: Processing detection 8: not_germinated (81.23%)
[18-Mar-2025 06:39:35 Europe/Berlin] Processing line: Successfully saved cropped not_germinated to: C:\xampp\htdocs\coba_website\output\detect_20\not_germinated_8_81pct_1742276361.jpg
[18-Mar-2025 06:39:35 Europe/Berlin] Processing line: Processing detection 9: not_germinated (80.84%)
[18-Mar-2025 06:39:35 Europe/Berlin] Processing line: Successfully saved cropped not_germinated to: C:\xampp\htdocs\coba_website\output\detect_20\not_germinated_9_80pct_1742276361.jpg
[18-Mar-2025 06:39:35 Europe/Berlin] Processing line: Processing detection 10: not_germinated (80.56%)
[18-Mar-2025 06:39:35 Europe/Berlin] Processing line: Successfully saved cropped not_germinated to: C:\xampp\htdocs\coba_website\output\detect_20\not_germinated_10_80pct_1742276361.jpg
[18-Mar-2025 06:39:35 Europe/Berlin] Processing line: Processing detection 11: not_germinated (80.07%)
[18-Mar-2025 06:39:35 Europe/Berlin] Processing line: Successfully saved cropped not_germinated to: C:\xampp\htdocs\coba_website\output\detect_20\not_germinated_11_80pct_1742276361.jpg
[18-Mar-2025 06:39:35 Europe/Berlin] Processing line: Processing detection 12: not_germinated (79.88%)
[18-Mar-2025 06:39:35 Europe/Berlin] Processing line: Successfully saved cropped not_germinated to: C:\xampp\htdocs\coba_website\output\detect_20\not_germinated_12_79pct_1742276361.jpg
[18-Mar-2025 06:39:35 Europe/Berlin] Processing line: Processing detection 13: not_germinated (79.82%)
[18-Mar-2025 06:39:35 Europe/Berlin] Processing line: Successfully saved cropped not_germinated to: C:\xampp\htdocs\coba_website\output\detect_20\not_germinated_13_79pct_1742276361.jpg
[18-Mar-2025 06:39:35 Europe/Berlin] Processing line: Processing detection 14: not_germinated (79.80%)
[18-Mar-2025 06:39:35 Europe/Berlin] Processing line: Successfully saved cropped not_germinated to: C:\xampp\htdocs\coba_website\output\detect_20\not_germinated_14_79pct_1742276361.jpg
[18-Mar-2025 06:39:35 Europe/Berlin] Processing line: Processing detection 15: not_germinated (79.33%)
[18-Mar-2025 06:39:35 Europe/Berlin] Processing line: Successfully saved cropped not_germinated to: C:\xampp\htdocs\coba_website\output\detect_20\not_germinated_15_79pct_1742276361.jpg
[18-Mar-2025 06:39:35 Europe/Berlin] Processing line: Processing detection 16: not_germinated (77.85%)
[18-Mar-2025 06:39:35 Europe/Berlin] Processing line: Successfully saved cropped not_germinated to: C:\xampp\htdocs\coba_website\output\detect_20\not_germinated_16_77pct_1742276361.jpg
[18-Mar-2025 06:39:35 Europe/Berlin] Processing line: Processing detection 17: not_germinated (77.42%)
[18-Mar-2025 06:39:35 Europe/Berlin] Processing line: Successfully saved cropped not_germinated to: C:\xampp\htdocs\coba_website\output\detect_20\not_germinated_17_77pct_1742276361.jpg
[18-Mar-2025 06:39:35 Europe/Berlin] Processing line: Processing detection 18: germinated_seed (76.93%)
[18-Mar-2025 06:39:35 Europe/Berlin] Processing line: Successfully saved cropped germinated_seed to: C:\xampp\htdocs\coba_website\output\detect_20\germinated_seed_18_76pct_1742276361.jpg
[18-Mar-2025 06:39:35 Europe/Berlin] Processing line: Processing detection 19: not_germinated (75.82%)
[18-Mar-2025 06:39:35 Europe/Berlin] Processing line: Successfully saved cropped not_germinated to: C:\xampp\htdocs\coba_website\output\detect_20\not_germinated_19_75pct_1742276361.jpg
[18-Mar-2025 06:39:35 Europe/Berlin] Processing line: Processing detection 20: not_germinated (75.13%)
[18-Mar-2025 06:39:35 Europe/Berlin] Processing line: Successfully saved cropped not_germinated to: C:\xampp\htdocs\coba_website\output\detect_20\not_germinated_20_75pct_1742276361.jpg
[18-Mar-2025 06:39:35 Europe/Berlin] Processing line: Processing detection 21: not_germinated (74.39%)
[18-Mar-2025 06:39:35 Europe/Berlin] Processing line: Successfully saved cropped not_germinated to: C:\xampp\htdocs\coba_website\output\detect_20\not_germinated_21_74pct_1742276361.jpg
[18-Mar-2025 06:39:35 Europe/Berlin] Processing line: Processing detection 22: not_germinated (74.27%)
[18-Mar-2025 06:39:35 Europe/Berlin] Processing line: Successfully saved cropped not_germinated to: C:\xampp\htdocs\coba_website\output\detect_20\not_germinated_22_74pct_1742276361.jpg
[18-Mar-2025 06:39:35 Europe/Berlin] Processing line: Processing detection 23: not_germinated (73.95%)
[18-Mar-2025 06:39:35 Europe/Berlin] Processing line: Successfully saved cropped not_germinated to: C:\xampp\htdocs\coba_website\output\detect_20\not_germinated_23_73pct_1742276361.jpg
[18-Mar-2025 06:39:35 Europe/Berlin] Processing line: Processing detection 24: not_germinated (73.87%)
[18-Mar-2025 06:39:35 Europe/Berlin] Processing line: Successfully saved cropped not_germinated to: C:\xampp\htdocs\coba_website\output\detect_20\not_germinated_24_73pct_1742276361.jpg
[18-Mar-2025 06:39:35 Europe/Berlin] Processing line: Processing detection 25: not_germinated (73.85%)
[18-Mar-2025 06:39:35 Europe/Berlin] Processing line: Successfully saved cropped not_germinated to: C:\xampp\htdocs\coba_website\output\detect_20\not_germinated_25_73pct_1742276361.jpg
[18-Mar-2025 06:39:35 Europe/Berlin] Processing line: Processing detection 26: not_germinated (73.51%)
[18-Mar-2025 06:39:35 Europe/Berlin] Processing line: Successfully saved cropped not_germinated to: C:\xampp\htdocs\coba_website\output\detect_20\not_germinated_26_73pct_1742276361.jpg
[18-Mar-2025 06:39:35 Europe/Berlin] Processing line: Processing detection 27: germinated_seed (73.30%)
[18-Mar-2025 06:39:35 Europe/Berlin] Processing line: Successfully saved cropped germinated_seed to: C:\xampp\htdocs\coba_website\output\detect_20\germinated_seed_27_73pct_1742276361.jpg
[18-Mar-2025 06:39:35 Europe/Berlin] Processing line: Processing detection 28: not_germinated (72.37%)
[18-Mar-2025 06:39:35 Europe/Berlin] Processing line: Successfully saved cropped not_germinated to: C:\xampp\htdocs\coba_website\output\detect_20\not_germinated_28_72pct_1742276361.jpg
[18-Mar-2025 06:39:35 Europe/Berlin] Processing line: Processing detection 29: not_germinated (72.17%)
[18-Mar-2025 06:39:35 Europe/Berlin] Processing line: Successfully saved cropped not_germinated to: C:\xampp\htdocs\coba_website\output\detect_20\not_germinated_29_72pct_1742276361.jpg
[18-Mar-2025 06:39:35 Europe/Berlin] Processing line: Processing detection 30: not_germinated (69.99%)
[18-Mar-2025 06:39:35 Europe/Berlin] Processing line: Successfully saved cropped not_germinated to: C:\xampp\htdocs\coba_website\output\detect_20\not_germinated_30_69pct_1742276361.jpg
[18-Mar-2025 06:39:35 Europe/Berlin] Processing line: Processing detection 31: germinated_seed (69.10%)
[18-Mar-2025 06:39:35 Europe/Berlin] Processing line: Successfully saved cropped germinated_seed to: C:\xampp\htdocs\coba_website\output\detect_20\germinated_seed_31_69pct_1742276361.jpg
[18-Mar-2025 06:39:35 Europe/Berlin] Processing line: Processing detection 32: not_germinated (68.77%)
[18-Mar-2025 06:39:35 Europe/Berlin] Processing line: Successfully saved cropped not_germinated to: C:\xampp\htdocs\coba_website\output\detect_20\not_germinated_32_68pct_1742276361.jpg
[18-Mar-2025 06:39:35 Europe/Berlin] Processing line: Processing detection 33: germinated_seed (68.40%)
[18-Mar-2025 06:39:35 Europe/Berlin] Processing line: Successfully saved cropped germinated_seed to: C:\xampp\htdocs\coba_website\output\detect_20\germinated_seed_33_68pct_1742276361.jpg
[18-Mar-2025 06:39:35 Europe/Berlin] Processing line: Processing detection 34: not_germinated (66.76%)
[18-Mar-2025 06:39:35 Europe/Berlin] Processing line: Successfully saved cropped not_germinated to: C:\xampp\htdocs\coba_website\output\detect_20\not_germinated_34_66pct_1742276361.jpg
[18-Mar-2025 06:39:35 Europe/Berlin] Processing line: Processing detection 35: not_germinated (66.12%)
[18-Mar-2025 06:39:35 Europe/Berlin] Processing line: Successfully saved cropped not_germinated to: C:\xampp\htdocs\coba_website\output\detect_20\not_germinated_35_66pct_1742276361.jpg
[18-Mar-2025 06:39:35 Europe/Berlin] Processing line: Processing detection 36: not_germinated (66.04%)
[18-Mar-2025 06:39:35 Europe/Berlin] Processing line: Successfully saved cropped not_germinated to: C:\xampp\htdocs\coba_website\output\detect_20\not_germinated_36_66pct_1742276361.jpg
[18-Mar-2025 06:39:35 Europe/Berlin] Processing line: Processing detection 37: not_germinated (65.22%)
[18-Mar-2025 06:39:35 Europe/Berlin] Processing line: Successfully saved cropped not_germinated to: C:\xampp\htdocs\coba_website\output\detect_20\not_germinated_37_65pct_1742276361.jpg
[18-Mar-2025 06:39:35 Europe/Berlin] Processing line: Processing detection 38: not_germinated (64.44%)
[18-Mar-2025 06:39:35 Europe/Berlin] Processing line: Successfully saved cropped not_germinated to: C:\xampp\htdocs\coba_website\output\detect_20\not_germinated_38_64pct_1742276361.jpg
[18-Mar-2025 06:39:35 Europe/Berlin] Processing line: Processing detection 39: germinated_seed (63.90%)
[18-Mar-2025 06:39:35 Europe/Berlin] Processing line: Successfully saved cropped germinated_seed to: C:\xampp\htdocs\coba_website\output\detect_20\germinated_seed_39_63pct_1742276361.jpg
[18-Mar-2025 06:39:35 Europe/Berlin] Processing line: Processing detection 40: not_germinated (63.41%)
[18-Mar-2025 06:39:35 Europe/Berlin] Processing line: Successfully saved cropped not_germinated to: C:\xampp\htdocs\coba_website\output\detect_20\not_germinated_40_63pct_1742276361.jpg
[18-Mar-2025 06:39:35 Europe/Berlin] Processing line: Processing detection 41: not_germinated (63.25%)
[18-Mar-2025 06:39:35 Europe/Berlin] Processing line: Successfully saved cropped not_germinated to: C:\xampp\htdocs\coba_website\output\detect_20\not_germinated_41_63pct_1742276361.jpg
[18-Mar-2025 06:39:35 Europe/Berlin] Processing line: Processing detection 42: not_germinated (63.09%)
[18-Mar-2025 06:39:35 Europe/Berlin] Processing line: Successfully saved cropped not_germinated to: C:\xampp\htdocs\coba_website\output\detect_20\not_germinated_42_63pct_1742276361.jpg
[18-Mar-2025 06:39:35 Europe/Berlin] Processing line: Processing detection 43: not_germinated (63.05%)
[18-Mar-2025 06:39:35 Europe/Berlin] Processing line: Successfully saved cropped not_germinated to: C:\xampp\htdocs\coba_website\output\detect_20\not_germinated_43_63pct_1742276361.jpg
[18-Mar-2025 06:39:35 Europe/Berlin] Processing line: Processing detection 44: not_germinated (62.61%)
[18-Mar-2025 06:39:35 Europe/Berlin] Processing line: Successfully saved cropped not_germinated to: C:\xampp\htdocs\coba_website\output\detect_20\not_germinated_44_62pct_1742276361.jpg
[18-Mar-2025 06:39:35 Europe/Berlin] Processing line: Processing detection 45: not_germinated (59.87%)
[18-Mar-2025 06:39:35 Europe/Berlin] Processing line: Successfully saved cropped not_germinated to: C:\xampp\htdocs\coba_website\output\detect_20\not_germinated_45_59pct_1742276361.jpg
[18-Mar-2025 06:39:35 Europe/Berlin] Processing line: Processing detection 46: not_germinated (59.83%)
[18-Mar-2025 06:39:35 Europe/Berlin] Processing line: Successfully saved cropped not_germinated to: C:\xampp\htdocs\coba_website\output\detect_20\not_germinated_46_59pct_1742276361.jpg
[18-Mar-2025 06:39:35 Europe/Berlin] Processing line: Processing detection 47: not_germinated (59.83%)
[18-Mar-2025 06:39:35 Europe/Berlin] Processing line: Successfully saved cropped not_germinated to: C:\xampp\htdocs\coba_website\output\detect_20\not_germinated_47_59pct_1742276361.jpg
[18-Mar-2025 06:39:35 Europe/Berlin] Processing line: Processing detection 48: not_germinated (59.59%)
[18-Mar-2025 06:39:35 Europe/Berlin] Processing line: Successfully saved cropped not_germinated to: C:\xampp\htdocs\coba_website\output\detect_20\not_germinated_48_59pct_1742276361.jpg
[18-Mar-2025 06:39:35 Europe/Berlin] Processing line: Processing detection 49: not_germinated (58.79%)
[18-Mar-2025 06:39:35 Europe/Berlin] Processing line: Successfully saved cropped not_germinated to: C:\xampp\htdocs\coba_website\output\detect_20\not_germinated_49_58pct_1742276361.jpg
[18-Mar-2025 06:39:35 Europe/Berlin] Processing line: Processing detection 50: not_germinated (58.29%)
[18-Mar-2025 06:39:35 Europe/Berlin] Processing line: Successfully saved cropped not_germinated to: C:\xampp\htdocs\coba_website\output\detect_20\not_germinated_50_58pct_1742276361.jpg
[18-Mar-2025 06:39:35 Europe/Berlin] Processing line: Processing detection 51: not_germinated (55.09%)
[18-Mar-2025 06:39:35 Europe/Berlin] Processing line: Successfully saved cropped not_germinated to: C:\xampp\htdocs\coba_website\output\detect_20\not_germinated_51_55pct_1742276361.jpg
[18-Mar-2025 06:39:35 Europe/Berlin] Processing line: Processing detection 52: germinated_seed (52.80%)
[18-Mar-2025 06:39:35 Europe/Berlin] Processing line: Successfully saved cropped germinated_seed to: C:\xampp\htdocs\coba_website\output\detect_20\germinated_seed_52_52pct_1742276361.jpg
[18-Mar-2025 06:39:35 Europe/Berlin] Processing line: Processing detection 53: germinated_seed (50.87%)
[18-Mar-2025 06:39:35 Europe/Berlin] Processing line: Successfully saved cropped germinated_seed to: C:\xampp\htdocs\coba_website\output\detect_20\germinated_seed_53_50pct_1742276361.jpg
[18-Mar-2025 06:39:35 Europe/Berlin] Processing line: Processing detection 54: not_germinated (50.83%)
[18-Mar-2025 06:39:35 Europe/Berlin] Processing line: Successfully saved cropped not_germinated to: C:\xampp\htdocs\coba_website\output\detect_20\not_germinated_54_50pct_1742276361.jpg
[18-Mar-2025 06:39:35 Europe/Berlin] Processing line: Processing detection 55: not_germinated (48.27%)
[18-Mar-2025 06:39:35 Europe/Berlin] Processing line: Successfully saved cropped not_germinated to: C:\xampp\htdocs\coba_website\output\detect_20\not_germinated_55_48pct_1742276361.jpg
[18-Mar-2025 06:39:35 Europe/Berlin] Processing line: Processing detection 56: germinated_seed (47.12%)
[18-Mar-2025 06:39:35 Europe/Berlin] Processing line: Successfully saved cropped germinated_seed to: C:\xampp\htdocs\coba_website\output\detect_20\germinated_seed_56_47pct_1742276361.jpg
[18-Mar-2025 06:39:35 Europe/Berlin] Processing line: Processing detection 57: not_germinated (46.43%)
[18-Mar-2025 06:39:35 Europe/Berlin] Processing line: Successfully saved cropped not_germinated to: C:\xampp\htdocs\coba_website\output\detect_20\not_germinated_57_46pct_1742276361.jpg
[18-Mar-2025 06:39:35 Europe/Berlin] Processing line: Processing detection 58: not_germinated (44.62%)
[18-Mar-2025 06:39:35 Europe/Berlin] Processing line: Successfully saved cropped not_germinated to: C:\xampp\htdocs\coba_website\output\detect_20\not_germinated_58_44pct_1742276361.jpg
[18-Mar-2025 06:39:35 Europe/Berlin] Processing line: Processing detection 59: not_germinated (42.87%)
[18-Mar-2025 06:39:35 Europe/Berlin] Processing line: Successfully saved cropped not_germinated to: C:\xampp\htdocs\coba_website\output\detect_20\not_germinated_59_42pct_1742276361.jpg
[18-Mar-2025 06:39:35 Europe/Berlin] Processing line: Processing detection 60: germinated_seed (40.23%)
[18-Mar-2025 06:39:35 Europe/Berlin] Processing line: Successfully saved cropped germinated_seed to: C:\xampp\htdocs\coba_website\output\detect_20\germinated_seed_60_40pct_1742276361.jpg
[18-Mar-2025 06:39:35 Europe/Berlin] Processing line: Processing detection 61: germinated_seed (40.00%)
[18-Mar-2025 06:39:35 Europe/Berlin] Processing line: Successfully saved cropped germinated_seed to: C:\xampp\htdocs\coba_website\output\detect_20\germinated_seed_61_40pct_1742276361.jpg
[18-Mar-2025 06:39:35 Europe/Berlin] Processing line: Processing detection 62: not_germinated (38.57%)
[18-Mar-2025 06:39:35 Europe/Berlin] Processing line: Successfully saved cropped not_germinated to: C:\xampp\htdocs\coba_website\output\detect_20\not_germinated_62_38pct_1742276361.jpg
[18-Mar-2025 06:39:35 Europe/Berlin] Processing line: Processing detection 63: germinated_seed (37.79%)
[18-Mar-2025 06:39:35 Europe/Berlin] Processing line: Successfully saved cropped germinated_seed to: C:\xampp\htdocs\coba_website\output\detect_20\germinated_seed_63_37pct_1742276361.jpg
[18-Mar-2025 06:39:35 Europe/Berlin] Processing line: Processing detection 64: not_germinated (36.06%)
[18-Mar-2025 06:39:35 Europe/Berlin] Processing line: Successfully saved cropped not_germinated to: C:\xampp\htdocs\coba_website\output\detect_20\not_germinated_64_36pct_1742276361.jpg
[18-Mar-2025 06:39:35 Europe/Berlin] Processing line: Processing detection 65: germinated_seed (33.36%)
[18-Mar-2025 06:39:35 Europe/Berlin] Processing line: Successfully saved cropped germinated_seed to: C:\xampp\htdocs\coba_website\output\detect_20\germinated_seed_65_33pct_1742276361.jpg
[18-Mar-2025 06:39:35 Europe/Berlin] Processing line: Processing detection 66: not_germinated (30.88%)
[18-Mar-2025 06:39:35 Europe/Berlin] Processing line: Successfully saved cropped not_germinated to: C:\xampp\htdocs\coba_website\output\detect_20\not_germinated_66_30pct_1742276361.jpg
[18-Mar-2025 06:39:35 Europe/Berlin] Processing line: Processing detection 67: germinated_seed (27.60%)
[18-Mar-2025 06:39:35 Europe/Berlin] Processing line: Successfully saved cropped germinated_seed to: C:\xampp\htdocs\coba_website\output\detect_20\germinated_seed_67_27pct_1742276361.jpg
[18-Mar-2025 06:39:35 Europe/Berlin] Processing line: Processing detection 68: germinated_seed (25.23%)
[18-Mar-2025 06:39:35 Europe/Berlin] Processing line: Successfully saved cropped germinated_seed to: C:\xampp\htdocs\coba_website\output\detect_20\germinated_seed_68_25pct_1742276361.jpg
[18-Mar-2025 06:39:35 Europe/Berlin] Processing line: Processing detection 69: germinated_seed (25.13%)
[18-Mar-2025 06:39:35 Europe/Berlin] Processing line: Successfully saved cropped germinated_seed to: C:\xampp\htdocs\coba_website\output\detect_20\germinated_seed_69_25pct_1742276361.jpg
[18-Mar-2025 06:39:35 Europe/Berlin] Processing line: Saved detection results to: C:\xampp\htdocs\coba_website\output\detect_20\1742276361_detections.json
[18-Mar-2025 06:39:35 Europe/Berlin] Processing line: Successfully saved result visualization to: C:\xampp\htdocs\coba_website\output\detect_20\1742276361_result.jpg
[18-Mar-2025 06:39:35 Europe/Berlin] Processing line: DETECTION_RESULTS_START
[18-Mar-2025 06:39:35 Europe/Berlin] Processing line: {"image_size": {"width": 5568, "height": 3712}, "detections": [{"class": "germinated_seed", "confidence": 85.98, "bbox": {"x1": 4066, "y1": 1336, "x2": 4408, "y2": 1655, "width": 342, "height": 319}, "cropped_image": "germinated_seed_1_85pct_1742276361.jpg", "processed_image": null, "mask_image": null, "color_analysis": null}, {"class": "germinated_seed", "confidence": 85.03, "bbox": {"x1": 3505, "y1": 1346, "x2": 3864, "y2": 1697, "width": 359, "height": 351}, "cropped_image": "germinated_seed_2_85pct_1742276361.jpg", "processed_image": null, "mask_image": null, "color_analysis": null}, {"class": "germinated_seed", "confidence": 84.8, "bbox": {"x1": 5153, "y1": 223, "x2": 5497, "y2": 560, "width": 344, "height": 337}, "cropped_image": "germinated_seed_3_84pct_1742276361.jpg", "processed_image": null, "mask_image": null, "color_analysis": null}, {"class": "not_germinated", "confidence": 82.74, "bbox": {"x1": 2368, "y1": 754, "x2": 2772, "y2": 1188, "width": 404, "height": 434}, "cropped_image": "not_germinated_4_82pct_1742276361.jpg", "processed_image": null, "mask_image": null, "color_analysis": null}, {"class": "not_germinated", "confidence": 82.1, "bbox": {"x1": 4598, "y1": 2412, "x2": 5016, "y2": 2807, "width": 418, "height": 395}, "cropped_image": "not_germinated_5_82pct_1742276361.jpg", "processed_image": null, "mask_image": null, "color_analysis": null}, {"class": "not_germinated", "confidence": 81.97, "bbox": {"x1": 2399, "y1": 1344, "x2": 2768, "y2": 1698, "width": 369, "height": 354}, "cropped_image": "not_germinated_6_81pct_1742276361.jpg", "processed_image": null, "mask_image": null, "color_analysis": null}, {"class": "not_germinated", "confidence": 81.32, "bbox": {"x1": 2937, "y1": 278, "x2": 3305, "y2": 611, "width": 368, "height": 333}, "cropped_image": "not_germinated_7_81pct_1742276361.jpg", "processed_image": null, "mask_image": null, "color_analysis": null}, {"class": "not_germinated", "confidence": 81.23, "bbox": {"x1": 1282, "y1": 200, "x2": 1635, "y2": 576, "width": 353, "height": 376}, "cropped_image": "not_germinated_8_81pct_1742276361.jpg", "processed_image": null, "mask_image": null, "color_analysis": null}, {"class": "not_germinated", "confidence": 80.84, "bbox": {"x1": 3480, "y1": 1887, "x2": 3844, "y2": 2215, "width": 364, "height": 328}, "cropped_image": "not_germinated_9_80pct_1742276361.jpg", "processed_image": null, "mask_image": null, "color_analysis": null}, {"class": "not_germinated", "confidence": 80.56, "bbox": {"x1": 107, "y1": 187, "x2": 510, "y2": 631, "width": 403, "height": 444}, "cropped_image": "not_germinated_10_80pct_1742276361.jpg", "processed_image": null, "mask_image": null, "color_analysis": null}, {"class": "not_germinated", "confidence": 80.07, "bbox": {"x1": 3547, "y1": 731, "x2": 3933, "y2": 1085, "width": 386, "height": 354}, "cropped_image": "not_germinated_11_80pct_1742276361.jpg", "processed_image": null, "mask_image": null, "color_analysis": null}, {"class": "not_germinated", "confidence": 79.88, "bbox": {"x1": 4634, "y1": 253, "x2": 5036, "y2": 592, "width": 402, "height": 339}, "cropped_image": "not_germinated_12_79pct_1742276361.jpg", "processed_image": null, "mask_image": null, "color_analysis": null}, {"class": "not_germinated", "confidence": 79.82, "bbox": {"x1": 1854, "y1": 1354, "x2": 2197, "y2": 1725, "width": 343, "height": 371}, "cropped_image": "not_germinated_13_79pct_1742276361.jpg", "processed_image": null, "mask_image": null, "color_analysis": null}, {"class": "not_germinated", "confidence": 79.8, "bbox": {"x1": 1228, "y1": 1361, "x2": 1595, "y2": 1698, "width": 367, "height": 337}, "cropped_image": "not_germinated_14_79pct_1742276361.jpg", "processed_image": null, "mask_image": null, "color_analysis": null}, {"class": "not_germinated", "confidence": 79.33, "bbox": {"x1": 2931, "y1": 836, "x2": 3293, "y2": 1174, "width": 362, "height": 338}, "cropped_image": "not_germinated_15_79pct_1742276361.jpg", "processed_image": null, "mask_image": null, "color_analysis": null}, {"class": "not_germinated", "confidence": 77.85, "bbox": {"x1": 1797, "y1": 160, "x2": 2168, "y2": 560, "width": 371, "height": 400}, "cropped_image": "not_germinated_16_77pct_1742276361.jpg", "processed_image": null, "mask_image": null, "color_analysis": null}, {"class": "not_germinated", "confidence": 77.42, "bbox": {"x1": 4628, "y1": 741, "x2": 5033, "y2": 1121, "width": 405, "height": 380}, "cropped_image": "not_germinated_17_77pct_1742276361.jpg", "processed_image": null, "mask_image": null, "color_analysis": null}, {"class": "germinated_seed", "confidence": 76.93, "bbox": {"x1": 2927, "y1": 1928, "x2": 3270, "y2": 2273, "width": 343, "height": 345}, "cropped_image": "germinated_seed_18_76pct_1742276361.jpg", "processed_image": null, "mask_image": null, "color_analysis": null}, {"class": "not_germinated", "confidence": 75.82, "bbox": {"x1": 2402, "y1": 230, "x2": 2762, "y2": 589, "width": 360, "height": 359}, "cropped_image": "not_germinated_19_75pct_1742276361.jpg", "processed_image": null, "mask_image": null, "color_analysis": null}, {"class": "not_germinated", "confidence": 75.13, "bbox": {"x1": 1860, "y1": 2432, "x2": 2219, "y2": 2798, "width": 359, "height": 366}, "cropped_image": "not_germinated_20_75pct_1742276361.jpg", "processed_image": null, "mask_image": null, "color_analysis": null}, {"class": "not_germinated", "confidence": 74.39, "bbox": {"x1": 1256, "y1": 2450, "x2": 1632, "y2": 2775, "width": 376, "height": 325}, "cropped_image": "not_germinated_21_74pct_1742276361.jpg", "processed_image": null, "mask_image": null, "color_analysis": null}, {"class": "not_germinated", "confidence": 74.27, "bbox": {"x1": 719, "y1": 1339, "x2": 1055, "y2": 1695, "width": 336, "height": 356}, "cropped_image": "not_germinated_22_74pct_1742276361.jpg", "processed_image": null, "mask_image": null, "color_analysis": null}, {"class": "not_germinated", "confidence": 73.95, "bbox": {"x1": 2442, "y1": 3048, "x2": 2773, "y2": 3386, "width": 331, "height": 338}, "cropped_image": "not_germinated_23_73pct_1742276361.jpg", "processed_image": null, "mask_image": null, "color_analysis": null}, {"class": "not_germinated", "confidence": 73.87, "bbox": {"x1": 1853, "y1": 3003, "x2": 2199, "y2": 3355, "width": 346, "height": 352}, "cropped_image": "not_germinated_24_73pct_1742276361.jpg", "processed_image": null, "mask_image": null, "color_analysis": null}, {"class": "not_germinated", "confidence": 73.85, "bbox": {"x1": 739, "y1": 3053, "x2": 1102, "y2": 3426, "width": 363, "height": 373}, "cropped_image": "not_germinated_25_73pct_1742276361.jpg", "processed_image": null, "mask_image": null, "color_analysis": null}, {"class": "not_germinated", "confidence": 73.51, "bbox": {"x1": 4086, "y1": 149, "x2": 4441, "y2": 547, "width": 355, "height": 398}, "cropped_image": "not_germinated_26_73pct_1742276361.jpg", "processed_image": null, "mask_image": null, "color_analysis": null}, {"class": "germinated_seed", "confidence": 73.3, "bbox": {"x1": 2957, "y1": 3064, "x2": 3316, "y2": 3437, "width": 359, "height": 373}, "cropped_image": "germinated_seed_27_73pct_1742276361.jpg", "processed_image": null, "mask_image": null, "color_analysis": null}, {"class": "not_germinated", "confidence": 72.37, "bbox": {"x1": 4087, "y1": 3010, "x2": 4503, "y2": 3382, "width": 416, "height": 372}, "cropped_image": "not_germinated_28_72pct_1742276361.jpg", "processed_image": null, "mask_image": null, "color_analysis": null}, {"class": "not_germinated", "confidence": 72.17, "bbox": {"x1": 3531, "y1": 2421, "x2": 3865, "y2": 2769, "width": 334, "height": 348}, "cropped_image": "not_germinated_29_72pct_1742276361.jpg", "processed_image": null, "mask_image": null, "color_analysis": null}, {"class": "not_germinated", "confidence": 69.99, "bbox": {"x1": 2385, "y1": 2522, "x2": 2713, "y2": 2885, "width": 328, "height": 363}, "cropped_image": "not_germinated_30_69pct_1742276361.jpg", "processed_image": null, "mask_image": null, "color_analysis": null}, {"class": "germinated_seed", "confidence": 69.1, "bbox": {"x1": 85, "y1": 771, "x2": 459, "y2": 1180, "width": 374, "height": 409}, "cropped_image": "germinated_seed_31_69pct_1742276361.jpg", "processed_image": null, "mask_image": null, "color_analysis": null}, {"class": "not_germinated", "confidence": 68.77, "bbox": {"x1": 5146, "y1": 814, "x2": 5509, "y2": 1145, "width": 363, "height": 331}, "cropped_image": "not_germinated_32_68pct_1742276361.jpg", "processed_image": null, "mask_image": null, "color_analysis": null}, {"class": "germinated_seed", "confidence": 68.4, "bbox": {"x1": 3536, "y1": 201, "x2": 3912, "y2": 568, "width": 376, "height": 367}, "cropped_image": "germinated_seed_33_68pct_1742276361.jpg", "processed_image": null, "mask_image": null, "color_analysis": null}, {"class": "not_germinated", "confidence": 66.76, "bbox": {"x1": 4065, "y1": 723, "x2": 4397, "y2": 1061, "width": 332, "height": 338}, "cropped_image": "not_germinated_34_66pct_1742276361.jpg", "processed_image": null, "mask_image": null, "color_analysis": null}, {"class": "not_germinated", "confidence": 66.12, "bbox": {"x1": 1242, "y1": 844, "x2": 1613, "y2": 1186, "width": 371, "height": 342}, "cropped_image": "not_germinated_35_66pct_1742276361.jpg", "processed_image": null, "mask_image": null, "color_analysis": null}, {"class": "not_germinated", "confidence": 66.04, "bbox": {"x1": 1232, "y1": 1936, "x2": 1632, "y2": 2267, "width": 400, "height": 331}, "cropped_image": "not_germinated_36_66pct_1742276361.jpg", "processed_image": null, "mask_image": null, "color_analysis": null}, {"class": "not_germinated", "confidence": 65.22, "bbox": {"x1": 133, "y1": 1920, "x2": 560, "y2": 2295, "width": 427, "height": 375}, "cropped_image": "not_germinated_37_65pct_1742276361.jpg", "processed_image": null, "mask_image": null, "color_analysis": null}, {"class": "not_germinated", "confidence": 64.44, "bbox": {"x1": 161, "y1": 2474, "x2": 558, "y2": 2848, "width": 397, "height": 374}, "cropped_image": "not_germinated_38_64pct_1742276361.jpg", "processed_image": null, "mask_image": null, "color_analysis": null}, {"class": "germinated_seed", "confidence": 63.9, "bbox": {"x1": 2924, "y1": 2503, "x2": 3288, "y2": 2843, "width": 364, "height": 340}, "cropped_image": "germinated_seed_39_63pct_1742276361.jpg", "processed_image": null, "mask_image": null, "color_analysis": null}, {"class": "not_germinated", "confidence": 63.41, "bbox": {"x1": 5134, "y1": 2505, "x2": 5499, "y2": 2840, "width": 365, "height": 335}, "cropped_image": "not_germinated_40_63pct_1742276361.jpg", "processed_image": null, "mask_image": null, "color_analysis": null}, {"class": "not_germinated", "confidence": 63.25, "bbox": {"x1": 3536, "y1": 3042, "x2": 3948, "y2": 3424, "width": 412, "height": 382}, "cropped_image": "not_germinated_41_63pct_1742276361.jpg", "processed_image": null, "mask_image": null, "color_analysis": null}, {"class": "not_germinated", "confidence": 63.09, "bbox": {"x1": 683, "y1": 762, "x2": 1038, "y2": 1124, "width": 355, "height": 362}, "cropped_image": "not_germinated_42_63pct_1742276361.jpg", "processed_image": null, "mask_image": null, "color_analysis": null}, {"class": "not_germinated", "confidence": 63.05, "bbox": {"x1": 4619, "y1": 1909, "x2": 4990, "y2": 2223, "width": 371, "height": 314}, "cropped_image": "not_germinated_43_63pct_1742276361.jpg", "processed_image": null, "mask_image": null, "color_analysis": null}, {"class": "not_germinated", "confidence": 62.61, "bbox": {"x1": 1223, "y1": 3085, "x2": 1612, "y2": 3458, "width": 389, "height": 373}, "cropped_image": "not_germinated_44_62pct_1742276361.jpg", "processed_image": null, "mask_image": null, "color_analysis": null}, {"class": "not_germinated", "confidence": 59.87, "bbox": {"x1": 107, "y1": 1329, "x2": 502, "y2": 1680, "width": 395, "height": 351}, "cropped_image": "not_germinated_45_59pct_1742276361.jpg", "processed_image": null, "mask_image": null, "color_analysis": null}, {"class": "not_germinated", "confidence": 59.83, "bbox": {"x1": 1882, "y1": 1923, "x2": 2210, "y2": 2287, "width": 328, "height": 364}, "cropped_image": "not_germinated_46_59pct_1742276361.jpg", "processed_image": null, "mask_image": null, "color_analysis": null}, {"class": "not_germinated", "confidence": 59.83, "bbox": {"x1": 4060, "y1": 1940, "x2": 4395, "y2": 2303, "width": 335, "height": 363}, "cropped_image": "not_germinated_47_59pct_1742276361.jpg", "processed_image": null, "mask_image": null, "color_analysis": null}, {"class": "not_germinated", "confidence": 59.59, "bbox": {"x1": 4041, "y1": 2501, "x2": 4361, "y2": 2822, "width": 320, "height": 321}, "cropped_image": "not_germinated_48_59pct_1742276361.jpg", "processed_image": null, "mask_image": null, "color_analysis": null}, {"class": "not_germinated", "confidence": 58.79, "bbox": {"x1": 695, "y1": 2463, "x2": 1036, "y2": 2779, "width": 341, "height": 316}, "cropped_image": "not_germinated_49_58pct_1742276361.jpg", "processed_image": null, "mask_image": null, "color_analysis": null}, {"class": "not_germinated", "confidence": 58.29, "bbox": {"x1": 712, "y1": 246, "x2": 1085, "y2": 637, "width": 373, "height": 391}, "cropped_image": "not_germinated_50_58pct_1742276361.jpg", "processed_image": null, "mask_image": null, "color_analysis": null}, {"class": "not_germinated", "confidence": 55.09, "bbox": {"x1": 2359, "y1": 1896, "x2": 2763, "y2": 2260, "width": 404, "height": 364}, "cropped_image": "not_germinated_51_55pct_1742276361.jpg", "processed_image": null, "mask_image": null, "color_analysis": null}, {"class": "germinated_seed", "confidence": 52.8, "bbox": {"x1": 2904, "y1": 1350, "x2": 3297, "y2": 1694, "width": 393, "height": 344}, "cropped_image": "germinated_seed_52_52pct_1742276361.jpg", "processed_image": null, "mask_image": null, "color_analysis": null}, {"class": "germinated_seed", "confidence": 50.87, "bbox": {"x1": 690, "y1": 1926, "x2": 1064, "y2": 2285, "width": 374, "height": 359}, "cropped_image": "germinated_seed_53_50pct_1742276361.jpg", "processed_image": null, "mask_image": null, "color_analysis": null}, {"class": "not_germinated", "confidence": 50.83, "bbox": {"x1": 115, "y1": 3036, "x2": 517, "y2": 3368, "width": 402, "height": 332}, "cropped_image": "not_germinated_54_50pct_1742276361.jpg", "processed_image": null, "mask_image": null, "color_analysis": null}, {"class": "not_germinated", "confidence": 48.27, "bbox": {"x1": 1791, "y1": 743, "x2": 2151, "y2": 1102, "width": 360, "height": 359}, "cropped_image": "not_germinated_55_48pct_1742276361.jpg", "processed_image": null, "mask_image": null, "color_analysis": null}, {"class": "germinated_seed", "confidence": 47.12, "bbox": {"x1": 714, "y1": 252, "x2": 1083, "y2": 636, "width": 369, "height": 384}, "cropped_image": "germinated_seed_56_47pct_1742276361.jpg", "processed_image": null, "mask_image": null, "color_analysis": null}, {"class": "not_germinated", "confidence": 46.43, "bbox": {"x1": 4647, "y1": 3073, "x2": 5047, "y2": 3462, "width": 400, "height": 389}, "cropped_image": "not_germinated_57_46pct_1742276361.jpg", "processed_image": null, "mask_image": null, "color_analysis": null}, {"class": "not_germinated", "confidence": 44.62, "bbox": {"x1": 5193, "y1": 3066, "x2": 5567, "y2": 3442, "width": 374, "height": 376}, "cropped_image": "not_germinated_58_44pct_1742276361.jpg", "processed_image": null, "mask_image": null, "color_analysis": null}, {"class": "not_germinated", "confidence": 42.87, "bbox": {"x1": 4610, "y1": 1305, "x2": 4966, "y2": 1667, "width": 356, "height": 362}, "cropped_image": "not_germinated_59_42pct_1742276361.jpg", "processed_image": null, "mask_image": null, "color_analysis": null}, {"class": "germinated_seed", "confidence": 40.23, "bbox": {"x1": 1793, "y1": 742, "x2": 2157, "y2": 1116, "width": 364, "height": 374}, "cropped_image": "germinated_seed_60_40pct_1742276361.jpg", "processed_image": null, "mask_image": null, "color_analysis": null}, {"class": "germinated_seed", "confidence": 40.0, "bbox": {"x1": 4609, "y1": 1302, "x2": 4971, "y2": 1638, "width": 362, "height": 336}, "cropped_image": "germinated_seed_61_40pct_1742276361.jpg", "processed_image": null, "mask_image": null, "color_analysis": null}, {"class": "not_germinated", "confidence": 38.57, "bbox": {"x1": 2907, "y1": 1352, "x2": 3290, "y2": 1696, "width": 383, "height": 344}, "cropped_image": "not_germinated_62_38pct_1742276361.jpg", "processed_image": null, "mask_image": null, "color_analysis": null}, {"class": "germinated_seed", "confidence": 37.79, "bbox": {"x1": 1241, "y1": 846, "x2": 1609, "y2": 1186, "width": 368, "height": 340}, "cropped_image": "germinated_seed_63_37pct_1742276361.jpg", "processed_image": null, "mask_image": null, "color_analysis": null}, {"class": "not_germinated", "confidence": 36.06, "bbox": {"x1": 5149, "y1": 1899, "x2": 5494, "y2": 2238, "width": 345, "height": 339}, "cropped_image": "not_germinated_64_36pct_1742276361.jpg", "processed_image": null, "mask_image": null, "color_analysis": null}, {"class": "germinated_seed", "confidence": 33.36, "bbox": {"x1": 5203, "y1": 3069, "x2": 5568, "y2": 3449, "width": 365, "height": 380}, "cropped_image": "germinated_seed_65_33pct_1742276361.jpg", "processed_image": null, "mask_image": null, "color_analysis": null}, {"class": "not_germinated", "confidence": 30.88, "bbox": {"x1": 5134, "y1": 1374, "x2": 5487, "y2": 1695, "width": 353, "height": 321}, "cropped_image": "not_germinated_66_30pct_1742276361.jpg", "processed_image": null, "mask_image": null, "color_analysis": null}, {"class": "germinated_seed", "confidence": 27.6, "bbox": {"x1": 5149, "y1": 1903, "x2": 5490, "y2": 2240, "width": 341, "height": 337}, "cropped_image": "germinated_seed_67_27pct_1742276361.jpg", "processed_image": null, "mask_image": null, "color_analysis": null}, {"class": "germinated_seed", "confidence": 25.23, "bbox": {"x1": 3538, "y1": 3050, "x2": 3949, "y2": 3424, "width": 411, "height": 374}, "cropped_image": "germinated_seed_68_25pct_1742276361.jpg", "processed_image": null, "mask_image": null, "color_analysis": null}, {"class": "germinated_seed", "confidence": 25.13, "bbox": {"x1": 5132, "y1": 1369, "x2": 5477, "y2": 1695, "width": 345, "height": 326}, "cropped_image": "germinated_seed_69_25pct_1742276361.jpg", "processed_image": null, "mask_image": null, "color_analysis": null}]}
[18-Mar-2025 06:39:35 Europe/Berlin] Processing line: DETECTION_RESULTS_END
[18-Mar-2025 06:39:35 Europe/Berlin] Parsing JSON data: {"image_size": {"width": 5568, "height": 3712}, "detections": [{"class": "germinated_seed", "confidence": 85.98, "bbox": {"x1": 4066, "y1": 1336, "x2": 4408, "y2": 1655, "width": 342, "height": 319}, "cropped_image": "germinated_seed_1_85pct_1742276361.jpg", "processed_image": null, "mask_image": null, "color_analysis": null}, {"class": "germinated_seed", "confidence": 85.03, "bbox": {"x1": 3505, "y1": 1346, "x2": 3864, "y2": 1697, "width": 359, "height": 351}, "cropped_image": "germinated_seed_2_85pct_1742276361.jpg", "processed_image": null, "mask_image": null, "color_analysis": null}, {"class": "germinated_seed", "confidence": 84.8, "bbox": {"x1": 5153, "y1": 223, "x2": 5497, "y2": 560, "width": 344, "height": 337}, "cropped_image": "germinated_seed_3_84pct_1742276361.jpg", "processed_image": null, "mask_image": null, "color_analysis": null}, {"class": "not_germinated", "confidence": 82.74, "bbox": {"x1": 2368, "y1": 754, "x2": 2772, "y2": 1188, "width": 404, "height": 434}, "cropped_image": "not_germinated_4_82pct_1742276361.jpg", "processed_image": null, "mask_image": null, "color_analysis": null}, {"class": "not_germinated", "confidence": 82.1, "bbox": {"x1": 4598, "y1": 2412, "x2": 5016, "y2": 2807, "width": 418, "height": 395}, "cropped_image": "not_germinated_5_82pct_1742276361.jpg", "processed_image": null, "mask_image": null, "color_analysis": null}, {"class": "not_germinated", "confidence": 81.97, "bbox": {"x1": 2399, "y1": 1344, "x2": 2768, "y2": 1698, "width": 369, "height": 354}, "cropped_image": "not_germinated_6_81pct_1742276361.jpg", "processed_image": null, "mask_image": null, "color_analysis": null}, {"class": "not_germinated", "confidence": 81.32, "bbox": {"x1": 2937, "y1": 278, "x2": 3305, "y2": 611, "width": 368, "height": 333}, "cropped_image": "not_germinated_7_81pct_1742276361.jpg", "processed_image": null, "mask_image": null, "color_analysis": null}, {"class": "not_germinated", "confidence": 81.23, "bbox": {"x1": 1282, "y1": 200, "x2": 1635, "y2": 576, "width": 353, "height": 376}, "cropped_image": "not_germinated_8_81pct_1742276361.jpg", "processed_image": null, "mask_image": null, "color_analysis": null}, {"class": "not_germinated", "confidence": 80.84, "bbox": {"x1": 3480, "y1": 1887, "x2": 3844, "y2": 2215, "width": 364, "height": 328}, "cropped_image": "not_germinated_9_80pct_1742276361.jpg", "processed_image": null, "mask_image": null, "color_analysis": null}, {"class": "not_germinated", "confidence": 80.56, "bbox": {"x1": 107, "y1": 187, "x2": 510, "y2": 631, "width": 403, "height": 444}, "cropped_image": "not_germinated_10_80pct_1742276361.jpg", "processed_image": null, "mask_image": null, "color_analysis": null}, {"class": "not_germinated", "confidence": 80.07, "bbox": {"x1": 3547, "y1": 731, "x2": 3933, "y2": 1085, "width": 386, "height": 354}, "cropped_image": "not_germinated_11_80pct_1742276361.jpg", "processed_image": null, "mask_image": null, "color_analysis": null}, {"class": "not_germinated", "confidence": 79.88, "bbox": {"x1": 4634, "y1": 253, "x2": 5036, "y2": 592, "width": 402, "height": 339}, "cropped_image": "not_germinated_12_79pct_1742276361.jpg", "processed_image": null, "mask_image": null, "color_analysis": null}, {"class": "not_germinated", "confidence": 79.82, "bbox": {"x1": 1854, "y1": 1354, "x2": 2197, "y2": 1725, "width": 343, "height": 371}, "cropped_image": "not_germinated_13_79pct_1742276361.jpg", "processed_image": null, "mask_image": null, "color_analysis": null}, {"class": "not_germinated", "confidence": 79.8, "bbox": {"x1": 1228, "y1": 1361, "x2": 1595, "y2": 1698, "width": 367, "height": 337}, "cropped_image": "not_germinated_14_79pct_1742276361.jpg", "processed_image": null, "mask_image": null, "color_analysis": null}, {"class": "not_germinated", "confidence": 79.33, "bbox": {"x1": 2931, "y1": 836, "x2": 3293, "y2": 1174, "width": 362, "height": 338}, "cropped_image": "not_germinated_15_79pct_1742276361.jpg", "processed_image": null, "mask_image": null, "color_analysis": null}, {"class": "not_germinated", "confidence": 77.85, "bbox": {"x1": 1797, "y1": 160, "x2": 2168, "y2": 560, "width": 371, "height": 400}, "cropped_image": "not_germinated_16_77pct_1742276361.jpg", "processed_image": null, "mask_image": null, "color_analysis": null}, {"class": "not_germinated", "confidence": 77.42, "bbox": {"x1": 4628, "y1": 741, "x2": 5033, "y2": 1121, "width": 405, "height": 380}, "cropped_image": "not_germinated_17_77pct_1742276361.jpg", "processed_image": null, "mask_image": null, "color_analysis": null}, {"class": "germinated_seed", "confidence": 76.93, "bbox": {"x1": 2927, "y1": 1928, "x2": 3270, "y2": 2273, "width": 343, "height": 345}, "cropped_image": "germinated_seed_18_76pct_1742276361.jpg", "processed_image": null, "mask_image": null, "color_analysis": null}, {"class": "not_germinated", "confidence": 75.82, "bbox": {"x1": 2402, "y1": 230, "x2": 2762, "y2": 589, "width": 360, "height": 359}, "cropped_image": "not_germinated_19_75pct_1742276361.jpg", "processed_image": null, "mask_image": null, "color_analysis": null}, {"class": "not_germinated", "confidence": 75.13, "bbox": {"x1": 1860, "y1": 2432, "x2": 2219, "y2": 2798, "width": 359, "height": 366}, "cropped_image": "not_germinated_20_75pct_1742276361.jpg", "processed_image": null, "mask_image": null, "color_analysis": null}, {"class": "not_germinated", "confidence": 74.39, "bbox": {"x1": 1256, "y1": 2450, "x2": 1632, "y2": 2775, "width": 376, "height": 325}, "cropped_image": "not_germinated_21_74pct_1742276361.jpg", "processed_image": null, "mask_image": null, "color_analysis": null}, {"class": "not_germinated", "confidence": 74.27, "bbox": {"x1": 719, "y1": 1339, "x2": 1055, "y2": 1695, "width": 336, "height": 356}, "cropped_image": "not_germinated_22_74pct_1742276361.jpg", "processed_image": null, "mask_image": null, "color_analysis": null}, {"class": "not_germinated", "confidence": 73.95, "bbox": {"x1": 2442, "y1": 3048, "x2": 2773, "y2": 3386, "width": 331, "height": 338}, "cropped_image": "not_germinated_23_73pct_1742276361.jpg", "processed_image": null, "mask_image": null, "color_analysis": null}, {"class": "not_germinated", "confidence": 73.87, "bbox": {"x1": 1853, "y1": 3003, "x2": 2199, "y2": 3355, "width": 346, "height": 352}, "cropped_image": "not_germinated_24_73pct_1742276361.jpg", "processed_image": null, "mask_image": null, "color_analysis": null}, {"class": "not_germinated", "confidence": 73.85, "bbox": {"x1": 739, "y1": 3053, "x2": 1102, "y2": 3426, "width": 363, "height": 373}, "cropped_image": "not_germinated_25_73pct_1742276361.jpg", "processed_image": null, "mask_image": null, "color_analysis": null}, {"class": "not_germinated", "confidence": 73.51, "bbox": {"x1": 4086, "y1": 149, "x2": 4441, "y2": 547, "width": 355, "height": 398}, "cropped_image": "not_germinated_26_73pct_1742276361.jpg", "processed_image": null, "mask_image": null, "color_analysis": null}, {"class": "germinated_seed", "confidence": 73.3, "bbox": {"x1": 2957, "y1": 3064, "x2": 3316, "y2": 3437, "width": 359, "height": 373}, "cropped_image": "germinated_seed_27_73pct_1742276361.jpg", "processed_image": null, "mask_image": null, "color_analysis": null}, {"class": "not_germinated", "confidence": 72.37, "bbox": {"x1": 4087, "y1": 3010, "x2": 4503, "y2": 3382, "width": 416, "height": 372}, "cropped_image": "not_germinated_28_72pct_1742276361.jpg", "processed_image": null, "mask_image": null, "color_analysis": null}, {"class": "not_germinated", "confidence": 72.17, "bbox": {"x1": 3531, "y1": 2421, "x2": 3865, "y2": 2769, "width": 334, "height": 348}, "cropped_image": "not_germinated_29_72pct_1742276361.jpg", "processed_image": null, "mask_image": null, "color_analysis": null}, {"class": "not_germinated", "confidence": 69.99, "bbox": {"x1": 2385, "y1": 2522, "x2": 2713, "y2": 2885, "width": 328, "height": 363}, "cropped_image": "not_germinated_30_69pct_1742276361.jpg", "processed_image": null, "mask_image": null, "color_analysis": null}, {"class": "germinated_seed", "confidence": 69.1, "bbox": {"x1": 85, "y1": 771, "x2": 459, "y2": 1180, "width": 374, "height": 409}, "cropped_image": "germinated_seed_31_69pct_1742276361.jpg", "processed_image": null, "mask_image": null, "color_analysis": null}, {"class": "not_germinated", "confidence": 68.77, "bbox": {"x1": 5146, "y1": 814, "x2": 5509, "y2": 1145, "width": 363, "height": 331}, "cropped_image": "not_germinated_32_68pct_1742276361.jpg", "processed_image": null, "mask_image": null, "color_analysis": null}, {"class": "germinated_seed", "confidence": 68.4, "bbox": {"x1": 3536, "y1": 201, "x2": 3912, "y2": 568, "width": 376, "height": 367}, "cropped_image": "germinated_seed_33_68pct_1742276361.jpg", "processed_image": null, "mask_image": null, "color_analysis": null}, {"class": "not_germinated", "confidence": 66.76, "bbox": {"x1": 4065, "y1": 723, "x2": 4397, "y2": 1061, "width": 332, "height": 338}, "cropped_image": "not_germinated_34_66pct_1742276361.jpg", "processed_image": null, "mask_image": null, "color_analysis": null}, {"class": "not_germinated", "confidence": 66.12, "bbox": {"x1": 1242, "y1": 844, "x2": 1613, "y2": 1186, "width": 371, "height": 342}, "cropped_image": "not_germinated_35_66pct_1742276361.jpg", "processed_image": null, "mask_image": null, "color_analysis": null}, {"class": "not_germinated", "confidence": 66.04, "bbox": {"x1": 1232, "y1": 1936, "x2": 1632, "y2": 2267, "width": 400, "height": 331}, "cropped_image": "not_germinated_36_66pct_1742276361.jpg", "processed_image": null, "mask_image": null, "color_analysis": null}, {"class": "not_germinated", "confidence": 65.22, "bbox": {"x1": 133, "y1": 1920, "x2": 560, "y2": 2295, "width": 427, "height": 375}, "cropped_image": "not_germinated_37_65pct_1742276361.jpg", "processed_image": null, "mask_image": null, "color_analysis": null}, {"class": "not_germinated", "confidence": 64.44, "bbox": {"x1": 161, "y1": 2474, "x2": 558, "y2": 2848, "width": 397, "height": 374}, "cropped_image": "not_germinated_38_64pct_1742276361.jpg", "processed_image": null, "mask_image": null, "color_analysis": null}, {"class": "germinated_seed", "confidence": 63.9, "bbox": {"x1": 2924, "y1": 2503, "x2": 3288, "y2": 2843, "width": 364, "height": 340}, "cropped_image": "germinated_seed_39_63pct_1742276361.jpg", "processed_image": null, "mask_image": null, "color_analysis": null}, {"class": "not_germinated", "confidence": 63.41, "bbox": {"x1": 5134, "y1": 2505, "x2": 5499, "y2": 2840, "width": 365, "height": 335}, "cropped_image": "not_germinated_40_63pct_1742276361.jpg", "processed_image": null, "mask_image": null, "color_analysis": null}, {"class": "not_germinated", "confidence": 63.25, "bbox": {"x1": 3536, "y1": 3042, "x2": 3948, "y2": 3424, "width": 412, "height": 382}, "cropped_image": "not_germinated_41_63pct_1742276361.jpg", "processed_image": null, "mask_image": null, "color_analysis": null}, {"class": "not_germinated", "confidence": 63.09, "bbox": {"x1": 683, "y1": 762, "x2": 1038, "y2": 1124, "width": 355, "height": 362}, "cropped_image": "not_germinated_42_63pct_1742276361.jpg", "processed_image": null, "mask_image": null, "color_analysis": null}, {"class": "not_germinated", "confidence": 63.05, "bbox": {"x1": 4619, "y1": 1909, "x2": 4990, "y2": 2223, "width": 371, "height": 314}, "cropped_image": "not_germinated_43_63pct_1742276361.jpg", "processed_image": null, "mask_image": null, "color_analysis": null}, {"class": "not_germinated", "confidence": 62.61, "bbox": {"x1": 1223, "y1": 3085, "x2": 1612, "y2": 3458, "width": 389, "height": 373}, "cropped_image": "not_germinated_44_62pct_1742276361.jpg", "processed_image": null, "mask_image": null, "color_analysis": null}, {"class": "not_germinated", "confidence": 59.87, "bbox": {"x1": 107, "y1": 1329, "x2": 502, "y2": 1680, "width": 395, "height": 351}, "cropped_image": "not_germinated_45_59pct_1742276361.jpg", "processed_image": null, "mask_image": null, "color_analysis": null}, {"class": "not_germinated", "confidence": 59.83, "bbox": {"x1": 1882, "y1": 1923, "x2": 2210, "y2": 2287, "width": 328, "height": 364}, "cropped_image": "not_germinated_46_59pct_1742276361.jpg", "processed_image": null, "mask_image": null, "color_analysis": null}, {"class": "not_germinated", "confidence": 59.83, "bbox": {"x1": 4060, "y1": 1940, "x2": 4395, "y2": 2303, "width": 335, "height": 363}, "cropped_image": "not_germinated_47_59pct_1742276361.jpg", "processed_image": null, "mask_image": null, "color_analysis": null}, {"class": "not_germinated", "confidence": 59.59, "bbox": {"x1": 4041, "y1": 2501, "x2": 4361, "y2": 2822, "width": 320, "height": 321}, "cropped_image": "not_germinated_48_59pct_1742276361.jpg", "processed_image": null, "mask_image": null, "color_analysis": null}, {"class": "not_germinated", "confidence": 58.79, "bbox": {"x1": 695, "y1": 2463, "x2": 1036, "y2": 2779, "width": 341, "height": 316}, "cropped_image": "not_germinated_49_58pct_1742276361.jpg", "processed_image": null, "mask_image": null, "color_analysis": null}, {"class": "not_germinated", "confidence": 58.29, "bbox": {"x1": 712, "y1": 246, "x2": 1085, "y2": 637, "width": 373, "height": 391}, "cropped_image": "not_germinated_50_58pct_1742276361.jpg", "processed_image": null, "mask_image": null, "color_analysis": null}, {"class": "not_germinated", "confidence": 55.09, "bbox": {"x1": 2359, "y1": 1896, "x2": 2763, "y2": 2260, "width": 404, "height": 364}, "cropped_image": "not_germinated_51_55pct_1742276361.jpg", "processed_image": null, "mask_image": null, "color_analysis": null}, {"class": "germinated_seed", "confidence": 52.8, "bbox": {"x1": 2904, "y1": 1350, "x2": 3297, "y2": 1694, "width": 393, "height": 344}, "cropped_image": "germinated_seed_52_52pct_1742276361.jpg", "processed_image": null, "mask_image": null, "color_analysis": null}, {"class": "germinated_seed", "confidence": 50.87, "bbox": {"x1": 690, "y1": 1926, "x2": 1064, "y2": 2285, "width": 374, "height": 359}, "cropped_image": "germinated_seed_53_50pct_1742276361.jpg", "processed_image": null, "mask_image": null, "color_analysis": null}, {"class": "not_germinated", "confidence": 50.83, "bbox": {"x1": 115, "y1": 3036, "x2": 517, "y2": 3368, "width": 402, "height": 332}, "cropped_image": "not_germinated_54_50pct_1742276361.jpg", "processed_image": null, "mask_image": null, "color_analysis": null}, {"class": "not_germinated", "confidence": 48.27, "bbox": {"x1": 1791, "y1": 743, "x2": 2151, "y2": 1102, "width": 360, "height": 359}, "cropped_image": "not_germinated_55_48pct_1742276361.jpg", "processed_image": null, "mask_image": null, "color_analysis": null}, {"class": "germinated_seed", "confidence": 47.12, "bbox": {"x1": 714, "y1": 252, "x2": 1083, "y2": 636, "width": 369, "height": 384}, "cropped_image": "germinated_seed_56_47pct_1742276361.jpg", "processed_image": null, "mask_image": null, "color_analysis": null}, {"class": "not_germinated", "confidence": 46.43, "bbox": {"x1": 4647, "y1": 3073, "x2": 5047, "y2": 3462, "width": 400, "height": 389}, "cropped_image": "not_germinated_57_46pct_1742276361.jpg", "processed_image": null, "mask_image": null, "color_analysis": null}, {"class": "not_germinated", "confidence": 44.62, "bbox": {"x1": 5193, "y1": 3066, "x2": 5567, "y2": 3442, "width": 374, "height": 376}, "cropped_image": "not_germinated_58_44pct_1742276361.jpg", "processed_image": null, "mask_image": null, "color_analysis": null}, {"class": "not_germinated", "confidence": 42.87, "bbox": {"x1": 4610, "y1": 1305, "x2": 4966, "y2": 1667, "width": 356, "height": 362}, "cropped_image": "not_germinated_59_42pct_1742276361.jpg", "processed_image": null, "mask_image": null, "color_analysis": null}, {"class": "germinated_seed", "confidence": 40.23, "bbox": {"x1": 1793, "y1": 742, "x2": 2157, "y2": 1116, "width": 364, "height": 374}, "cropped_image": "germinated_seed_60_40pct_1742276361.jpg", "processed_image": null, "mask_image": null, "color_analysis": null}, {"class": "germinated_seed", "confidence": 40.0, "bbox": {"x1": 4609, "y1": 1302, "x2": 4971, "y2": 1638, "width": 362, "height": 336}, "cropped_image": "germinated_seed_61_40pct_1742276361.jpg", "processed_image": null, "mask_image": null, "color_analysis": null}, {"class": "not_germinated", "confidence": 38.57, "bbox": {"x1": 2907, "y1": 1352, "x2": 3290, "y2": 1696, "width": 383, "height": 344}, "cropped_image": "not_germinated_62_38pct_1742276361.jpg", "processed_image": null, "mask_image": null, "color_analysis": null}, {"class": "germinated_seed", "confidence": 37.79, "bbox": {"x1": 1241, "y1": 846, "x2": 1609, "y2": 1186, "width": 368, "height": 340}, "cropped_image": "germinated_seed_63_37pct_1742276361.jpg", "processed_image": null, "mask_image": null, "color_analysis": null}, {"class": "not_germinated", "confidence": 36.06, "bbox": {"x1": 5149, "y1": 1899, "x2": 5494, "y2": 2238, "width": 345, "height": 339}, "cropped_image": "not_germinated_64_36pct_1742276361.jpg", "processed_image": null, "mask_image": null, "color_analysis": null}, {"class": "germinated_seed", "confidence": 33.36, "bbox": {"x1": 5203, "y1": 3069, "x2": 5568, "y2": 3449, "width": 365, "height": 380}, "cropped_image": "germinated_seed_65_33pct_1742276361.jpg", "processed_image": null, "mask_image": null, "color_analysis": null}, {"class": "not_germinated", "confidence": 30.88, "bbox": {"x1": 5134, "y1": 1374, "x2": 5487, "y2": 1695, "width": 353, "height": 321}, "cropped_image": "not_germinated_66_30pct_1742276361.jpg", "processed_image": null, "mask_image": null, "color_analysis": null}, {"class": "germinated_seed", "confidence": 27.6, "bbox": {"x1": 5149, "y1": 1903, "x2": 5490, "y2": 2240, "width": 341, "height": 337}, "cropped_image": "germinated_seed_67_27pct_1742276361.jpg", "processed_image": null, "mask_image": null, "color_analysis": null}, {"class": "germinated_seed", "confidence": 25.23, "bbox": {"x1": 3538, "y1": 3050, "x2": 3949, "y2": 3424, "width": 411, "height": 374}, "cropped_image": "germinated_seed_68_25pct_1742276361.jpg", "processed_image": null, "mask_image": null, "color_analysis": null}, {"class": "germinated_seed", "confidence": 25.13, "bbox": {"x1": 5132, "y1": 1369, "x2": 5477, "y2": 1695, "width": 345, "height": 326}, "cropped_image": "germinated_seed_69_25pct_1742276361.jpg", "processed_image": null, "mask_image": null, "color_analysis": null}]}
[18-Mar-2025 06:39:35 Europe/Berlin] Successfully parsed detection data
[19-Mar-2025 06:45:49 Europe/Berlin] File uploaded successfully to: C:\xampp\htdocs\coba_website/output/detect_21/raw__DSC1354.JPG
[19-Mar-2025 06:45:49 Europe/Berlin] Selected model: YOLOv8
[19-Mar-2025 06:45:49 Europe/Berlin] Model path: C:\xampp\htdocs\coba_website/app/content/Melon/deeplearning/chili_yolov8.pt (exists: yes)
[19-Mar-2025 06:45:49 Europe/Berlin] Upload path: C:\xampp\htdocs\coba_website/output/detect_21/raw__DSC1354.JPG (exists: yes)
[19-Mar-2025 06:45:49 Europe/Berlin] Results dir: C:\xampp\htdocs\coba_website/results (exists: yes)
[19-Mar-2025 06:45:49 Europe/Berlin] Starting detection process...
[19-Mar-2025 06:45:49 Europe/Berlin] Executing command: cd "C:\xampp\htdocs\coba_website" && "C:/Users/Jasmine Tasmara/AppData/Local/Programs/Python/Python38/python.exe" "C:\Users\Jasmine Tasmara\AppData\Local\Temp\det44B.tmp.py" 2>&1
[19-Mar-2025 06:46:02 Europe/Berlin] Command output:
Current working directory: C:\xampp\htdocs\coba_website
Model path (absolute): C:\xampp\htdocs\coba_website\app\content\Melon\deeplearning\chili_yolov8.pt
Upload path (absolute): C:\xampp\htdocs\coba_website\output\detect_21\raw__DSC1354.JPG
Results directory (absolute): C:\xampp\htdocs\coba_website\output\detect_21
Using HSV ranges:
Range 1: H=[155-255], S=[160-240], V=[160-255]
Range 2: H=[0-30], S=[160-240], V=[160-255]
Loading model...
Model loaded successfully
Reading image...
Image read successfully, shape: (3712, 5568, 3)
Running detection...

0: 448x640 14 germinated_seeds, 51 not_germinateds, 281.3ms
Speed: 11.5ms preprocess, 281.3ms inference, 8.0ms postprocess per image at shape (1, 3, 448, 640)
Detection completed successfully
Found 65 objects
Processing detection 1: germinated_seed (85.98%)
Successfully saved cropped germinated_seed to: C:\xampp\htdocs\coba_website\output\detect_21\germinated_seed_1_85pct_1742363149.jpg
Processing detection 2: germinated_seed (85.14%)
Successfully saved cropped germinated_seed to: C:\xampp\htdocs\coba_website\output\detect_21\germinated_seed_2_85pct_1742363149.jpg
Processing detection 3: germinated_seed (84.27%)
Successfully saved cropped germinated_seed to: C:\xampp\htdocs\coba_website\output\detect_21\germinated_seed_3_84pct_1742363149.jpg
Processing detection 4: not_germinated (83.33%)
Successfully saved cropped not_germinated to: C:\xampp\htdocs\coba_website\output\detect_21\not_germinated_4_83pct_1742363149.jpg
Processing detection 5: not_germinated (82.67%)
Successfully saved cropped not_germinated to: C:\xampp\htdocs\coba_website\output\detect_21\not_germinated_5_82pct_1742363149.jpg
Processing detection 6: not_germinated (82.40%)
Successfully saved cropped not_germinated to: C:\xampp\htdocs\coba_website\output\detect_21\not_germinated_6_82pct_1742363149.jpg
Processing detection 7: not_germinated (82.26%)
Successfully saved cropped not_germinated to: C:\xampp\htdocs\coba_website\output\detect_21\not_germinated_7_82pct_1742363149.jpg
Processing detection 8: not_germinated (81.91%)
Successfully saved cropped not_germinated to: C:\xampp\htdocs\coba_website\output\detect_21\not_germinated_8_81pct_1742363149.jpg
Processing detection 9: not_germinated (81.69%)
Successfully saved cropped not_germinated to: C:\xampp\htdocs\coba_website\output\detect_21\not_germinated_9_81pct_1742363149.jpg
Processing detection 10: not_germinated (80.92%)
Successfully saved cropped not_germinated to: C:\xampp\htdocs\coba_website\output\detect_21\not_germinated_10_80pct_1742363149.jpg
Processing detection 11: not_germinated (80.87%)
Successfully saved cropped not_germinated to: C:\xampp\htdocs\coba_website\output\detect_21\not_germinated_11_80pct_1742363149.jpg
Processing detection 12: not_germinated (80.35%)
Successfully saved cropped not_germinated to: C:\xampp\htdocs\coba_website\output\detect_21\not_germinated_12_80pct_1742363149.jpg
Processing detection 13: not_germinated (79.56%)
Successfully saved cropped not_germinated to: C:\xampp\htdocs\coba_website\output\detect_21\not_germinated_13_79pct_1742363149.jpg
Processing detection 14: not_germinated (79.21%)
Successfully saved cropped not_germinated to: C:\xampp\htdocs\coba_website\output\detect_21\not_germinated_14_79pct_1742363149.jpg
Processing detection 15: not_germinated (79.12%)
Successfully saved cropped not_germinated to: C:\xampp\htdocs\coba_website\output\detect_21\not_germinated_15_79pct_1742363149.jpg
Processing detection 16: not_germinated (76.37%)
Successfully saved cropped not_germinated to: C:\xampp\htdocs\coba_website\output\detect_21\not_germinated_16_76pct_1742363149.jpg
Processing detection 17: not_germinated (75.47%)
Successfully saved cropped not_germinated to: C:\xampp\htdocs\coba_website\output\detect_21\not_germinated_17_75pct_1742363149.jpg
Processing detection 18: not_germinated (74.73%)
Successfully saved cropped not_germinated to: C:\xampp\htdocs\coba_website\output\detect_21\not_germinated_18_74pct_1742363149.jpg
Processing detection 19: not_germinated (74.67%)
Successfully saved cropped not_germinated to: C:\xampp\htdocs\coba_website\output\detect_21\not_germinated_19_74pct_1742363149.jpg
Processing detection 20: not_germinated (74.12%)
Successfully saved cropped not_germinated to: C:\xampp\htdocs\coba_website\output\detect_21\not_germinated_20_74pct_1742363149.jpg
Processing detection 21: not_germinated (73.86%)
Successfully saved cropped not_germinated to: C:\xampp\htdocs\coba_website\output\detect_21\not_germinated_21_73pct_1742363149.jpg
Processing detection 22: not_germinated (73.85%)
Successfully saved cropped not_germinated to: C:\xampp\htdocs\coba_website\output\detect_21\not_germinated_22_73pct_1742363149.jpg
Processing detection 23: germinated_seed (73.41%)
Successfully saved cropped germinated_seed to: C:\xampp\htdocs\coba_website\output\detect_21\germinated_seed_23_73pct_1742363149.jpg
Processing detection 24: not_germinated (73.37%)
Successfully saved cropped not_germinated to: C:\xampp\htdocs\coba_website\output\detect_21\not_germinated_24_73pct_1742363149.jpg
Processing detection 25: germinated_seed (73.07%)
Successfully saved cropped germinated_seed to: C:\xampp\htdocs\coba_website\output\detect_21\germinated_seed_25_73pct_1742363149.jpg
Processing detection 26: not_germinated (71.89%)
Successfully saved cropped not_germinated to: C:\xampp\htdocs\coba_website\output\detect_21\not_germinated_26_71pct_1742363149.jpg
Processing detection 27: not_germinated (71.85%)
Successfully saved cropped not_germinated to: C:\xampp\htdocs\coba_website\output\detect_21\not_germinated_27_71pct_1742363149.jpg
Processing detection 28: not_germinated (71.54%)
Successfully saved cropped not_germinated to: C:\xampp\htdocs\coba_website\output\detect_21\not_germinated_28_71pct_1742363149.jpg
Processing detection 29: not_germinated (70.33%)
Successfully saved cropped not_germinated to: C:\xampp\htdocs\coba_website\output\detect_21\not_germinated_29_70pct_1742363149.jpg
Processing detection 30: germinated_seed (68.83%)
Successfully saved cropped germinated_seed to: C:\xampp\htdocs\coba_website\output\detect_21\germinated_seed_30_68pct_1742363149.jpg
Processing detection 31: not_germinated (68.59%)
Successfully saved cropped not_germinated to: C:\xampp\htdocs\coba_website\output\detect_21\not_germinated_31_68pct_1742363149.jpg
Processing detection 32: germinated_seed (68.04%)
Successfully saved cropped germinated_seed to: C:\xampp\htdocs\coba_website\output\detect_21\germinated_seed_32_68pct_1742363149.jpg
Processing detection 33: not_germinated (67.95%)
Successfully saved cropped not_germinated to: C:\xampp\htdocs\coba_website\output\detect_21\not_germinated_33_67pct_1742363149.jpg
Processing detection 34: not_germinated (67.07%)
Successfully saved cropped not_germinated to: C:\xampp\htdocs\coba_website\output\detect_21\not_germinated_34_67pct_1742363149.jpg
Processing detection 35: not_germinated (66.46%)
Successfully saved cropped not_germinated to: C:\xampp\htdocs\coba_website\output\detect_21\not_germinated_35_66pct_1742363149.jpg
Processing detection 36: not_germinated (66.11%)
Successfully saved cropped not_germinated to: C:\xampp\htdocs\coba_website\output\detect_21\not_germinated_36_66pct_1742363149.jpg
Processing detection 37: not_germinated (66.03%)
Successfully saved cropped not_germinated to: C:\xampp\htdocs\coba_website\output\detect_21\not_germinated_37_66pct_1742363149.jpg
Processing detection 38: germinated_seed (65.64%)
Successfully saved cropped germinated_seed to: C:\xampp\htdocs\coba_website\output\detect_21\germinated_seed_38_65pct_1742363149.jpg
Processing detection 39: not_germinated (64.80%)
Successfully saved cropped not_germinated to: C:\xampp\htdocs\coba_website\output\detect_21\not_germinated_39_64pct_1742363149.jpg
Processing detection 40: not_germinated (64.11%)
Successfully saved cropped not_germinated to: C:\xampp\htdocs\coba_website\output\detect_21\not_germinated_40_64pct_1742363149.jpg
Processing detection 41: not_germinated (62.62%)
Successfully saved cropped not_germinated to: C:\xampp\htdocs\coba_website\output\detect_21\not_germinated_41_62pct_1742363149.jpg
Processing detection 42: not_germinated (62.31%)
Successfully saved cropped not_germinated to: C:\xampp\htdocs\coba_website\output\detect_21\not_germinated_42_62pct_1742363149.jpg
Processing detection 43: not_germinated (60.86%)
Successfully saved cropped not_germinated to: C:\xampp\htdocs\coba_website\output\detect_21\not_germinated_43_60pct_1742363149.jpg
Processing detection 44: not_germinated (60.52%)
Successfully saved cropped not_germinated to: C:\xampp\htdocs\coba_website\output\detect_21\not_germinated_44_60pct_1742363149.jpg
Processing detection 45: not_germinated (60.08%)
Successfully saved cropped not_germinated to: C:\xampp\htdocs\coba_website\output\detect_21\not_germinated_45_60pct_1742363149.jpg
Processing detection 46: not_germinated (57.90%)
Successfully saved cropped not_germinated to: C:\xampp\htdocs\coba_website\output\detect_21\not_germinated_46_57pct_1742363149.jpg
Processing detection 47: not_germinated (57.71%)
Successfully saved cropped not_germinated to: C:\xampp\htdocs\coba_website\output\detect_21\not_germinated_47_57pct_1742363149.jpg
Processing detection 48: not_germinated (57.29%)
Successfully saved cropped not_germinated to: C:\xampp\htdocs\coba_website\output\detect_21\not_germinated_48_57pct_1742363149.jpg
Processing detection 49: not_germinated (56.16%)
Successfully saved cropped not_germinated to: C:\xampp\htdocs\coba_website\output\detect_21\not_germinated_49_56pct_1742363149.jpg
Processing detection 50: not_germinated (55.37%)
Successfully saved cropped not_germinated to: C:\xampp\htdocs\coba_website\output\detect_21\not_germinated_50_55pct_1742363149.jpg
Processing detection 51: not_germinated (54.40%)
Successfully saved cropped not_germinated to: C:\xampp\htdocs\coba_website\output\detect_21\not_germinated_51_54pct_1742363149.jpg
Processing detection 52: germinated_seed (53.33%)
Successfully saved cropped germinated_seed to: C:\xampp\htdocs\coba_website\output\detect_21\germinated_seed_52_53pct_1742363149.jpg
Processing detection 53: germinated_seed (52.94%)
Successfully saved cropped germinated_seed to: C:\xampp\htdocs\coba_website\output\detect_21\germinated_seed_53_52pct_1742363149.jpg
Processing detection 54: not_germinated (51.64%)
Successfully saved cropped not_germinated to: C:\xampp\htdocs\coba_website\output\detect_21\not_germinated_54_51pct_1742363149.jpg
Processing detection 55: not_germinated (51.14%)
Successfully saved cropped not_germinated to: C:\xampp\htdocs\coba_website\output\detect_21\not_germinated_55_51pct_1742363149.jpg
Processing detection 56: not_germinated (51.09%)
Successfully saved cropped not_germinated to: C:\xampp\htdocs\coba_website\output\detect_21\not_germinated_56_51pct_1742363149.jpg
Processing detection 57: germinated_seed (50.65%)
Successfully saved cropped germinated_seed to: C:\xampp\htdocs\coba_website\output\detect_21\germinated_seed_57_50pct_1742363149.jpg
Processing detection 58: germinated_seed (47.52%)
Successfully saved cropped germinated_seed to: C:\xampp\htdocs\coba_website\output\detect_21\germinated_seed_58_47pct_1742363149.jpg
Processing detection 59: not_germinated (47.04%)
Successfully saved cropped not_germinated to: C:\xampp\htdocs\coba_website\output\detect_21\not_germinated_59_47pct_1742363149.jpg
Processing detection 60: not_germinated (44.98%)
Successfully saved cropped not_germinated to: C:\xampp\htdocs\coba_website\output\detect_21\not_germinated_60_44pct_1742363149.jpg
Processing detection 61: germinated_seed (42.41%)
Successfully saved cropped germinated_seed to: C:\xampp\htdocs\coba_website\output\detect_21\germinated_seed_61_42pct_1742363149.jpg
Processing detection 62: germinated_seed (35.20%)
Successfully saved cropped germinated_seed to: C:\xampp\htdocs\coba_website\output\detect_21\germinated_seed_62_35pct_1742363149.jpg
Processing detection 63: not_germinated (34.63%)
Successfully saved cropped not_germinated to: C:\xampp\htdocs\coba_website\output\detect_21\not_germinated_63_34pct_1742363149.jpg
Processing detection 64: not_germinated (33.51%)
Successfully saved cropped not_germinated to: C:\xampp\htdocs\coba_website\output\detect_21\not_germinated_64_33pct_1742363149.jpg
Processing detection 65: not_germinated (31.60%)
Successfully saved cropped not_germinated to: C:\xampp\htdocs\coba_website\output\detect_21\not_germinated_65_31pct_1742363149.jpg
Saved detection results to: C:\xampp\htdocs\coba_website\output\detect_21\1742363149_detections.json
Successfully saved result visualization to: C:\xampp\htdocs\coba_website\output\detect_21\1742363149_result.jpg
DETECTION_RESULTS_START
{"image_size": {"width": 5568, "height": 3712}, "detections": [{"class": "germinated_seed", "confidence": 85.98, "bbox": {"x1": 5153, "y1": 222, "x2": 5498, "y2": 558, "width": 345, "height": 336}, "cropped_image": "germinated_seed_1_85pct_1742363149.jpg", "processed_image": null, "mask_image": null, "color_analysis": null}, {"class": "germinated_seed", "confidence": 85.14, "bbox": {"x1": 4064, "y1": 1335, "x2": 4407, "y2": 1654, "width": 343, "height": 319}, "cropped_image": "germinated_seed_2_85pct_1742363149.jpg", "processed_image": null, "mask_image": null, "color_analysis": null}, {"class": "germinated_seed", "confidence": 84.27, "bbox": {"x1": 3504, "y1": 1345, "x2": 3863, "y2": 1697, "width": 359, "height": 352}, "cropped_image": "germinated_seed_3_84pct_1742363149.jpg", "processed_image": null, "mask_image": null, "color_analysis": null}, {"class": "not_germinated", "confidence": 83.33, "bbox": {"x1": 2400, "y1": 1342, "x2": 2768, "y2": 1699, "width": 368, "height": 357}, "cropped_image": "not_germinated_4_83pct_1742363149.jpg", "processed_image": null, "mask_image": null, "color_analysis": null}, {"class": "not_germinated", "confidence": 82.67, "bbox": {"x1": 4598, "y1": 2411, "x2": 5014, "y2": 2805, "width": 416, "height": 394}, "cropped_image": "not_germinated_5_82pct_1742363149.jpg", "processed_image": null, "mask_image": null, "color_analysis": null}, {"class": "not_germinated", "confidence": 82.4, "bbox": {"x1": 2938, "y1": 839, "x2": 3296, "y2": 1165, "width": 358, "height": 326}, "cropped_image": "not_germinated_6_82pct_1742363149.jpg", "processed_image": null, "mask_image": null, "color_analysis": null}, {"class": "not_germinated", "confidence": 82.26, "bbox": {"x1": 2368, "y1": 753, "x2": 2772, "y2": 1189, "width": 404, "height": 436}, "cropped_image": "not_germinated_7_82pct_1742363149.jpg", "processed_image": null, "mask_image": null, "color_analysis": null}, {"class": "not_germinated", "confidence": 81.91, "bbox": {"x1": 3480, "y1": 1885, "x2": 3844, "y2": 2215, "width": 364, "height": 330}, "cropped_image": "not_germinated_8_81pct_1742363149.jpg", "processed_image": null, "mask_image": null, "color_analysis": null}, {"class": "not_germinated", "confidence": 81.69, "bbox": {"x1": 1281, "y1": 198, "x2": 1635, "y2": 575, "width": 354, "height": 377}, "cropped_image": "not_germinated_9_81pct_1742363149.jpg", "processed_image": null, "mask_image": null, "color_analysis": null}, {"class": "not_germinated", "confidence": 80.92, "bbox": {"x1": 2938, "y1": 274, "x2": 3305, "y2": 612, "width": 367, "height": 338}, "cropped_image": "not_germinated_10_80pct_1742363149.jpg", "processed_image": null, "mask_image": null, "color_analysis": null}, {"class": "not_germinated", "confidence": 80.87, "bbox": {"x1": 107, "y1": 187, "x2": 508, "y2": 631, "width": 401, "height": 444}, "cropped_image": "not_germinated_11_80pct_1742363149.jpg", "processed_image": null, "mask_image": null, "color_analysis": null}, {"class": "not_germinated", "confidence": 80.35, "bbox": {"x1": 1854, "y1": 1354, "x2": 2196, "y2": 1724, "width": 342, "height": 370}, "cropped_image": "not_germinated_12_80pct_1742363149.jpg", "processed_image": null, "mask_image": null, "color_analysis": null}, {"class": "not_germinated", "confidence": 79.56, "bbox": {"x1": 3548, "y1": 729, "x2": 3933, "y2": 1088, "width": 385, "height": 359}, "cropped_image": "not_germinated_13_79pct_1742363149.jpg", "processed_image": null, "mask_image": null, "color_analysis": null}, {"class": "not_germinated", "confidence": 79.21, "bbox": {"x1": 1230, "y1": 1360, "x2": 1594, "y2": 1699, "width": 364, "height": 339}, "cropped_image": "not_germinated_14_79pct_1742363149.jpg", "processed_image": null, "mask_image": null, "color_analysis": null}, {"class": "not_germinated", "confidence": 79.12, "bbox": {"x1": 4634, "y1": 252, "x2": 5037, "y2": 591, "width": 403, "height": 339}, "cropped_image": "not_germinated_15_79pct_1742363149.jpg", "processed_image": null, "mask_image": null, "color_analysis": null}, {"class": "not_germinated", "confidence": 76.37, "bbox": {"x1": 1860, "y1": 2430, "x2": 2219, "y2": 2798, "width": 359, "height": 368}, "cropped_image": "not_germinated_16_76pct_1742363149.jpg", "processed_image": null, "mask_image": null, "color_analysis": null}, {"class": "not_germinated", "confidence": 75.47, "bbox": {"x1": 2403, "y1": 230, "x2": 2761, "y2": 588, "width": 358, "height": 358}, "cropped_image": "not_germinated_17_75pct_1742363149.jpg", "processed_image": null, "mask_image": null, "color_analysis": null}, {"class": "not_germinated", "confidence": 74.73, "bbox": {"x1": 2442, "y1": 3047, "x2": 2773, "y2": 3385, "width": 331, "height": 338}, "cropped_image": "not_germinated_18_74pct_1742363149.jpg", "processed_image": null, "mask_image": null, "color_analysis": null}, {"class": "not_germinated", "confidence": 74.67, "bbox": {"x1": 718, "y1": 1338, "x2": 1055, "y2": 1695, "width": 337, "height": 357}, "cropped_image": "not_germinated_19_74pct_1742363149.jpg", "processed_image": null, "mask_image": null, "color_analysis": null}, {"class": "not_germinated", "confidence": 74.12, "bbox": {"x1": 4628, "y1": 739, "x2": 5033, "y2": 1120, "width": 405, "height": 381}, "cropped_image": "not_germinated_20_74pct_1742363149.jpg", "processed_image": null, "mask_image": null, "color_analysis": null}, {"class": "not_germinated", "confidence": 73.86, "bbox": {"x1": 1253, "y1": 2449, "x2": 1631, "y2": 2777, "width": 378, "height": 328}, "cropped_image": "not_germinated_21_73pct_1742363149.jpg", "processed_image": null, "mask_image": null, "color_analysis": null}, {"class": "not_germinated", "confidence": 73.85, "bbox": {"x1": 739, "y1": 3053, "x2": 1101, "y2": 3425, "width": 362, "height": 372}, "cropped_image": "not_germinated_22_73pct_1742363149.jpg", "processed_image": null, "mask_image": null, "color_analysis": null}, {"class": "germinated_seed", "confidence": 73.41, "bbox": {"x1": 2958, "y1": 3067, "x2": 3319, "y2": 3439, "width": 361, "height": 372}, "cropped_image": "germinated_seed_23_73pct_1742363149.jpg", "processed_image": null, "mask_image": null, "color_analysis": null}, {"class": "not_germinated", "confidence": 73.37, "bbox": {"x1": 1796, "y1": 159, "x2": 2167, "y2": 558, "width": 371, "height": 399}, "cropped_image": "not_germinated_24_73pct_1742363149.jpg", "processed_image": null, "mask_image": null, "color_analysis": null}, {"class": "germinated_seed", "confidence": 73.07, "bbox": {"x1": 2927, "y1": 1928, "x2": 3271, "y2": 2272, "width": 344, "height": 344}, "cropped_image": "germinated_seed_25_73pct_1742363149.jpg", "processed_image": null, "mask_image": null, "color_analysis": null}, {"class": "not_germinated", "confidence": 71.89, "bbox": {"x1": 1853, "y1": 3002, "x2": 2197, "y2": 3354, "width": 344, "height": 352}, "cropped_image": "not_germinated_26_71pct_1742363149.jpg", "processed_image": null, "mask_image": null, "color_analysis": null}, {"class": "not_germinated", "confidence": 71.85, "bbox": {"x1": 4089, "y1": 3008, "x2": 4501, "y2": 3364, "width": 412, "height": 356}, "cropped_image": "not_germinated_27_71pct_1742363149.jpg", "processed_image": null, "mask_image": null, "color_analysis": null}, {"class": "not_germinated", "confidence": 71.54, "bbox": {"x1": 3531, "y1": 2421, "x2": 3867, "y2": 2767, "width": 336, "height": 346}, "cropped_image": "not_germinated_28_71pct_1742363149.jpg", "processed_image": null, "mask_image": null, "color_analysis": null}, {"class": "not_germinated", "confidence": 70.33, "bbox": {"x1": 2383, "y1": 2520, "x2": 2713, "y2": 2884, "width": 330, "height": 364}, "cropped_image": "not_germinated_29_70pct_1742363149.jpg", "processed_image": null, "mask_image": null, "color_analysis": null}, {"class": "germinated_seed", "confidence": 68.83, "bbox": {"x1": 3536, "y1": 199, "x2": 3911, "y2": 569, "width": 375, "height": 370}, "cropped_image": "germinated_seed_30_68pct_1742363149.jpg", "processed_image": null, "mask_image": null, "color_analysis": null}, {"class": "not_germinated", "confidence": 68.59, "bbox": {"x1": 4086, "y1": 148, "x2": 4441, "y2": 545, "width": 355, "height": 397}, "cropped_image": "not_germinated_31_68pct_1742363149.jpg", "processed_image": null, "mask_image": null, "color_analysis": null}, {"class": "germinated_seed", "confidence": 68.04, "bbox": {"x1": 84, "y1": 770, "x2": 457, "y2": 1179, "width": 373, "height": 409}, "cropped_image": "germinated_seed_32_68pct_1742363149.jpg", "processed_image": null, "mask_image": null, "color_analysis": null}, {"class": "not_germinated", "confidence": 67.95, "bbox": {"x1": 1240, "y1": 843, "x2": 1614, "y2": 1186, "width": 374, "height": 343}, "cropped_image": "not_germinated_33_67pct_1742363149.jpg", "processed_image": null, "mask_image": null, "color_analysis": null}, {"class": "not_germinated", "confidence": 67.07, "bbox": {"x1": 3536, "y1": 3041, "x2": 3948, "y2": 3424, "width": 412, "height": 383}, "cropped_image": "not_germinated_34_67pct_1742363149.jpg", "processed_image": null, "mask_image": null, "color_analysis": null}, {"class": "not_germinated", "confidence": 66.46, "bbox": {"x1": 135, "y1": 1919, "x2": 561, "y2": 2294, "width": 426, "height": 375}, "cropped_image": "not_germinated_35_66pct_1742363149.jpg", "processed_image": null, "mask_image": null, "color_analysis": null}, {"class": "not_germinated", "confidence": 66.11, "bbox": {"x1": 5134, "y1": 2504, "x2": 5501, "y2": 2837, "width": 367, "height": 333}, "cropped_image": "not_germinated_36_66pct_1742363149.jpg", "processed_image": null, "mask_image": null, "color_analysis": null}, {"class": "not_germinated", "confidence": 66.03, "bbox": {"x1": 161, "y1": 2474, "x2": 558, "y2": 2847, "width": 397, "height": 373}, "cropped_image": "not_germinated_37_66pct_1742363149.jpg", "processed_image": null, "mask_image": null, "color_analysis": null}, {"class": "germinated_seed", "confidence": 65.64, "bbox": {"x1": 2923, "y1": 2503, "x2": 3289, "y2": 2843, "width": 366, "height": 340}, "cropped_image": "germinated_seed_38_65pct_1742363149.jpg", "processed_image": null, "mask_image": null, "color_analysis": null}, {"class": "not_germinated", "confidence": 64.8, "bbox": {"x1": 681, "y1": 760, "x2": 1037, "y2": 1125, "width": 356, "height": 365}, "cropped_image": "not_germinated_39_64pct_1742363149.jpg", "processed_image": null, "mask_image": null, "color_analysis": null}, {"class": "not_germinated", "confidence": 64.11, "bbox": {"x1": 1222, "y1": 3084, "x2": 1613, "y2": 3456, "width": 391, "height": 372}, "cropped_image": "not_germinated_40_64pct_1742363149.jpg", "processed_image": null, "mask_image": null, "color_analysis": null}, {"class": "not_germinated", "confidence": 62.62, "bbox": {"x1": 1231, "y1": 1936, "x2": 1634, "y2": 2267, "width": 403, "height": 331}, "cropped_image": "not_germinated_41_62pct_1742363149.jpg", "processed_image": null, "mask_image": null, "color_analysis": null}, {"class": "not_germinated", "confidence": 62.31, "bbox": {"x1": 4619, "y1": 1907, "x2": 4992, "y2": 2223, "width": 373, "height": 316}, "cropped_image": "not_germinated_42_62pct_1742363149.jpg", "processed_image": null, "mask_image": null, "color_analysis": null}, {"class": "not_germinated", "confidence": 60.86, "bbox": {"x1": 5147, "y1": 813, "x2": 5510, "y2": 1143, "width": 363, "height": 330}, "cropped_image": "not_germinated_43_60pct_1742363149.jpg", "processed_image": null, "mask_image": null, "color_analysis": null}, {"class": "not_germinated", "confidence": 60.52, "bbox": {"x1": 1881, "y1": 1925, "x2": 2207, "y2": 2287, "width": 326, "height": 362}, "cropped_image": "not_germinated_44_60pct_1742363149.jpg", "processed_image": null, "mask_image": null, "color_analysis": null}, {"class": "not_germinated", "confidence": 60.08, "bbox": {"x1": 4041, "y1": 2493, "x2": 4364, "y2": 2818, "width": 323, "height": 325}, "cropped_image": "not_germinated_45_60pct_1742363149.jpg", "processed_image": null, "mask_image": null, "color_analysis": null}, {"class": "not_germinated", "confidence": 57.9, "bbox": {"x1": 102, "y1": 1327, "x2": 500, "y2": 1680, "width": 398, "height": 353}, "cropped_image": "not_germinated_46_57pct_1742363149.jpg", "processed_image": null, "mask_image": null, "color_analysis": null}, {"class": "not_germinated", "confidence": 57.71, "bbox": {"x1": 695, "y1": 2462, "x2": 1033, "y2": 2778, "width": 338, "height": 316}, "cropped_image": "not_germinated_47_57pct_1742363149.jpg", "processed_image": null, "mask_image": null, "color_analysis": null}, {"class": "not_germinated", "confidence": 57.29, "bbox": {"x1": 1793, "y1": 739, "x2": 2147, "y2": 1109, "width": 354, "height": 370}, "cropped_image": "not_germinated_48_57pct_1742363149.jpg", "processed_image": null, "mask_image": null, "color_analysis": null}, {"class": "not_germinated", "confidence": 56.16, "bbox": {"x1": 710, "y1": 244, "x2": 1082, "y2": 636, "width": 372, "height": 392}, "cropped_image": "not_germinated_49_56pct_1742363149.jpg", "processed_image": null, "mask_image": null, "color_analysis": null}, {"class": "not_germinated", "confidence": 55.37, "bbox": {"x1": 4064, "y1": 723, "x2": 4394, "y2": 1060, "width": 330, "height": 337}, "cropped_image": "not_germinated_50_55pct_1742363149.jpg", "processed_image": null, "mask_image": null, "color_analysis": null}, {"class": "not_germinated", "confidence": 54.4, "bbox": {"x1": 2357, "y1": 1894, "x2": 2762, "y2": 2259, "width": 405, "height": 365}, "cropped_image": "not_germinated_51_54pct_1742363149.jpg", "processed_image": null, "mask_image": null, "color_analysis": null}, {"class": "germinated_seed", "confidence": 53.33, "bbox": {"x1": 716, "y1": 250, "x2": 1076, "y2": 635, "width": 360, "height": 385}, "cropped_image": "germinated_seed_52_53pct_1742363149.jpg", "processed_image": null, "mask_image": null, "color_analysis": null}, {"class": "germinated_seed", "confidence": 52.94, "bbox": {"x1": 689, "y1": 1925, "x2": 1065, "y2": 2283, "width": 376, "height": 358}, "cropped_image": "germinated_seed_53_52pct_1742363149.jpg", "processed_image": null, "mask_image": null, "color_analysis": null}, {"class": "not_germinated", "confidence": 51.64, "bbox": {"x1": 4062, "y1": 1946, "x2": 4398, "y2": 2299, "width": 336, "height": 353}, "cropped_image": "not_germinated_54_51pct_1742363149.jpg", "processed_image": null, "mask_image": null, "color_analysis": null}, {"class": "not_germinated", "confidence": 51.14, "bbox": {"x1": 5197, "y1": 3067, "x2": 5568, "y2": 3444, "width": 371, "height": 377}, "cropped_image": "not_germinated_55_51pct_1742363149.jpg", "processed_image": null, "mask_image": null, "color_analysis": null}, {"class": "not_germinated", "confidence": 51.09, "bbox": {"x1": 4648, "y1": 3073, "x2": 5048, "y2": 3461, "width": 400, "height": 388}, "cropped_image": "not_germinated_56_51pct_1742363149.jpg", "processed_image": null, "mask_image": null, "color_analysis": null}, {"class": "germinated_seed", "confidence": 50.65, "bbox": {"x1": 2906, "y1": 1348, "x2": 3293, "y2": 1691, "width": 387, "height": 343}, "cropped_image": "germinated_seed_57_50pct_1742363149.jpg", "processed_image": null, "mask_image": null, "color_analysis": null}, {"class": "germinated_seed", "confidence": 47.52, "bbox": {"x1": 4064, "y1": 1946, "x2": 4398, "y2": 2299, "width": 334, "height": 353}, "cropped_image": "germinated_seed_58_47pct_1742363149.jpg", "processed_image": null, "mask_image": null, "color_analysis": null}, {"class": "not_germinated", "confidence": 47.04, "bbox": {"x1": 113, "y1": 3034, "x2": 516, "y2": 3368, "width": 403, "height": 334}, "cropped_image": "not_germinated_59_47pct_1742363149.jpg", "processed_image": null, "mask_image": null, "color_analysis": null}, {"class": "not_germinated", "confidence": 44.98, "bbox": {"x1": 2906, "y1": 1351, "x2": 3290, "y2": 1696, "width": 384, "height": 345}, "cropped_image": "not_germinated_60_44pct_1742363149.jpg", "processed_image": null, "mask_image": null, "color_analysis": null}, {"class": "germinated_seed", "confidence": 42.41, "bbox": {"x1": 4608, "y1": 1302, "x2": 4971, "y2": 1641, "width": 363, "height": 339}, "cropped_image": "germinated_seed_61_42pct_1742363149.jpg", "processed_image": null, "mask_image": null, "color_analysis": null}, {"class": "germinated_seed", "confidence": 35.2, "bbox": {"x1": 5159, "y1": 1899, "x2": 5485, "y2": 2239, "width": 326, "height": 340}, "cropped_image": "germinated_seed_62_35pct_1742363149.jpg", "processed_image": null, "mask_image": null, "color_analysis": null}, {"class": "not_germinated", "confidence": 34.63, "bbox": {"x1": 4609, "y1": 1301, "x2": 4974, "y2": 1640, "width": 365, "height": 339}, "cropped_image": "not_germinated_63_34pct_1742363149.jpg", "processed_image": null, "mask_image": null, "color_analysis": null}, {"class": "not_germinated", "confidence": 33.51, "bbox": {"x1": 5134, "y1": 1375, "x2": 5487, "y2": 1697, "width": 353, "height": 322}, "cropped_image": "not_germinated_64_33pct_1742363149.jpg", "processed_image": null, "mask_image": null, "color_analysis": null}, {"class": "not_germinated", "confidence": 31.6, "bbox": {"x1": 5150, "y1": 1897, "x2": 5497, "y2": 2244, "width": 347, "height": 347}, "cropped_image": "not_germinated_65_31pct_1742363149.jpg", "processed_image": null, "mask_image": null, "color_analysis": null}]}
DETECTION_RESULTS_END
[19-Mar-2025 06:46:02 Europe/Berlin] Return code: 0
[19-Mar-2025 06:46:02 Europe/Berlin] Processing line: Current working directory: C:\xampp\htdocs\coba_website
[19-Mar-2025 06:46:02 Europe/Berlin] Processing line: Model path (absolute): C:\xampp\htdocs\coba_website\app\content\Melon\deeplearning\chili_yolov8.pt
[19-Mar-2025 06:46:02 Europe/Berlin] Processing line: Upload path (absolute): C:\xampp\htdocs\coba_website\output\detect_21\raw__DSC1354.JPG
[19-Mar-2025 06:46:02 Europe/Berlin] Processing line: Results directory (absolute): C:\xampp\htdocs\coba_website\output\detect_21
[19-Mar-2025 06:46:02 Europe/Berlin] Processing line: Using HSV ranges:
[19-Mar-2025 06:46:02 Europe/Berlin] Processing line: Range 1: H=[155-255], S=[160-240], V=[160-255]
[19-Mar-2025 06:46:02 Europe/Berlin] Processing line: Range 2: H=[0-30], S=[160-240], V=[160-255]
[19-Mar-2025 06:46:02 Europe/Berlin] Processing line: Loading model...
[19-Mar-2025 06:46:02 Europe/Berlin] Processing line: Model loaded successfully
[19-Mar-2025 06:46:02 Europe/Berlin] Processing line: Reading image...
[19-Mar-2025 06:46:02 Europe/Berlin] Processing line: Image read successfully, shape: (3712, 5568, 3)
[19-Mar-2025 06:46:02 Europe/Berlin] Processing line: Running detection...
[19-Mar-2025 06:46:02 Europe/Berlin] Processing line: 
[19-Mar-2025 06:46:02 Europe/Berlin] Processing line: 0: 448x640 14 germinated_seeds, 51 not_germinateds, 281.3ms
[19-Mar-2025 06:46:02 Europe/Berlin] Processing line: Speed: 11.5ms preprocess, 281.3ms inference, 8.0ms postprocess per image at shape (1, 3, 448, 640)
[19-Mar-2025 06:46:02 Europe/Berlin] Processing line: Detection completed successfully
[19-Mar-2025 06:46:02 Europe/Berlin] Processing line: Found 65 objects
[19-Mar-2025 06:46:02 Europe/Berlin] Processing line: Processing detection 1: germinated_seed (85.98%)
[19-Mar-2025 06:46:02 Europe/Berlin] Processing line: Successfully saved cropped germinated_seed to: C:\xampp\htdocs\coba_website\output\detect_21\germinated_seed_1_85pct_1742363149.jpg
[19-Mar-2025 06:46:02 Europe/Berlin] Processing line: Processing detection 2: germinated_seed (85.14%)
[19-Mar-2025 06:46:02 Europe/Berlin] Processing line: Successfully saved cropped germinated_seed to: C:\xampp\htdocs\coba_website\output\detect_21\germinated_seed_2_85pct_1742363149.jpg
[19-Mar-2025 06:46:02 Europe/Berlin] Processing line: Processing detection 3: germinated_seed (84.27%)
[19-Mar-2025 06:46:02 Europe/Berlin] Processing line: Successfully saved cropped germinated_seed to: C:\xampp\htdocs\coba_website\output\detect_21\germinated_seed_3_84pct_1742363149.jpg
[19-Mar-2025 06:46:02 Europe/Berlin] Processing line: Processing detection 4: not_germinated (83.33%)
[19-Mar-2025 06:46:02 Europe/Berlin] Processing line: Successfully saved cropped not_germinated to: C:\xampp\htdocs\coba_website\output\detect_21\not_germinated_4_83pct_1742363149.jpg
[19-Mar-2025 06:46:02 Europe/Berlin] Processing line: Processing detection 5: not_germinated (82.67%)
[19-Mar-2025 06:46:02 Europe/Berlin] Processing line: Successfully saved cropped not_germinated to: C:\xampp\htdocs\coba_website\output\detect_21\not_germinated_5_82pct_1742363149.jpg
[19-Mar-2025 06:46:02 Europe/Berlin] Processing line: Processing detection 6: not_germinated (82.40%)
[19-Mar-2025 06:46:02 Europe/Berlin] Processing line: Successfully saved cropped not_germinated to: C:\xampp\htdocs\coba_website\output\detect_21\not_germinated_6_82pct_1742363149.jpg
[19-Mar-2025 06:46:02 Europe/Berlin] Processing line: Processing detection 7: not_germinated (82.26%)
[19-Mar-2025 06:46:02 Europe/Berlin] Processing line: Successfully saved cropped not_germinated to: C:\xampp\htdocs\coba_website\output\detect_21\not_germinated_7_82pct_1742363149.jpg
[19-Mar-2025 06:46:02 Europe/Berlin] Processing line: Processing detection 8: not_germinated (81.91%)
[19-Mar-2025 06:46:02 Europe/Berlin] Processing line: Successfully saved cropped not_germinated to: C:\xampp\htdocs\coba_website\output\detect_21\not_germinated_8_81pct_1742363149.jpg
[19-Mar-2025 06:46:02 Europe/Berlin] Processing line: Processing detection 9: not_germinated (81.69%)
[19-Mar-2025 06:46:02 Europe/Berlin] Processing line: Successfully saved cropped not_germinated to: C:\xampp\htdocs\coba_website\output\detect_21\not_germinated_9_81pct_1742363149.jpg
[19-Mar-2025 06:46:02 Europe/Berlin] Processing line: Processing detection 10: not_germinated (80.92%)
[19-Mar-2025 06:46:02 Europe/Berlin] Processing line: Successfully saved cropped not_germinated to: C:\xampp\htdocs\coba_website\output\detect_21\not_germinated_10_80pct_1742363149.jpg
[19-Mar-2025 06:46:02 Europe/Berlin] Processing line: Processing detection 11: not_germinated (80.87%)
[19-Mar-2025 06:46:02 Europe/Berlin] Processing line: Successfully saved cropped not_germinated to: C:\xampp\htdocs\coba_website\output\detect_21\not_germinated_11_80pct_1742363149.jpg
[19-Mar-2025 06:46:02 Europe/Berlin] Processing line: Processing detection 12: not_germinated (80.35%)
[19-Mar-2025 06:46:02 Europe/Berlin] Processing line: Successfully saved cropped not_germinated to: C:\xampp\htdocs\coba_website\output\detect_21\not_germinated_12_80pct_1742363149.jpg
[19-Mar-2025 06:46:02 Europe/Berlin] Processing line: Processing detection 13: not_germinated (79.56%)
[19-Mar-2025 06:46:02 Europe/Berlin] Processing line: Successfully saved cropped not_germinated to: C:\xampp\htdocs\coba_website\output\detect_21\not_germinated_13_79pct_1742363149.jpg
[19-Mar-2025 06:46:02 Europe/Berlin] Processing line: Processing detection 14: not_germinated (79.21%)
[19-Mar-2025 06:46:02 Europe/Berlin] Processing line: Successfully saved cropped not_germinated to: C:\xampp\htdocs\coba_website\output\detect_21\not_germinated_14_79pct_1742363149.jpg
[19-Mar-2025 06:46:02 Europe/Berlin] Processing line: Processing detection 15: not_germinated (79.12%)
[19-Mar-2025 06:46:02 Europe/Berlin] Processing line: Successfully saved cropped not_germinated to: C:\xampp\htdocs\coba_website\output\detect_21\not_germinated_15_79pct_1742363149.jpg
[19-Mar-2025 06:46:02 Europe/Berlin] Processing line: Processing detection 16: not_germinated (76.37%)
[19-Mar-2025 06:46:02 Europe/Berlin] Processing line: Successfully saved cropped not_germinated to: C:\xampp\htdocs\coba_website\output\detect_21\not_germinated_16_76pct_1742363149.jpg
[19-Mar-2025 06:46:02 Europe/Berlin] Processing line: Processing detection 17: not_germinated (75.47%)
[19-Mar-2025 06:46:02 Europe/Berlin] Processing line: Successfully saved cropped not_germinated to: C:\xampp\htdocs\coba_website\output\detect_21\not_germinated_17_75pct_1742363149.jpg
[19-Mar-2025 06:46:02 Europe/Berlin] Processing line: Processing detection 18: not_germinated (74.73%)
[19-Mar-2025 06:46:02 Europe/Berlin] Processing line: Successfully saved cropped not_germinated to: C:\xampp\htdocs\coba_website\output\detect_21\not_germinated_18_74pct_1742363149.jpg
[19-Mar-2025 06:46:02 Europe/Berlin] Processing line: Processing detection 19: not_germinated (74.67%)
[19-Mar-2025 06:46:02 Europe/Berlin] Processing line: Successfully saved cropped not_germinated to: C:\xampp\htdocs\coba_website\output\detect_21\not_germinated_19_74pct_1742363149.jpg
[19-Mar-2025 06:46:02 Europe/Berlin] Processing line: Processing detection 20: not_germinated (74.12%)
[19-Mar-2025 06:46:02 Europe/Berlin] Processing line: Successfully saved cropped not_germinated to: C:\xampp\htdocs\coba_website\output\detect_21\not_germinated_20_74pct_1742363149.jpg
[19-Mar-2025 06:46:02 Europe/Berlin] Processing line: Processing detection 21: not_germinated (73.86%)
[19-Mar-2025 06:46:02 Europe/Berlin] Processing line: Successfully saved cropped not_germinated to: C:\xampp\htdocs\coba_website\output\detect_21\not_germinated_21_73pct_1742363149.jpg
[19-Mar-2025 06:46:02 Europe/Berlin] Processing line: Processing detection 22: not_germinated (73.85%)
[19-Mar-2025 06:46:02 Europe/Berlin] Processing line: Successfully saved cropped not_germinated to: C:\xampp\htdocs\coba_website\output\detect_21\not_germinated_22_73pct_1742363149.jpg
[19-Mar-2025 06:46:02 Europe/Berlin] Processing line: Processing detection 23: germinated_seed (73.41%)
[19-Mar-2025 06:46:02 Europe/Berlin] Processing line: Successfully saved cropped germinated_seed to: C:\xampp\htdocs\coba_website\output\detect_21\germinated_seed_23_73pct_1742363149.jpg
[19-Mar-2025 06:46:02 Europe/Berlin] Processing line: Processing detection 24: not_germinated (73.37%)
[19-Mar-2025 06:46:02 Europe/Berlin] Processing line: Successfully saved cropped not_germinated to: C:\xampp\htdocs\coba_website\output\detect_21\not_germinated_24_73pct_1742363149.jpg
[19-Mar-2025 06:46:02 Europe/Berlin] Processing line: Processing detection 25: germinated_seed (73.07%)
[19-Mar-2025 06:46:02 Europe/Berlin] Processing line: Successfully saved cropped germinated_seed to: C:\xampp\htdocs\coba_website\output\detect_21\germinated_seed_25_73pct_1742363149.jpg
[19-Mar-2025 06:46:02 Europe/Berlin] Processing line: Processing detection 26: not_germinated (71.89%)
[19-Mar-2025 06:46:02 Europe/Berlin] Processing line: Successfully saved cropped not_germinated to: C:\xampp\htdocs\coba_website\output\detect_21\not_germinated_26_71pct_1742363149.jpg
[19-Mar-2025 06:46:02 Europe/Berlin] Processing line: Processing detection 27: not_germinated (71.85%)
[19-Mar-2025 06:46:02 Europe/Berlin] Processing line: Successfully saved cropped not_germinated to: C:\xampp\htdocs\coba_website\output\detect_21\not_germinated_27_71pct_1742363149.jpg
[19-Mar-2025 06:46:02 Europe/Berlin] Processing line: Processing detection 28: not_germinated (71.54%)
[19-Mar-2025 06:46:02 Europe/Berlin] Processing line: Successfully saved cropped not_germinated to: C:\xampp\htdocs\coba_website\output\detect_21\not_germinated_28_71pct_1742363149.jpg
[19-Mar-2025 06:46:02 Europe/Berlin] Processing line: Processing detection 29: not_germinated (70.33%)
[19-Mar-2025 06:46:02 Europe/Berlin] Processing line: Successfully saved cropped not_germinated to: C:\xampp\htdocs\coba_website\output\detect_21\not_germinated_29_70pct_1742363149.jpg
[19-Mar-2025 06:46:02 Europe/Berlin] Processing line: Processing detection 30: germinated_seed (68.83%)
[19-Mar-2025 06:46:02 Europe/Berlin] Processing line: Successfully saved cropped germinated_seed to: C:\xampp\htdocs\coba_website\output\detect_21\germinated_seed_30_68pct_1742363149.jpg
[19-Mar-2025 06:46:02 Europe/Berlin] Processing line: Processing detection 31: not_germinated (68.59%)
[19-Mar-2025 06:46:02 Europe/Berlin] Processing line: Successfully saved cropped not_germinated to: C:\xampp\htdocs\coba_website\output\detect_21\not_germinated_31_68pct_1742363149.jpg
[19-Mar-2025 06:46:02 Europe/Berlin] Processing line: Processing detection 32: germinated_seed (68.04%)
[19-Mar-2025 06:46:02 Europe/Berlin] Processing line: Successfully saved cropped germinated_seed to: C:\xampp\htdocs\coba_website\output\detect_21\germinated_seed_32_68pct_1742363149.jpg
[19-Mar-2025 06:46:02 Europe/Berlin] Processing line: Processing detection 33: not_germinated (67.95%)
[19-Mar-2025 06:46:02 Europe/Berlin] Processing line: Successfully saved cropped not_germinated to: C:\xampp\htdocs\coba_website\output\detect_21\not_germinated_33_67pct_1742363149.jpg
[19-Mar-2025 06:46:02 Europe/Berlin] Processing line: Processing detection 34: not_germinated (67.07%)
[19-Mar-2025 06:46:02 Europe/Berlin] Processing line: Successfully saved cropped not_germinated to: C:\xampp\htdocs\coba_website\output\detect_21\not_germinated_34_67pct_1742363149.jpg
[19-Mar-2025 06:46:02 Europe/Berlin] Processing line: Processing detection 35: not_germinated (66.46%)
[19-Mar-2025 06:46:02 Europe/Berlin] Processing line: Successfully saved cropped not_germinated to: C:\xampp\htdocs\coba_website\output\detect_21\not_germinated_35_66pct_1742363149.jpg
[19-Mar-2025 06:46:02 Europe/Berlin] Processing line: Processing detection 36: not_germinated (66.11%)
[19-Mar-2025 06:46:02 Europe/Berlin] Processing line: Successfully saved cropped not_germinated to: C:\xampp\htdocs\coba_website\output\detect_21\not_germinated_36_66pct_1742363149.jpg
[19-Mar-2025 06:46:02 Europe/Berlin] Processing line: Processing detection 37: not_germinated (66.03%)
[19-Mar-2025 06:46:02 Europe/Berlin] Processing line: Successfully saved cropped not_germinated to: C:\xampp\htdocs\coba_website\output\detect_21\not_germinated_37_66pct_1742363149.jpg
[19-Mar-2025 06:46:02 Europe/Berlin] Processing line: Processing detection 38: germinated_seed (65.64%)
[19-Mar-2025 06:46:02 Europe/Berlin] Processing line: Successfully saved cropped germinated_seed to: C:\xampp\htdocs\coba_website\output\detect_21\germinated_seed_38_65pct_1742363149.jpg
[19-Mar-2025 06:46:02 Europe/Berlin] Processing line: Processing detection 39: not_germinated (64.80%)
[19-Mar-2025 06:46:02 Europe/Berlin] Processing line: Successfully saved cropped not_germinated to: C:\xampp\htdocs\coba_website\output\detect_21\not_germinated_39_64pct_1742363149.jpg
[19-Mar-2025 06:46:02 Europe/Berlin] Processing line: Processing detection 40: not_germinated (64.11%)
[19-Mar-2025 06:46:02 Europe/Berlin] Processing line: Successfully saved cropped not_germinated to: C:\xampp\htdocs\coba_website\output\detect_21\not_germinated_40_64pct_1742363149.jpg
[19-Mar-2025 06:46:02 Europe/Berlin] Processing line: Processing detection 41: not_germinated (62.62%)
[19-Mar-2025 06:46:02 Europe/Berlin] Processing line: Successfully saved cropped not_germinated to: C:\xampp\htdocs\coba_website\output\detect_21\not_germinated_41_62pct_1742363149.jpg
[19-Mar-2025 06:46:02 Europe/Berlin] Processing line: Processing detection 42: not_germinated (62.31%)
[19-Mar-2025 06:46:02 Europe/Berlin] Processing line: Successfully saved cropped not_germinated to: C:\xampp\htdocs\coba_website\output\detect_21\not_germinated_42_62pct_1742363149.jpg
[19-Mar-2025 06:46:02 Europe/Berlin] Processing line: Processing detection 43: not_germinated (60.86%)
[19-Mar-2025 06:46:02 Europe/Berlin] Processing line: Successfully saved cropped not_germinated to: C:\xampp\htdocs\coba_website\output\detect_21\not_germinated_43_60pct_1742363149.jpg
[19-Mar-2025 06:46:02 Europe/Berlin] Processing line: Processing detection 44: not_germinated (60.52%)
[19-Mar-2025 06:46:02 Europe/Berlin] Processing line: Successfully saved cropped not_germinated to: C:\xampp\htdocs\coba_website\output\detect_21\not_germinated_44_60pct_1742363149.jpg
[19-Mar-2025 06:46:02 Europe/Berlin] Processing line: Processing detection 45: not_germinated (60.08%)
[19-Mar-2025 06:46:02 Europe/Berlin] Processing line: Successfully saved cropped not_germinated to: C:\xampp\htdocs\coba_website\output\detect_21\not_germinated_45_60pct_1742363149.jpg
[19-Mar-2025 06:46:02 Europe/Berlin] Processing line: Processing detection 46: not_germinated (57.90%)
[19-Mar-2025 06:46:02 Europe/Berlin] Processing line: Successfully saved cropped not_germinated to: C:\xampp\htdocs\coba_website\output\detect_21\not_germinated_46_57pct_1742363149.jpg
[19-Mar-2025 06:46:02 Europe/Berlin] Processing line: Processing detection 47: not_germinated (57.71%)
[19-Mar-2025 06:46:02 Europe/Berlin] Processing line: Successfully saved cropped not_germinated to: C:\xampp\htdocs\coba_website\output\detect_21\not_germinated_47_57pct_1742363149.jpg
[19-Mar-2025 06:46:02 Europe/Berlin] Processing line: Processing detection 48: not_germinated (57.29%)
[19-Mar-2025 06:46:02 Europe/Berlin] Processing line: Successfully saved cropped not_germinated to: C:\xampp\htdocs\coba_website\output\detect_21\not_germinated_48_57pct_1742363149.jpg
[19-Mar-2025 06:46:02 Europe/Berlin] Processing line: Processing detection 49: not_germinated (56.16%)
[19-Mar-2025 06:46:02 Europe/Berlin] Processing line: Successfully saved cropped not_germinated to: C:\xampp\htdocs\coba_website\output\detect_21\not_germinated_49_56pct_1742363149.jpg
[19-Mar-2025 06:46:02 Europe/Berlin] Processing line: Processing detection 50: not_germinated (55.37%)
[19-Mar-2025 06:46:02 Europe/Berlin] Processing line: Successfully saved cropped not_germinated to: C:\xampp\htdocs\coba_website\output\detect_21\not_germinated_50_55pct_1742363149.jpg
[19-Mar-2025 06:46:02 Europe/Berlin] Processing line: Processing detection 51: not_germinated (54.40%)
[19-Mar-2025 06:46:02 Europe/Berlin] Processing line: Successfully saved cropped not_germinated to: C:\xampp\htdocs\coba_website\output\detect_21\not_germinated_51_54pct_1742363149.jpg
[19-Mar-2025 06:46:02 Europe/Berlin] Processing line: Processing detection 52: germinated_seed (53.33%)
[19-Mar-2025 06:46:02 Europe/Berlin] Processing line: Successfully saved cropped germinated_seed to: C:\xampp\htdocs\coba_website\output\detect_21\germinated_seed_52_53pct_1742363149.jpg
[19-Mar-2025 06:46:02 Europe/Berlin] Processing line: Processing detection 53: germinated_seed (52.94%)
[19-Mar-2025 06:46:02 Europe/Berlin] Processing line: Successfully saved cropped germinated_seed to: C:\xampp\htdocs\coba_website\output\detect_21\germinated_seed_53_52pct_1742363149.jpg
[19-Mar-2025 06:46:02 Europe/Berlin] Processing line: Processing detection 54: not_germinated (51.64%)
[19-Mar-2025 06:46:02 Europe/Berlin] Processing line: Successfully saved cropped not_germinated to: C:\xampp\htdocs\coba_website\output\detect_21\not_germinated_54_51pct_1742363149.jpg
[19-Mar-2025 06:46:02 Europe/Berlin] Processing line: Processing detection 55: not_germinated (51.14%)
[19-Mar-2025 06:46:02 Europe/Berlin] Processing line: Successfully saved cropped not_germinated to: C:\xampp\htdocs\coba_website\output\detect_21\not_germinated_55_51pct_1742363149.jpg
[19-Mar-2025 06:46:02 Europe/Berlin] Processing line: Processing detection 56: not_germinated (51.09%)
[19-Mar-2025 06:46:02 Europe/Berlin] Processing line: Successfully saved cropped not_germinated to: C:\xampp\htdocs\coba_website\output\detect_21\not_germinated_56_51pct_1742363149.jpg
[19-Mar-2025 06:46:02 Europe/Berlin] Processing line: Processing detection 57: germinated_seed (50.65%)
[19-Mar-2025 06:46:02 Europe/Berlin] Processing line: Successfully saved cropped germinated_seed to: C:\xampp\htdocs\coba_website\output\detect_21\germinated_seed_57_50pct_1742363149.jpg
[19-Mar-2025 06:46:02 Europe/Berlin] Processing line: Processing detection 58: germinated_seed (47.52%)
[19-Mar-2025 06:46:02 Europe/Berlin] Processing line: Successfully saved cropped germinated_seed to: C:\xampp\htdocs\coba_website\output\detect_21\germinated_seed_58_47pct_1742363149.jpg
[19-Mar-2025 06:46:02 Europe/Berlin] Processing line: Processing detection 59: not_germinated (47.04%)
[19-Mar-2025 06:46:02 Europe/Berlin] Processing line: Successfully saved cropped not_germinated to: C:\xampp\htdocs\coba_website\output\detect_21\not_germinated_59_47pct_1742363149.jpg
[19-Mar-2025 06:46:02 Europe/Berlin] Processing line: Processing detection 60: not_germinated (44.98%)
[19-Mar-2025 06:46:02 Europe/Berlin] Processing line: Successfully saved cropped not_germinated to: C:\xampp\htdocs\coba_website\output\detect_21\not_germinated_60_44pct_1742363149.jpg
[19-Mar-2025 06:46:02 Europe/Berlin] Processing line: Processing detection 61: germinated_seed (42.41%)
[19-Mar-2025 06:46:02 Europe/Berlin] Processing line: Successfully saved cropped germinated_seed to: C:\xampp\htdocs\coba_website\output\detect_21\germinated_seed_61_42pct_1742363149.jpg
[19-Mar-2025 06:46:02 Europe/Berlin] Processing line: Processing detection 62: germinated_seed (35.20%)
[19-Mar-2025 06:46:02 Europe/Berlin] Processing line: Successfully saved cropped germinated_seed to: C:\xampp\htdocs\coba_website\output\detect_21\germinated_seed_62_35pct_1742363149.jpg
[19-Mar-2025 06:46:02 Europe/Berlin] Processing line: Processing detection 63: not_germinated (34.63%)
[19-Mar-2025 06:46:02 Europe/Berlin] Processing line: Successfully saved cropped not_germinated to: C:\xampp\htdocs\coba_website\output\detect_21\not_germinated_63_34pct_1742363149.jpg
[19-Mar-2025 06:46:02 Europe/Berlin] Processing line: Processing detection 64: not_germinated (33.51%)
[19-Mar-2025 06:46:02 Europe/Berlin] Processing line: Successfully saved cropped not_germinated to: C:\xampp\htdocs\coba_website\output\detect_21\not_germinated_64_33pct_1742363149.jpg
[19-Mar-2025 06:46:02 Europe/Berlin] Processing line: Processing detection 65: not_germinated (31.60%)
[19-Mar-2025 06:46:02 Europe/Berlin] Processing line: Successfully saved cropped not_germinated to: C:\xampp\htdocs\coba_website\output\detect_21\not_germinated_65_31pct_1742363149.jpg
[19-Mar-2025 06:46:02 Europe/Berlin] Processing line: Saved detection results to: C:\xampp\htdocs\coba_website\output\detect_21\1742363149_detections.json
[19-Mar-2025 06:46:02 Europe/Berlin] Processing line: Successfully saved result visualization to: C:\xampp\htdocs\coba_website\output\detect_21\1742363149_result.jpg
[19-Mar-2025 06:46:02 Europe/Berlin] Processing line: DETECTION_RESULTS_START
[19-Mar-2025 06:46:02 Europe/Berlin] Processing line: {"image_size": {"width": 5568, "height": 3712}, "detections": [{"class": "germinated_seed", "confidence": 85.98, "bbox": {"x1": 5153, "y1": 222, "x2": 5498, "y2": 558, "width": 345, "height": 336}, "cropped_image": "germinated_seed_1_85pct_1742363149.jpg", "processed_image": null, "mask_image": null, "color_analysis": null}, {"class": "germinated_seed", "confidence": 85.14, "bbox": {"x1": 4064, "y1": 1335, "x2": 4407, "y2": 1654, "width": 343, "height": 319}, "cropped_image": "germinated_seed_2_85pct_1742363149.jpg", "processed_image": null, "mask_image": null, "color_analysis": null}, {"class": "germinated_seed", "confidence": 84.27, "bbox": {"x1": 3504, "y1": 1345, "x2": 3863, "y2": 1697, "width": 359, "height": 352}, "cropped_image": "germinated_seed_3_84pct_1742363149.jpg", "processed_image": null, "mask_image": null, "color_analysis": null}, {"class": "not_germinated", "confidence": 83.33, "bbox": {"x1": 2400, "y1": 1342, "x2": 2768, "y2": 1699, "width": 368, "height": 357}, "cropped_image": "not_germinated_4_83pct_1742363149.jpg", "processed_image": null, "mask_image": null, "color_analysis": null}, {"class": "not_germinated", "confidence": 82.67, "bbox": {"x1": 4598, "y1": 2411, "x2": 5014, "y2": 2805, "width": 416, "height": 394}, "cropped_image": "not_germinated_5_82pct_1742363149.jpg", "processed_image": null, "mask_image": null, "color_analysis": null}, {"class": "not_germinated", "confidence": 82.4, "bbox": {"x1": 2938, "y1": 839, "x2": 3296, "y2": 1165, "width": 358, "height": 326}, "cropped_image": "not_germinated_6_82pct_1742363149.jpg", "processed_image": null, "mask_image": null, "color_analysis": null}, {"class": "not_germinated", "confidence": 82.26, "bbox": {"x1": 2368, "y1": 753, "x2": 2772, "y2": 1189, "width": 404, "height": 436}, "cropped_image": "not_germinated_7_82pct_1742363149.jpg", "processed_image": null, "mask_image": null, "color_analysis": null}, {"class": "not_germinated", "confidence": 81.91, "bbox": {"x1": 3480, "y1": 1885, "x2": 3844, "y2": 2215, "width": 364, "height": 330}, "cropped_image": "not_germinated_8_81pct_1742363149.jpg", "processed_image": null, "mask_image": null, "color_analysis": null}, {"class": "not_germinated", "confidence": 81.69, "bbox": {"x1": 1281, "y1": 198, "x2": 1635, "y2": 575, "width": 354, "height": 377}, "cropped_image": "not_germinated_9_81pct_1742363149.jpg", "processed_image": null, "mask_image": null, "color_analysis": null}, {"class": "not_germinated", "confidence": 80.92, "bbox": {"x1": 2938, "y1": 274, "x2": 3305, "y2": 612, "width": 367, "height": 338}, "cropped_image": "not_germinated_10_80pct_1742363149.jpg", "processed_image": null, "mask_image": null, "color_analysis": null}, {"class": "not_germinated", "confidence": 80.87, "bbox": {"x1": 107, "y1": 187, "x2": 508, "y2": 631, "width": 401, "height": 444}, "cropped_image": "not_germinated_11_80pct_1742363149.jpg", "processed_image": null, "mask_image": null, "color_analysis": null}, {"class": "not_germinated", "confidence": 80.35, "bbox": {"x1": 1854, "y1": 1354, "x2": 2196, "y2": 1724, "width": 342, "height": 370}, "cropped_image": "not_germinated_12_80pct_1742363149.jpg", "processed_image": null, "mask_image": null, "color_analysis": null}, {"class": "not_germinated", "confidence": 79.56, "bbox": {"x1": 3548, "y1": 729, "x2": 3933, "y2": 1088, "width": 385, "height": 359}, "cropped_image": "not_germinated_13_79pct_1742363149.jpg", "processed_image": null, "mask_image": null, "color_analysis": null}, {"class": "not_germinated", "confidence": 79.21, "bbox": {"x1": 1230, "y1": 1360, "x2": 1594, "y2": 1699, "width": 364, "height": 339}, "cropped_image": "not_germinated_14_79pct_1742363149.jpg", "processed_image": null, "mask_image": null, "color_analysis": null}, {"class": "not_germinated", "confidence": 79.12, "bbox": {"x1": 4634, "y1": 252, "x2": 5037, "y2": 591, "width": 403, "height": 339}, "cropped_image": "not_germinated_15_79pct_1742363149.jpg", "processed_image": null, "mask_image": null, "color_analysis": null}, {"class": "not_germinated", "confidence": 76.37, "bbox": {"x1": 1860, "y1": 2430, "x2": 2219, "y2": 2798, "width": 359, "height": 368}, "cropped_image": "not_germinated_16_76pct_1742363149.jpg", "processed_image": null, "mask_image": null, "color_analysis": null}, {"class": "not_germinated", "confidence": 75.47, "bbox": {"x1": 2403, "y1": 230, "x2": 2761, "y2": 588, "width": 358, "height": 358}, "cropped_image": "not_germinated_17_75pct_1742363149.jpg", "processed_image": null, "mask_image": null, "color_analysis": null}, {"class": "not_germinated", "confidence": 74.73, "bbox": {"x1": 2442, "y1": 3047, "x2": 2773, "y2": 3385, "width": 331, "height": 338}, "cropped_image": "not_germinated_18_74pct_1742363149.jpg", "processed_image": null, "mask_image": null, "color_analysis": null}, {"class": "not_germinated", "confidence": 74.67, "bbox": {"x1": 718, "y1": 1338, "x2": 1055, "y2": 1695, "width": 337, "height": 357}, "cropped_image": "not_germinated_19_74pct_1742363149.jpg", "processed_image": null, "mask_image": null, "color_analysis": null}, {"class": "not_germinated", "confidence": 74.12, "bbox": {"x1": 4628, "y1": 739, "x2": 5033, "y2": 1120, "width": 405, "height": 381}, "cropped_image": "not_germinated_20_74pct_1742363149.jpg", "processed_image": null, "mask_image": null, "color_analysis": null}, {"class": "not_germinated", "confidence": 73.86, "bbox": {"x1": 1253, "y1": 2449, "x2": 1631, "y2": 2777, "width": 378, "height": 328}, "cropped_image": "not_germinated_21_73pct_1742363149.jpg", "processed_image": null, "mask_image": null, "color_analysis": null}, {"class": "not_germinated", "confidence": 73.85, "bbox": {"x1": 739, "y1": 3053, "x2": 1101, "y2": 3425, "width": 362, "height": 372}, "cropped_image": "not_germinated_22_73pct_1742363149.jpg", "processed_image": null, "mask_image": null, "color_analysis": null}, {"class": "germinated_seed", "confidence": 73.41, "bbox": {"x1": 2958, "y1": 3067, "x2": 3319, "y2": 3439, "width": 361, "height": 372}, "cropped_image": "germinated_seed_23_73pct_1742363149.jpg", "processed_image": null, "mask_image": null, "color_analysis": null}, {"class": "not_germinated", "confidence": 73.37, "bbox": {"x1": 1796, "y1": 159, "x2": 2167, "y2": 558, "width": 371, "height": 399}, "cropped_image": "not_germinated_24_73pct_1742363149.jpg", "processed_image": null, "mask_image": null, "color_analysis": null}, {"class": "germinated_seed", "confidence": 73.07, "bbox": {"x1": 2927, "y1": 1928, "x2": 3271, "y2": 2272, "width": 344, "height": 344}, "cropped_image": "germinated_seed_25_73pct_1742363149.jpg", "processed_image": null, "mask_image": null, "color_analysis": null}, {"class": "not_germinated", "confidence": 71.89, "bbox": {"x1": 1853, "y1": 3002, "x2": 2197, "y2": 3354, "width": 344, "height": 352}, "cropped_image": "not_germinated_26_71pct_1742363149.jpg", "processed_image": null, "mask_image": null, "color_analysis": null}, {"class": "not_germinated", "confidence": 71.85, "bbox": {"x1": 4089, "y1": 3008, "x2": 4501, "y2": 3364, "width": 412, "height": 356}, "cropped_image": "not_germinated_27_71pct_1742363149.jpg", "processed_image": null, "mask_image": null, "color_analysis": null}, {"class": "not_germinated", "confidence": 71.54, "bbox": {"x1": 3531, "y1": 2421, "x2": 3867, "y2": 2767, "width": 336, "height": 346}, "cropped_image": "not_germinated_28_71pct_1742363149.jpg", "processed_image": null, "mask_image": null, "color_analysis": null}, {"class": "not_germinated", "confidence": 70.33, "bbox": {"x1": 2383, "y1": 2520, "x2": 2713, "y2": 2884, "width": 330, "height": 364}, "cropped_image": "not_germinated_29_70pct_1742363149.jpg", "processed_image": null, "mask_image": null, "color_analysis": null}, {"class": "germinated_seed", "confidence": 68.83, "bbox": {"x1": 3536, "y1": 199, "x2": 3911, "y2": 569, "width": 375, "height": 370}, "cropped_image": "germinated_seed_30_68pct_1742363149.jpg", "processed_image": null, "mask_image": null, "color_analysis": null}, {"class": "not_germinated", "confidence": 68.59, "bbox": {"x1": 4086, "y1": 148, "x2": 4441, "y2": 545, "width": 355, "height": 397}, "cropped_image": "not_germinated_31_68pct_1742363149.jpg", "processed_image": null, "mask_image": null, "color_analysis": null}, {"class": "germinated_seed", "confidence": 68.04, "bbox": {"x1": 84, "y1": 770, "x2": 457, "y2": 1179, "width": 373, "height": 409}, "cropped_image": "germinated_seed_32_68pct_1742363149.jpg", "processed_image": null, "mask_image": null, "color_analysis": null}, {"class": "not_germinated", "confidence": 67.95, "bbox": {"x1": 1240, "y1": 843, "x2": 1614, "y2": 1186, "width": 374, "height": 343}, "cropped_image": "not_germinated_33_67pct_1742363149.jpg", "processed_image": null, "mask_image": null, "color_analysis": null}, {"class": "not_germinated", "confidence": 67.07, "bbox": {"x1": 3536, "y1": 3041, "x2": 3948, "y2": 3424, "width": 412, "height": 383}, "cropped_image": "not_germinated_34_67pct_1742363149.jpg", "processed_image": null, "mask_image": null, "color_analysis": null}, {"class": "not_germinated", "confidence": 66.46, "bbox": {"x1": 135, "y1": 1919, "x2": 561, "y2": 2294, "width": 426, "height": 375}, "cropped_image": "not_germinated_35_66pct_1742363149.jpg", "processed_image": null, "mask_image": null, "color_analysis": null}, {"class": "not_germinated", "confidence": 66.11, "bbox": {"x1": 5134, "y1": 2504, "x2": 5501, "y2": 2837, "width": 367, "height": 333}, "cropped_image": "not_germinated_36_66pct_1742363149.jpg", "processed_image": null, "mask_image": null, "color_analysis": null}, {"class": "not_germinated", "confidence": 66.03, "bbox": {"x1": 161, "y1": 2474, "x2": 558, "y2": 2847, "width": 397, "height": 373}, "cropped_image": "not_germinated_37_66pct_1742363149.jpg", "processed_image": null, "mask_image": null, "color_analysis": null}, {"class": "germinated_seed", "confidence": 65.64, "bbox": {"x1": 2923, "y1": 2503, "x2": 3289, "y2": 2843, "width": 366, "height": 340}, "cropped_image": "germinated_seed_38_65pct_1742363149.jpg", "processed_image": null, "mask_image": null, "color_analysis": null}, {"class": "not_germinated", "confidence": 64.8, "bbox": {"x1": 681, "y1": 760, "x2": 1037, "y2": 1125, "width": 356, "height": 365}, "cropped_image": "not_germinated_39_64pct_1742363149.jpg", "processed_image": null, "mask_image": null, "color_analysis": null}, {"class": "not_germinated", "confidence": 64.11, "bbox": {"x1": 1222, "y1": 3084, "x2": 1613, "y2": 3456, "width": 391, "height": 372}, "cropped_image": "not_germinated_40_64pct_1742363149.jpg", "processed_image": null, "mask_image": null, "color_analysis": null}, {"class": "not_germinated", "confidence": 62.62, "bbox": {"x1": 1231, "y1": 1936, "x2": 1634, "y2": 2267, "width": 403, "height": 331}, "cropped_image": "not_germinated_41_62pct_1742363149.jpg", "processed_image": null, "mask_image": null, "color_analysis": null}, {"class": "not_germinated", "confidence": 62.31, "bbox": {"x1": 4619, "y1": 1907, "x2": 4992, "y2": 2223, "width": 373, "height": 316}, "cropped_image": "not_germinated_42_62pct_1742363149.jpg", "processed_image": null, "mask_image": null, "color_analysis": null}, {"class": "not_germinated", "confidence": 60.86, "bbox": {"x1": 5147, "y1": 813, "x2": 5510, "y2": 1143, "width": 363, "height": 330}, "cropped_image": "not_germinated_43_60pct_1742363149.jpg", "processed_image": null, "mask_image": null, "color_analysis": null}, {"class": "not_germinated", "confidence": 60.52, "bbox": {"x1": 1881, "y1": 1925, "x2": 2207, "y2": 2287, "width": 326, "height": 362}, "cropped_image": "not_germinated_44_60pct_1742363149.jpg", "processed_image": null, "mask_image": null, "color_analysis": null}, {"class": "not_germinated", "confidence": 60.08, "bbox": {"x1": 4041, "y1": 2493, "x2": 4364, "y2": 2818, "width": 323, "height": 325}, "cropped_image": "not_germinated_45_60pct_1742363149.jpg", "processed_image": null, "mask_image": null, "color_analysis": null}, {"class": "not_germinated", "confidence": 57.9, "bbox": {"x1": 102, "y1": 1327, "x2": 500, "y2": 1680, "width": 398, "height": 353}, "cropped_image": "not_germinated_46_57pct_1742363149.jpg", "processed_image": null, "mask_image": null, "color_analysis": null}, {"class": "not_germinated", "confidence": 57.71, "bbox": {"x1": 695, "y1": 2462, "x2": 1033, "y2": 2778, "width": 338, "height": 316}, "cropped_image": "not_germinated_47_57pct_1742363149.jpg", "processed_image": null, "mask_image": null, "color_analysis": null}, {"class": "not_germinated", "confidence": 57.29, "bbox": {"x1": 1793, "y1": 739, "x2": 2147, "y2": 1109, "width": 354, "height": 370}, "cropped_image": "not_germinated_48_57pct_1742363149.jpg", "processed_image": null, "mask_image": null, "color_analysis": null}, {"class": "not_germinated", "confidence": 56.16, "bbox": {"x1": 710, "y1": 244, "x2": 1082, "y2": 636, "width": 372, "height": 392}, "cropped_image": "not_germinated_49_56pct_1742363149.jpg", "processed_image": null, "mask_image": null, "color_analysis": null}, {"class": "not_germinated", "confidence": 55.37, "bbox": {"x1": 4064, "y1": 723, "x2": 4394, "y2": 1060, "width": 330, "height": 337}, "cropped_image": "not_germinated_50_55pct_1742363149.jpg", "processed_image": null, "mask_image": null, "color_analysis": null}, {"class": "not_germinated", "confidence": 54.4, "bbox": {"x1": 2357, "y1": 1894, "x2": 2762, "y2": 2259, "width": 405, "height": 365}, "cropped_image": "not_germinated_51_54pct_1742363149.jpg", "processed_image": null, "mask_image": null, "color_analysis": null}, {"class": "germinated_seed", "confidence": 53.33, "bbox": {"x1": 716, "y1": 250, "x2": 1076, "y2": 635, "width": 360, "height": 385}, "cropped_image": "germinated_seed_52_53pct_1742363149.jpg", "processed_image": null, "mask_image": null, "color_analysis": null}, {"class": "germinated_seed", "confidence": 52.94, "bbox": {"x1": 689, "y1": 1925, "x2": 1065, "y2": 2283, "width": 376, "height": 358}, "cropped_image": "germinated_seed_53_52pct_1742363149.jpg", "processed_image": null, "mask_image": null, "color_analysis": null}, {"class": "not_germinated", "confidence": 51.64, "bbox": {"x1": 4062, "y1": 1946, "x2": 4398, "y2": 2299, "width": 336, "height": 353}, "cropped_image": "not_germinated_54_51pct_1742363149.jpg", "processed_image": null, "mask_image": null, "color_analysis": null}, {"class": "not_germinated", "confidence": 51.14, "bbox": {"x1": 5197, "y1": 3067, "x2": 5568, "y2": 3444, "width": 371, "height": 377}, "cropped_image": "not_germinated_55_51pct_1742363149.jpg", "processed_image": null, "mask_image": null, "color_analysis": null}, {"class": "not_germinated", "confidence": 51.09, "bbox": {"x1": 4648, "y1": 3073, "x2": 5048, "y2": 3461, "width": 400, "height": 388}, "cropped_image": "not_germinated_56_51pct_1742363149.jpg", "processed_image": null, "mask_image": null, "color_analysis": null}, {"class": "germinated_seed", "confidence": 50.65, "bbox": {"x1": 2906, "y1": 1348, "x2": 3293, "y2": 1691, "width": 387, "height": 343}, "cropped_image": "germinated_seed_57_50pct_1742363149.jpg", "processed_image": null, "mask_image": null, "color_analysis": null}, {"class": "germinated_seed", "confidence": 47.52, "bbox": {"x1": 4064, "y1": 1946, "x2": 4398, "y2": 2299, "width": 334, "height": 353}, "cropped_image": "germinated_seed_58_47pct_1742363149.jpg", "processed_image": null, "mask_image": null, "color_analysis": null}, {"class": "not_germinated", "confidence": 47.04, "bbox": {"x1": 113, "y1": 3034, "x2": 516, "y2": 3368, "width": 403, "height": 334}, "cropped_image": "not_germinated_59_47pct_1742363149.jpg", "processed_image": null, "mask_image": null, "color_analysis": null}, {"class": "not_germinated", "confidence": 44.98, "bbox": {"x1": 2906, "y1": 1351, "x2": 3290, "y2": 1696, "width": 384, "height": 345}, "cropped_image": "not_germinated_60_44pct_1742363149.jpg", "processed_image": null, "mask_image": null, "color_analysis": null}, {"class": "germinated_seed", "confidence": 42.41, "bbox": {"x1": 4608, "y1": 1302, "x2": 4971, "y2": 1641, "width": 363, "height": 339}, "cropped_image": "germinated_seed_61_42pct_1742363149.jpg", "processed_image": null, "mask_image": null, "color_analysis": null}, {"class": "germinated_seed", "confidence": 35.2, "bbox": {"x1": 5159, "y1": 1899, "x2": 5485, "y2": 2239, "width": 326, "height": 340}, "cropped_image": "germinated_seed_62_35pct_1742363149.jpg", "processed_image": null, "mask_image": null, "color_analysis": null}, {"class": "not_germinated", "confidence": 34.63, "bbox": {"x1": 4609, "y1": 1301, "x2": 4974, "y2": 1640, "width": 365, "height": 339}, "cropped_image": "not_germinated_63_34pct_1742363149.jpg", "processed_image": null, "mask_image": null, "color_analysis": null}, {"class": "not_germinated", "confidence": 33.51, "bbox": {"x1": 5134, "y1": 1375, "x2": 5487, "y2": 1697, "width": 353, "height": 322}, "cropped_image": "not_germinated_64_33pct_1742363149.jpg", "processed_image": null, "mask_image": null, "color_analysis": null}, {"class": "not_germinated", "confidence": 31.6, "bbox": {"x1": 5150, "y1": 1897, "x2": 5497, "y2": 2244, "width": 347, "height": 347}, "cropped_image": "not_germinated_65_31pct_1742363149.jpg", "processed_image": null, "mask_image": null, "color_analysis": null}]}
[19-Mar-2025 06:46:02 Europe/Berlin] Processing line: DETECTION_RESULTS_END
[19-Mar-2025 06:46:02 Europe/Berlin] Parsing JSON data: {"image_size": {"width": 5568, "height": 3712}, "detections": [{"class": "germinated_seed", "confidence": 85.98, "bbox": {"x1": 5153, "y1": 222, "x2": 5498, "y2": 558, "width": 345, "height": 336}, "cropped_image": "germinated_seed_1_85pct_1742363149.jpg", "processed_image": null, "mask_image": null, "color_analysis": null}, {"class": "germinated_seed", "confidence": 85.14, "bbox": {"x1": 4064, "y1": 1335, "x2": 4407, "y2": 1654, "width": 343, "height": 319}, "cropped_image": "germinated_seed_2_85pct_1742363149.jpg", "processed_image": null, "mask_image": null, "color_analysis": null}, {"class": "germinated_seed", "confidence": 84.27, "bbox": {"x1": 3504, "y1": 1345, "x2": 3863, "y2": 1697, "width": 359, "height": 352}, "cropped_image": "germinated_seed_3_84pct_1742363149.jpg", "processed_image": null, "mask_image": null, "color_analysis": null}, {"class": "not_germinated", "confidence": 83.33, "bbox": {"x1": 2400, "y1": 1342, "x2": 2768, "y2": 1699, "width": 368, "height": 357}, "cropped_image": "not_germinated_4_83pct_1742363149.jpg", "processed_image": null, "mask_image": null, "color_analysis": null}, {"class": "not_germinated", "confidence": 82.67, "bbox": {"x1": 4598, "y1": 2411, "x2": 5014, "y2": 2805, "width": 416, "height": 394}, "cropped_image": "not_germinated_5_82pct_1742363149.jpg", "processed_image": null, "mask_image": null, "color_analysis": null}, {"class": "not_germinated", "confidence": 82.4, "bbox": {"x1": 2938, "y1": 839, "x2": 3296, "y2": 1165, "width": 358, "height": 326}, "cropped_image": "not_germinated_6_82pct_1742363149.jpg", "processed_image": null, "mask_image": null, "color_analysis": null}, {"class": "not_germinated", "confidence": 82.26, "bbox": {"x1": 2368, "y1": 753, "x2": 2772, "y2": 1189, "width": 404, "height": 436}, "cropped_image": "not_germinated_7_82pct_1742363149.jpg", "processed_image": null, "mask_image": null, "color_analysis": null}, {"class": "not_germinated", "confidence": 81.91, "bbox": {"x1": 3480, "y1": 1885, "x2": 3844, "y2": 2215, "width": 364, "height": 330}, "cropped_image": "not_germinated_8_81pct_1742363149.jpg", "processed_image": null, "mask_image": null, "color_analysis": null}, {"class": "not_germinated", "confidence": 81.69, "bbox": {"x1": 1281, "y1": 198, "x2": 1635, "y2": 575, "width": 354, "height": 377}, "cropped_image": "not_germinated_9_81pct_1742363149.jpg", "processed_image": null, "mask_image": null, "color_analysis": null}, {"class": "not_germinated", "confidence": 80.92, "bbox": {"x1": 2938, "y1": 274, "x2": 3305, "y2": 612, "width": 367, "height": 338}, "cropped_image": "not_germinated_10_80pct_1742363149.jpg", "processed_image": null, "mask_image": null, "color_analysis": null}, {"class": "not_germinated", "confidence": 80.87, "bbox": {"x1": 107, "y1": 187, "x2": 508, "y2": 631, "width": 401, "height": 444}, "cropped_image": "not_germinated_11_80pct_1742363149.jpg", "processed_image": null, "mask_image": null, "color_analysis": null}, {"class": "not_germinated", "confidence": 80.35, "bbox": {"x1": 1854, "y1": 1354, "x2": 2196, "y2": 1724, "width": 342, "height": 370}, "cropped_image": "not_germinated_12_80pct_1742363149.jpg", "processed_image": null, "mask_image": null, "color_analysis": null}, {"class": "not_germinated", "confidence": 79.56, "bbox": {"x1": 3548, "y1": 729, "x2": 3933, "y2": 1088, "width": 385, "height": 359}, "cropped_image": "not_germinated_13_79pct_1742363149.jpg", "processed_image": null, "mask_image": null, "color_analysis": null}, {"class": "not_germinated", "confidence": 79.21, "bbox": {"x1": 1230, "y1": 1360, "x2": 1594, "y2": 1699, "width": 364, "height": 339}, "cropped_image": "not_germinated_14_79pct_1742363149.jpg", "processed_image": null, "mask_image": null, "color_analysis": null}, {"class": "not_germinated", "confidence": 79.12, "bbox": {"x1": 4634, "y1": 252, "x2": 5037, "y2": 591, "width": 403, "height": 339}, "cropped_image": "not_germinated_15_79pct_1742363149.jpg", "processed_image": null, "mask_image": null, "color_analysis": null}, {"class": "not_germinated", "confidence": 76.37, "bbox": {"x1": 1860, "y1": 2430, "x2": 2219, "y2": 2798, "width": 359, "height": 368}, "cropped_image": "not_germinated_16_76pct_1742363149.jpg", "processed_image": null, "mask_image": null, "color_analysis": null}, {"class": "not_germinated", "confidence": 75.47, "bbox": {"x1": 2403, "y1": 230, "x2": 2761, "y2": 588, "width": 358, "height": 358}, "cropped_image": "not_germinated_17_75pct_1742363149.jpg", "processed_image": null, "mask_image": null, "color_analysis": null}, {"class": "not_germinated", "confidence": 74.73, "bbox": {"x1": 2442, "y1": 3047, "x2": 2773, "y2": 3385, "width": 331, "height": 338}, "cropped_image": "not_germinated_18_74pct_1742363149.jpg", "processed_image": null, "mask_image": null, "color_analysis": null}, {"class": "not_germinated", "confidence": 74.67, "bbox": {"x1": 718, "y1": 1338, "x2": 1055, "y2": 1695, "width": 337, "height": 357}, "cropped_image": "not_germinated_19_74pct_1742363149.jpg", "processed_image": null, "mask_image": null, "color_analysis": null}, {"class": "not_germinated", "confidence": 74.12, "bbox": {"x1": 4628, "y1": 739, "x2": 5033, "y2": 1120, "width": 405, "height": 381}, "cropped_image": "not_germinated_20_74pct_1742363149.jpg", "processed_image": null, "mask_image": null, "color_analysis": null}, {"class": "not_germinated", "confidence": 73.86, "bbox": {"x1": 1253, "y1": 2449, "x2": 1631, "y2": 2777, "width": 378, "height": 328}, "cropped_image": "not_germinated_21_73pct_1742363149.jpg", "processed_image": null, "mask_image": null, "color_analysis": null}, {"class": "not_germinated", "confidence": 73.85, "bbox": {"x1": 739, "y1": 3053, "x2": 1101, "y2": 3425, "width": 362, "height": 372}, "cropped_image": "not_germinated_22_73pct_1742363149.jpg", "processed_image": null, "mask_image": null, "color_analysis": null}, {"class": "germinated_seed", "confidence": 73.41, "bbox": {"x1": 2958, "y1": 3067, "x2": 3319, "y2": 3439, "width": 361, "height": 372}, "cropped_image": "germinated_seed_23_73pct_1742363149.jpg", "processed_image": null, "mask_image": null, "color_analysis": null}, {"class": "not_germinated", "confidence": 73.37, "bbox": {"x1": 1796, "y1": 159, "x2": 2167, "y2": 558, "width": 371, "height": 399}, "cropped_image": "not_germinated_24_73pct_1742363149.jpg", "processed_image": null, "mask_image": null, "color_analysis": null}, {"class": "germinated_seed", "confidence": 73.07, "bbox": {"x1": 2927, "y1": 1928, "x2": 3271, "y2": 2272, "width": 344, "height": 344}, "cropped_image": "germinated_seed_25_73pct_1742363149.jpg", "processed_image": null, "mask_image": null, "color_analysis": null}, {"class": "not_germinated", "confidence": 71.89, "bbox": {"x1": 1853, "y1": 3002, "x2": 2197, "y2": 3354, "width": 344, "height": 352}, "cropped_image": "not_germinated_26_71pct_1742363149.jpg", "processed_image": null, "mask_image": null, "color_analysis": null}, {"class": "not_germinated", "confidence": 71.85, "bbox": {"x1": 4089, "y1": 3008, "x2": 4501, "y2": 3364, "width": 412, "height": 356}, "cropped_image": "not_germinated_27_71pct_1742363149.jpg", "processed_image": null, "mask_image": null, "color_analysis": null}, {"class": "not_germinated", "confidence": 71.54, "bbox": {"x1": 3531, "y1": 2421, "x2": 3867, "y2": 2767, "width": 336, "height": 346}, "cropped_image": "not_germinated_28_71pct_1742363149.jpg", "processed_image": null, "mask_image": null, "color_analysis": null}, {"class": "not_germinated", "confidence": 70.33, "bbox": {"x1": 2383, "y1": 2520, "x2": 2713, "y2": 2884, "width": 330, "height": 364}, "cropped_image": "not_germinated_29_70pct_1742363149.jpg", "processed_image": null, "mask_image": null, "color_analysis": null}, {"class": "germinated_seed", "confidence": 68.83, "bbox": {"x1": 3536, "y1": 199, "x2": 3911, "y2": 569, "width": 375, "height": 370}, "cropped_image": "germinated_seed_30_68pct_1742363149.jpg", "processed_image": null, "mask_image": null, "color_analysis": null}, {"class": "not_germinated", "confidence": 68.59, "bbox": {"x1": 4086, "y1": 148, "x2": 4441, "y2": 545, "width": 355, "height": 397}, "cropped_image": "not_germinated_31_68pct_1742363149.jpg", "processed_image": null, "mask_image": null, "color_analysis": null}, {"class": "germinated_seed", "confidence": 68.04, "bbox": {"x1": 84, "y1": 770, "x2": 457, "y2": 1179, "width": 373, "height": 409}, "cropped_image": "germinated_seed_32_68pct_1742363149.jpg", "processed_image": null, "mask_image": null, "color_analysis": null}, {"class": "not_germinated", "confidence": 67.95, "bbox": {"x1": 1240, "y1": 843, "x2": 1614, "y2": 1186, "width": 374, "height": 343}, "cropped_image": "not_germinated_33_67pct_1742363149.jpg", "processed_image": null, "mask_image": null, "color_analysis": null}, {"class": "not_germinated", "confidence": 67.07, "bbox": {"x1": 3536, "y1": 3041, "x2": 3948, "y2": 3424, "width": 412, "height": 383}, "cropped_image": "not_germinated_34_67pct_1742363149.jpg", "processed_image": null, "mask_image": null, "color_analysis": null}, {"class": "not_germinated", "confidence": 66.46, "bbox": {"x1": 135, "y1": 1919, "x2": 561, "y2": 2294, "width": 426, "height": 375}, "cropped_image": "not_germinated_35_66pct_1742363149.jpg", "processed_image": null, "mask_image": null, "color_analysis": null}, {"class": "not_germinated", "confidence": 66.11, "bbox": {"x1": 5134, "y1": 2504, "x2": 5501, "y2": 2837, "width": 367, "height": 333}, "cropped_image": "not_germinated_36_66pct_1742363149.jpg", "processed_image": null, "mask_image": null, "color_analysis": null}, {"class": "not_germinated", "confidence": 66.03, "bbox": {"x1": 161, "y1": 2474, "x2": 558, "y2": 2847, "width": 397, "height": 373}, "cropped_image": "not_germinated_37_66pct_1742363149.jpg", "processed_image": null, "mask_image": null, "color_analysis": null}, {"class": "germinated_seed", "confidence": 65.64, "bbox": {"x1": 2923, "y1": 2503, "x2": 3289, "y2": 2843, "width": 366, "height": 340}, "cropped_image": "germinated_seed_38_65pct_1742363149.jpg", "processed_image": null, "mask_image": null, "color_analysis": null}, {"class": "not_germinated", "confidence": 64.8, "bbox": {"x1": 681, "y1": 760, "x2": 1037, "y2": 1125, "width": 356, "height": 365}, "cropped_image": "not_germinated_39_64pct_1742363149.jpg", "processed_image": null, "mask_image": null, "color_analysis": null}, {"class": "not_germinated", "confidence": 64.11, "bbox": {"x1": 1222, "y1": 3084, "x2": 1613, "y2": 3456, "width": 391, "height": 372}, "cropped_image": "not_germinated_40_64pct_1742363149.jpg", "processed_image": null, "mask_image": null, "color_analysis": null}, {"class": "not_germinated", "confidence": 62.62, "bbox": {"x1": 1231, "y1": 1936, "x2": 1634, "y2": 2267, "width": 403, "height": 331}, "cropped_image": "not_germinated_41_62pct_1742363149.jpg", "processed_image": null, "mask_image": null, "color_analysis": null}, {"class": "not_germinated", "confidence": 62.31, "bbox": {"x1": 4619, "y1": 1907, "x2": 4992, "y2": 2223, "width": 373, "height": 316}, "cropped_image": "not_germinated_42_62pct_1742363149.jpg", "processed_image": null, "mask_image": null, "color_analysis": null}, {"class": "not_germinated", "confidence": 60.86, "bbox": {"x1": 5147, "y1": 813, "x2": 5510, "y2": 1143, "width": 363, "height": 330}, "cropped_image": "not_germinated_43_60pct_1742363149.jpg", "processed_image": null, "mask_image": null, "color_analysis": null}, {"class": "not_germinated", "confidence": 60.52, "bbox": {"x1": 1881, "y1": 1925, "x2": 2207, "y2": 2287, "width": 326, "height": 362}, "cropped_image": "not_germinated_44_60pct_1742363149.jpg", "processed_image": null, "mask_image": null, "color_analysis": null}, {"class": "not_germinated", "confidence": 60.08, "bbox": {"x1": 4041, "y1": 2493, "x2": 4364, "y2": 2818, "width": 323, "height": 325}, "cropped_image": "not_germinated_45_60pct_1742363149.jpg", "processed_image": null, "mask_image": null, "color_analysis": null}, {"class": "not_germinated", "confidence": 57.9, "bbox": {"x1": 102, "y1": 1327, "x2": 500, "y2": 1680, "width": 398, "height": 353}, "cropped_image": "not_germinated_46_57pct_1742363149.jpg", "processed_image": null, "mask_image": null, "color_analysis": null}, {"class": "not_germinated", "confidence": 57.71, "bbox": {"x1": 695, "y1": 2462, "x2": 1033, "y2": 2778, "width": 338, "height": 316}, "cropped_image": "not_germinated_47_57pct_1742363149.jpg", "processed_image": null, "mask_image": null, "color_analysis": null}, {"class": "not_germinated", "confidence": 57.29, "bbox": {"x1": 1793, "y1": 739, "x2": 2147, "y2": 1109, "width": 354, "height": 370}, "cropped_image": "not_germinated_48_57pct_1742363149.jpg", "processed_image": null, "mask_image": null, "color_analysis": null}, {"class": "not_germinated", "confidence": 56.16, "bbox": {"x1": 710, "y1": 244, "x2": 1082, "y2": 636, "width": 372, "height": 392}, "cropped_image": "not_germinated_49_56pct_1742363149.jpg", "processed_image": null, "mask_image": null, "color_analysis": null}, {"class": "not_germinated", "confidence": 55.37, "bbox": {"x1": 4064, "y1": 723, "x2": 4394, "y2": 1060, "width": 330, "height": 337}, "cropped_image": "not_germinated_50_55pct_1742363149.jpg", "processed_image": null, "mask_image": null, "color_analysis": null}, {"class": "not_germinated", "confidence": 54.4, "bbox": {"x1": 2357, "y1": 1894, "x2": 2762, "y2": 2259, "width": 405, "height": 365}, "cropped_image": "not_germinated_51_54pct_1742363149.jpg", "processed_image": null, "mask_image": null, "color_analysis": null}, {"class": "germinated_seed", "confidence": 53.33, "bbox": {"x1": 716, "y1": 250, "x2": 1076, "y2": 635, "width": 360, "height": 385}, "cropped_image": "germinated_seed_52_53pct_1742363149.jpg", "processed_image": null, "mask_image": null, "color_analysis": null}, {"class": "germinated_seed", "confidence": 52.94, "bbox": {"x1": 689, "y1": 1925, "x2": 1065, "y2": 2283, "width": 376, "height": 358}, "cropped_image": "germinated_seed_53_52pct_1742363149.jpg", "processed_image": null, "mask_image": null, "color_analysis": null}, {"class": "not_germinated", "confidence": 51.64, "bbox": {"x1": 4062, "y1": 1946, "x2": 4398, "y2": 2299, "width": 336, "height": 353}, "cropped_image": "not_germinated_54_51pct_1742363149.jpg", "processed_image": null, "mask_image": null, "color_analysis": null}, {"class": "not_germinated", "confidence": 51.14, "bbox": {"x1": 5197, "y1": 3067, "x2": 5568, "y2": 3444, "width": 371, "height": 377}, "cropped_image": "not_germinated_55_51pct_1742363149.jpg", "processed_image": null, "mask_image": null, "color_analysis": null}, {"class": "not_germinated", "confidence": 51.09, "bbox": {"x1": 4648, "y1": 3073, "x2": 5048, "y2": 3461, "width": 400, "height": 388}, "cropped_image": "not_germinated_56_51pct_1742363149.jpg", "processed_image": null, "mask_image": null, "color_analysis": null}, {"class": "germinated_seed", "confidence": 50.65, "bbox": {"x1": 2906, "y1": 1348, "x2": 3293, "y2": 1691, "width": 387, "height": 343}, "cropped_image": "germinated_seed_57_50pct_1742363149.jpg", "processed_image": null, "mask_image": null, "color_analysis": null}, {"class": "germinated_seed", "confidence": 47.52, "bbox": {"x1": 4064, "y1": 1946, "x2": 4398, "y2": 2299, "width": 334, "height": 353}, "cropped_image": "germinated_seed_58_47pct_1742363149.jpg", "processed_image": null, "mask_image": null, "color_analysis": null}, {"class": "not_germinated", "confidence": 47.04, "bbox": {"x1": 113, "y1": 3034, "x2": 516, "y2": 3368, "width": 403, "height": 334}, "cropped_image": "not_germinated_59_47pct_1742363149.jpg", "processed_image": null, "mask_image": null, "color_analysis": null}, {"class": "not_germinated", "confidence": 44.98, "bbox": {"x1": 2906, "y1": 1351, "x2": 3290, "y2": 1696, "width": 384, "height": 345}, "cropped_image": "not_germinated_60_44pct_1742363149.jpg", "processed_image": null, "mask_image": null, "color_analysis": null}, {"class": "germinated_seed", "confidence": 42.41, "bbox": {"x1": 4608, "y1": 1302, "x2": 4971, "y2": 1641, "width": 363, "height": 339}, "cropped_image": "germinated_seed_61_42pct_1742363149.jpg", "processed_image": null, "mask_image": null, "color_analysis": null}, {"class": "germinated_seed", "confidence": 35.2, "bbox": {"x1": 5159, "y1": 1899, "x2": 5485, "y2": 2239, "width": 326, "height": 340}, "cropped_image": "germinated_seed_62_35pct_1742363149.jpg", "processed_image": null, "mask_image": null, "color_analysis": null}, {"class": "not_germinated", "confidence": 34.63, "bbox": {"x1": 4609, "y1": 1301, "x2": 4974, "y2": 1640, "width": 365, "height": 339}, "cropped_image": "not_germinated_63_34pct_1742363149.jpg", "processed_image": null, "mask_image": null, "color_analysis": null}, {"class": "not_germinated", "confidence": 33.51, "bbox": {"x1": 5134, "y1": 1375, "x2": 5487, "y2": 1697, "width": 353, "height": 322}, "cropped_image": "not_germinated_64_33pct_1742363149.jpg", "processed_image": null, "mask_image": null, "color_analysis": null}, {"class": "not_germinated", "confidence": 31.6, "bbox": {"x1": 5150, "y1": 1897, "x2": 5497, "y2": 2244, "width": 347, "height": 347}, "cropped_image": "not_germinated_65_31pct_1742363149.jpg", "processed_image": null, "mask_image": null, "color_analysis": null}]}
[19-Mar-2025 06:46:02 Europe/Berlin] Successfully parsed detection data
